0,43,804,810
0,43,44,804
0,797,800,801
0,32,31,786
0,32,786,787
0,800,794,801
0,21,30,0
0,44,45,804
0,778,797,801
0,782,800,807
0,804,45,811
0,800,785,807
0,786,31,803
0,779,43,810
0,784,33,787
0,33,32,787
0,793,779,810
0,779,793,809
0,787,786,802
0,789,793,796
0,788,780,789
0,788,789,796
0,784,795,798
0,38,37,783
0,783,788,796
0,789,791,793
0,28,29,785
0,36,780,788
0,793,791,794
0,778,27,797
0,783,37,788
0,28,785,797
0,790,780,798
0,795,790,798
0,789,780,790
0,789,790,791
0,37,36,788
0,27,28,797
0,34,784,798
0,780,35,798
0,26,778,799
0,26,27,778
0,34,33,784
0,22,23,786
0,36,35,780
0,24,25,781
0,25,26,799
0,781,25,799
0,35,34,798
0,791,790,792
0,797,785,800
0,792,790,795
0,42,43,779
0,40,41,782
0,791,792,801
0,24,781,802
0,786,23,802
0,794,791,801
0,23,24,802
0,784,787,805
0,21,22,803
0,31,30,803
0,802,781,805
0,22,786,803
0,787,802,805
0,795,784,805
0,2,38,811
0,45,2,811
0,783,796,804
0,796,793,810
0,30,21,803
0,41,42,806
0,42,779,806
0,782,41,806
0,40,782,807
0,783,804,811
0,795,805,808
0,792,795,808
0,29,1,813
0,39,40,807
0,1,39,813
0,805,781,808
0,792,808,814
0,781,799,808
0,793,794,809
0,785,29,813
0,808,799,814
0,800,782,812
0,38,783,811
0,801,792,814
0,794,800,812
0,799,778,814
0,778,801,814
0,806,779,809
0,782,806,812
0,804,796,810
0,807,785,813
0,806,809,812
0,39,807,813
0,809,794,812
1,9,1,3
1,116,42,117
1,114,44,115
1,118,41,119
1,40,120,119
1,39,9,121
1,115,43,116
1,6,2,815
1,45,113,815
1,2,45,815
1,113,6,815
1,9,39,1
1,40,39,121
1,41,40,119
1,120,40,121
1,42,41,118
1,43,42,116
1,42,118,117
1,44,43,115
1,45,44,114
1,113,45,114
1,159,158,837
1,853,820,861
1,834,822,863
1,832,853,861
1,832,822,853
1,822,834,868
1,822,832,863
1,157,156,839
1,836,825,871
1,81,82,845
1,837,158,845
1,825,836,875
1,834,825,868
1,159,837,847
1,825,834,871
1,155,154,841
1,157,839,845
1,79,80,848
1,839,156,848
1,838,827,877
1,82,837,845
1,827,838,881
1,836,827,875
1,839,81,845
1,827,836,877
1,841,154,849
1,155,841,848
1,80,839,848
1,840,829,885
1,77,78,849
1,153,152,844
1,829,840,888
1,841,79,848
1,838,829,881
1,829,838,885
1,844,152,846
1,78,841,849
1,153,844,849
1,842,831,893
1,844,77,849
1,158,157,845
1,831,842,896
1,75,76,846
1,156,155,848
1,840,831,888
1,76,844,846
1,75,846,850
1,74,75,850
1,154,153,849
1,843,833,900
1,831,840,893
1,152,151,846
1,821,183,852
1,102,818,856
1,106,816,854
1,104,817,857
1,100,819,855
1,828,177,860
1,826,179,859
1,830,175,861
1,824,181,858
1,183,182,852
1,833,843,904
1,101,102,856
1,105,106,854
1,103,104,857
1,99,100,855
1,177,176,860
1,175,174,861
1,179,178,859
1,181,180,858
1,822,97,853
1,150,149,851
1,846,151,850
1,851,149,862
1,74,850,851
1,151,150,850
1,184,183,821
1,92,93,827
1,94,95,825
1,76,77,844
1,90,91,829
1,82,83,837
1,96,97,822
1,86,87,833
1,106,107,816
1,100,101,819
1,78,79,841
1,88,89,831
1,80,81,839
1,84,85,835
1,98,99,820
1,102,103,818
1,104,105,817
1,182,181,824
1,178,177,828
1,180,179,826
1,174,173,832
1,164,163,842
1,162,161,843
1,176,175,830
1,160,159,847
1,168,167,838
1,166,165,840
1,172,171,834
1,170,169,836
1,182,824,852
1,820,99,855
1,819,101,856
1,817,105,854
1,818,103,857
1,180,826,858
1,178,828,859
1,176,830,860
1,174,832,861
1,847,835,911
1,850,150,851
1,842,833,896
1,73,74,851
1,149,148,862
1,107,108,867
1,73,851,862
1,97,98,853
1,862,148,864
1,172,834,863
1,835,847,916
1,833,842,900
1,832,173,863
1,98,820,853
1,148,147,864
1,72,73,862
1,825,95,868
1,96,822,868
1,864,147,865
1,72,862,864
1,173,172,863
1,843,835,904
1,170,836,871
1,147,146,865
1,71,72,864
1,834,171,871
1,827,93,875
1,865,146,869
1,835,843,911
1,71,864,865
1,94,825,875
1,146,145,869
1,168,838,877
1,847,837,916
1,70,71,865
1,829,91,881
1,95,96,868
1,869,145,870
1,836,169,877
1,70,865,869
1,816,107,867
1,166,840,885
1,145,144,870
1,92,827,881
1,831,89,888
1,69,70,869
1,164,842,893
1,870,144,872
1,838,167,885
1,837,83,916
1,833,87,896
1,160,847,911
1,162,843,900
1,413,414,866
1,835,85,904
1,69,869,870
1,867,108,910
1,90,829,888
1,144,143,872
1,412,413,823
1,840,165,893
1,68,69,870
1,171,170,871
1,88,831,896
1,872,143,874
1,842,163,900
1,84,835,916
1,86,833,904
1,843,161,911
1,68,870,872
1,821,852,873
1,10,184,907
1,143,142,874
1,108,4,910
1,823,867,910
1,67,68,872
1,874,142,876
1,67,872,874
1,142,141,876
1,93,94,875
1,879,824,883
1,66,67,874
1,876,141,878
1,66,874,876
1,141,140,878
1,852,824,879
1,65,66,876
1,878,140,880
1,140,139,880
1,65,876,878
1,169,168,877
1,854,879,883
1,880,139,882
1,64,65,878
1,873,852,879
1,854,816,879
1,139,138,882
1,64,878,880
1,816,873,879
1,824,858,883
1,823,413,866
1,184,821,907
1,882,138,884
1,63,64,880
1,816,867,873
1,138,137,884
1,91,92,881
1,63,880,882
1,889,826,891
1,414,10,907
1,884,137,886
1,4,412,910
1,62,63,882
1,137,136,886
1,62,882,884
1,886,136,887
1,61,62,884
1,817,854,883
1,136,135,887
1,167,166,885
1,858,826,889
1,61,884,886
1,887,135,890
1,857,889,891
1,60,61,886
1,135,134,890
1,857,817,889
1,60,886,887
1,826,859,891
1,890,134,892
1,883,858,889
1,59,60,887
1,134,133,892
1,89,90,888
1,898,828,901
1,59,887,890
1,892,133,894
1,817,883,889
1,821,866,907
1,58,59,890
1,133,132,894
1,58,890,892
1,894,132,895
1,132,131,895
1,861,820,913
1,57,58,892
1,165,164,893
1,856,898,901
1,57,892,894
1,895,131,897
1,131,130,897
1,56,57,894
1,856,818,898
1,818,857,891
1,828,860,901
1,859,828,898
1,897,130,899
1,56,894,895
1,909,830,913
1,867,823,905
1,130,129,899
1,55,56,895
1,87,88,896
1,899,129,902
1,55,895,897
1,855,909,913
1,129,128,902
1,54,55,897
1,902,128,903
1,891,859,898
1,54,897,899
1,128,127,903
1,830,861,913
1,855,819,909
1,53,54,899
1,903,127,906
1,163,162,900
1,9,3,917
1,53,899,902
1,127,126,906
1,818,891,898
1,52,53,902
1,906,126,908
1,126,125,908
1,52,902,903
1,51,52,903
1,908,125,912
1,125,124,912
1,85,86,904
1,51,903,906
1,912,124,914
1,50,51,906
1,124,123,914
1,50,906,908
1,914,123,915
1,49,50,908
1,860,830,909
1,123,122,915
1,819,856,901
1,49,908,912
1,161,160,911
1,915,122,917
1,122,9,917
1,48,49,912
1,48,912,914
1,47,48,914
1,47,914,915
1,3,46,917
1,83,84,916
1,46,915,917
1,46,47,915
1,901,860,909
1,819,901,909
1,820,855,913
1,866,821,905
1,873,867,905
1,821,873,905
1,866,414,907
1,412,823,910
1,823,866,905
1,1076,952,1143
1,1007,970,1016
1,953,1073,1144
1,1077,1076,1143
1,954,1069,1146
1,1065,955,1147
1,918,1008,1145
1,970,1007,1010
1,1073,1074,1144
1,1069,1070,1146
1,1066,1065,1147
1,1077,376,1177
1,1083,388,1184
1,393,1060,1178
1,338,1056,1180
1,381,1046,1188
1,1066,364,1174
1,1038,400,1197
1,1043,345,1195
1,326,1088,1193
1,1051,333,1181
1,405,1070,1175
1,369,1094,1198
1,350,1074,1176
1,375,1077,1143
1,1074,351,1144
1,1070,406,1146
1,363,1066,1147
1,951,1059,1061
1,950,1055,1057
1,1082,948,1084
1,947,1045,1047
1,1008,918,1151
1,1050,949,1052
1,363,364,1066
1,946,1087,1089
1,375,376,1077
1,405,406,1070
1,393,394,1060
1,350,351,1074
1,338,339,1056
1,1042,945,1044
1,1096,942,1098
1,387,388,1083
1,381,382,1046
1,1037,944,1039
1,1097,357,1199
1,332,333,1051
1,943,1093,1095
1,326,327,1088
1,356,357,1097
1,344,345,1043
1,399,400,1038
1,369,370,1094
1,1071,954,1146
1,1072,953,1144
1,955,1068,1147
1,1145,1008,1150
1,1007,920,1010
1,952,1075,1143
1,920,1007,1011
1,324,1009,1150
1,1059,1060,1061
1,1055,1056,1057
1,1083,1082,1084
1,342,982,1171
1,1045,1046,1047
1,397,981,1170
1,979,355,1194
1,400,1004,1197
1,1051,1050,1052
1,1005,369,1198
1,1008,324,1150
1,345,1003,1195
1,980,372,1169
1,981,398,1191
1,371,980,1183
1,982,343,1190
1,1002,326,1193
1,985,386,1192
1,1087,1088,1089
1,383,984,1187
1,328,983,1182
1,354,979,1168
1,986,331,1189
1,1043,1042,1044
1,1097,1096,1098
1,340,987,1186
1,388,1000,1184
1,395,988,1185
1,1038,1037,1039
1,1001,381,1188
1,919,1009,1012
1,333,999,1181
1,1093,1094,1095
1,978,360,1166
1,1016,970,1115
1,998,338,1180
1,376,996,1177
1,997,393,1178
1,366,977,1165
1,991,1071,1146
1,976,403,1164
1,990,1072,1144
1,975,348,1163
1,1068,992,1147
1,995,350,1176
1,364,993,1174
1,1033,342,1171
1,994,405,1175
1,1032,397,1170
1,378,974,1162
1,372,1031,1169
1,357,358,1006
1,368,369,1005
1,400,401,1004
1,345,346,1003
1,325,326,1002
1,380,381,1001
1,388,389,1000
1,333,334,999
1,337,338,998
1,392,393,997
1,376,377,996
1,349,350,995
1,404,405,994
1,364,365,993
1,361,362,992
1,407,408,991
1,352,353,990
1,373,374,989
1,395,396,988
1,340,341,987
1,330,331,986
1,385,386,985
1,383,384,984
1,328,329,983
1,342,343,982
1,397,398,981
1,371,372,980
1,354,355,979
1,359,360,978
1,366,367,977
1,402,403,976
1,347,348,975
1,378,379,974
1,390,391,973
1,335,336,972
1,1075,989,1143
1,973,391,1161
1,1030,354,1168
1,1009,1002,1012
1,1029,409,1167
1,972,336,1160
1,1120,921,1122
1,360,1028,1166
1,922,1034,1119
1,1149,1008,1151
1,335,972,1159
1,1026,366,1165
1,1032,924,1129
1,390,973,1157
1,403,1025,1164
1,925,1031,1116
1,974,379,1158
1,348,1024,1163
1,355,1098,1194
1,1033,923,1117
1,386,1084,1192
1,1030,926,1128
1,1061,395,1185
1,1029,927,1127
1,1047,383,1187
1,1057,340,1186
1,1023,378,1162
1,398,1039,1191
1,343,1044,1190
1,331,1052,1189
1,1095,371,1183
1,391,1022,1161
1,1089,328,1182
1,336,1021,1160
1,347,975,1156
1,928,1028,1138
1,930,1025,1112
1,1020,335,1159
1,931,1024,1111
1,1019,390,1157
1,402,976,1154
1,977,367,1155
1,379,1018,1158
1,1026,929,1114
1,109,110,971
1,410,1007,1016
1,934,1021,1109
1,1017,347,1156
1,1020,935,1126
1,1023,932,1110
1,1015,402,1154
1,1019,936,1125
1,367,1014,1155
1,933,1022,1137
1,357,1006,1199
1,359,978,1153
1,985,1120,1122
1,1034,986,1119
1,1014,1005,1103
1,1004,1015,1123
1,988,1032,1129
1,1031,989,1116
1,1003,1017,1124
1,1013,359,1153
1,1017,938,1124
1,990,1030,1128
1,991,1029,1127
1,1000,1019,1125
1,999,1020,1126
1,1021,998,1109
1,1025,994,1112
1,1024,995,1111
1,1015,939,1123
1,937,1018,1136
1,940,1014,1103
1,409,1016,1167
1,1006,1013,1100
1,987,1033,1117
1,1018,1001,1136
1,1028,992,1138
1,1022,997,1137
1,993,1026,1114
1,996,1023,1110
1,1013,941,1100
1,329,1034,1172
1,384,1122,1173
1,983,329,1172
1,984,384,1173
1,325,1002,1009
1,410,411,1007
1,324,325,1009
1,112,111,1152
1,1060,394,1061
1,1056,339,1057
1,356,1097,1098
1,387,1083,1084
1,1046,382,1047
1,110,5,1149
1,332,1051,1052
1,1094,370,1095
1,399,1038,1039
1,344,1043,1044
1,1088,327,1089
1,358,359,1013
1,367,368,1014
1,401,402,1015
1,346,347,1017
1,379,380,1018
1,389,390,1019
1,334,335,1020
1,336,337,1021
1,391,392,1022
1,377,378,1023
1,348,349,1024
1,403,404,1025
1,365,366,1026
1,360,361,1028
1,408,409,1029
1,353,354,1030
1,372,373,1031
1,396,397,1032
1,341,342,1033
1,329,330,1034
1,384,385,1122
1,374,375,1143
1,351,352,1144
1,406,407,1146
1,362,363,1147
1,1006,358,1013
1,368,1005,1014
1,1004,401,1015
1,1003,346,1017
1,380,1001,1018
1,1000,389,1019
1,999,334,1020
1,337,998,1021
1,323,324,1008
1,392,997,1022
1,996,377,1023
1,349,995,1024
1,404,994,1025
1,993,365,1026
1,361,992,1028
1,991,408,1029
1,990,353,1030
1,373,989,1031
1,988,396,1032
1,987,341,1033
1,330,986,1034
1,385,985,1122
1,1007,411,1011
1,8,112,1200
1,989,374,1143
1,352,990,1144
1,407,991,1146
1,992,362,1147
1,322,10,919
1,323,1008,1149
1,1016,1115,1167
1,5,323,1149
1,411,8,1200
1,185,186,920
1,409,410,1016
1,355,356,1098
1,186,187,1010
1,370,371,1095
1,398,399,1039
1,343,344,1044
1,327,328,1089
1,382,383,1047
1,331,332,1052
1,386,387,1084
1,1012,1002,1027
1,185,920,1196
1,339,340,1057
1,394,395,1061
1,321,322,1012
1,1035,1006,1100
1,1040,1004,1123
1,971,1149,1151
1,252,253,1036
1,233,234,1048
1,301,302,1054
1,214,215,1058
1,282,283,1063
1,195,196,1064
1,263,264,1068
1,244,245,1075
1,312,313,1080
1,225,226,1081
1,293,294,1090
1,206,207,1091
1,274,275,1099
1,255,256,1102
1,236,237,1106
1,261,262,1065
1,193,194,1069
1,280,281,1073
1,310,311,1050
1,318,319,1087
1,291,292,1042
1,204,205,1037
1,250,251,1093
1,269,270,1100
1,234,235,1136
1,239,240,1110
1,215,216,1137
1,258,259,1114
1,264,265,1138
1,296,297,1117
1,228,229,1121
1,315,316,1118
1,294,295,1139
1,207,208,1140
1,275,276,1141
1,237,238,1142
1,1005,1036,1103
1,1041,1003,1124
1,920,1152,1196
1,320,321,1027
1,1009,919,1150
1,1049,1000,1125
1,187,188,970
1,271,272,969
1,251,252,968
1,203,204,967
1,290,291,966
1,319,320,965
1,232,233,964
1,222,223,963
1,309,310,962
1,300,301,961
1,213,214,960
1,241,242,959
1,281,282,958
1,194,195,957
1,260,261,956
1,262,263,955
1,192,193,954
1,279,280,953
1,243,244,952
1,211,212,951
1,298,299,950
1,311,312,949
1,224,225,948
1,230,231,947
1,317,318,946
1,292,293,945
1,205,206,944
1,249,250,943
1,273,274,942
1,268,269,941
1,254,255,940
1,200,201,939
1,287,288,938
1,235,236,937
1,219,220,936
1,306,307,935
1,303,304,934
1,216,217,933
1,238,239,932
1,284,285,931
1,197,198,930
1,257,258,929
1,265,266,928
1,189,190,927
1,276,277,926
1,246,247,925
1,208,209,924
1,295,296,923
1,314,315,922
1,227,228,921
1,270,271,1035
1,202,203,1040
1,289,290,1041
1,221,222,1049
1,308,309,1053
1,240,241,1062
1,259,260,1067
1,191,192,1071
1,278,279,1072
1,210,211,1078
1,297,298,1079
1,229,230,1085
1,316,317,1086
1,248,249,1092
1,267,268,1101
1,199,200,1104
1,286,287,1105
1,218,219,1107
1,305,306,1108
1,242,243,1076
1,212,213,1059
1,299,300,1055
1,223,224,1082
1,231,232,1045
1,188,189,1115
1,272,273,1096
1,253,254,1103
1,201,202,1123
1,288,289,1124
1,220,221,1125
1,307,308,1126
1,302,303,1109
1,283,284,1111
1,196,197,1112
1,190,191,1127
1,277,278,1128
1,245,246,1116
1,209,210,1129
1,313,314,1119
1,226,227,1120
1,247,248,1130
1,266,267,1131
1,198,199,1132
1,285,286,1133
1,256,257,1113
1,217,218,1134
1,304,305,1135
1,1053,999,1126
1,7,185,1196
1,1001,1048,1136
1,998,1054,1109
1,1062,996,1110
1,995,1063,1111
1,997,1058,1137
1,994,1064,1112
1,413,412,1148
1,1011,112,1152
1,1071,991,1127
1,109,971,1179
1,1072,990,1128
1,1067,993,1114
1,1078,988,1129
1,989,1075,1116
1,992,1068,1138
1,4,109,1179
1,412,4,1179
1,1079,987,1117
1,986,1080,1119
1,1092,980,1130
1,985,1081,1120
1,1085,984,1121
1,1101,978,1131
1,1086,983,1118
1,414,413,918
1,1104,976,1132
1,1105,975,1133
1,1107,973,1134
1,1108,972,1135
1,951,1061,1185
1,977,1102,1113
1,982,1090,1139
1,981,1091,1140
1,950,1057,1186
1,979,1099,1141
1,974,1106,1142
1,1084,948,1192
1,1052,949,1189
1,920,186,1010
1,947,1047,1187
1,920,1011,1152
1,946,1089,1182
1,1044,945,1190
1,1039,944,1191
1,10,414,1145
1,943,1095,1183
1,1098,942,1194
1,187,970,1010
1,321,1012,1027
1,1048,234,1136
1,1058,215,1137
1,1068,264,1138
1,1090,294,1139
1,1091,207,1140
1,1099,275,1141
1,1106,237,1142
1,965,320,1027
1,968,252,1036
1,964,233,1048
1,961,301,1054
1,960,214,1058
1,958,282,1063
1,957,195,1064
1,955,263,1068
1,952,244,1075
1,949,312,1080
1,948,225,1081
1,945,293,1090
1,944,206,1091
1,942,274,1099
1,940,255,1102
1,937,236,1106
1,251,968,1093
1,967,204,1037
1,966,291,1042
1,319,965,1087
1,962,310,1050
1,281,958,1073
1,194,957,1069
1,956,261,1065
1,262,955,1065
1,954,193,1069
1,953,280,1073
1,311,949,1050
1,946,318,1087
1,292,945,1042
1,205,944,1037
1,943,250,1093
1,941,269,1100
1,235,937,1136
1,216,933,1137
1,932,239,1110
1,929,258,1114
1,265,928,1138
1,238,932,1142
1,923,296,1117
1,276,926,1141
1,208,924,1140
1,922,315,1118
1,295,923,1139
1,921,228,1121
1,270,1035,1100
1,1036,253,1103
1,1054,302,1109
1,240,1062,1110
1,1063,283,1111
1,259,1067,1114
1,1064,196,1112
1,1075,245,1116
1,297,1079,1117
1,1080,313,1119
1,229,1085,1121
1,1081,226,1120
1,316,1086,1118
1,1102,256,1113
1,322,919,1012
1,271,969,1035
1,203,967,1040
1,290,966,1041
1,222,963,1049
1,309,962,1053
1,241,959,1062
1,260,956,1067
1,192,954,1071
1,279,953,1072
1,211,951,1078
1,298,950,1079
1,230,947,1085
1,317,946,1086
1,249,943,1092
1,268,941,1101
1,200,939,1104
1,287,938,1105
1,219,936,1107
1,306,935,1108
1,970,188,1115
1,969,272,1096
1,232,964,1045
1,963,223,1082
1,300,961,1055
1,213,960,1059
1,959,242,1076
1,243,952,1076
1,951,212,1059
1,950,299,1055
1,224,948,1082
1,947,231,1045
1,273,942,1096
1,189,927,1115
1,254,940,1103
1,939,201,1123
1,938,288,1124
1,936,220,1125
1,935,307,1126
1,303,934,1109
1,284,931,1111
1,197,930,1112
1,927,190,1127
1,926,277,1128
1,246,925,1116
1,934,304,1135
1,933,217,1134
1,924,209,1129
1,931,285,1133
1,930,198,1132
1,257,929,1113
1,928,266,1131
1,925,247,1130
1,314,922,1119
1,227,921,1120
1,202,1040,1123
1,289,1041,1124
1,221,1049,1125
1,308,1053,1126
1,191,1071,1127
1,278,1072,1128
1,210,1078,1129
1,248,1092,1130
1,267,1101,1131
1,199,1104,1132
1,286,1105,1133
1,218,1107,1134
1,305,1108,1135
1,919,10,1145
1,1122,921,1173
1,1034,922,1172
1,971,110,1149
1,941,1013,1153
1,1014,940,1155
1,939,1015,1154
1,938,1017,1156
1,918,413,1148
1,1018,937,1158
1,936,1019,1157
1,935,1020,1159
1,1021,934,1160
1,1022,933,1161
1,932,1023,1162
1,1024,931,1163
1,969,1096,1097
1,1045,964,1046
1,963,1082,1083
1,1055,961,1056
1,1059,960,1060
1,959,1076,1077
1,1011,411,1200
1,1093,968,1094
1,967,1037,1038
1,966,1042,1043
1,1087,965,1088
1,962,1050,1051
1,1073,958,1074
1,1069,957,1070
1,956,1065,1066
1,1025,930,1164
1,929,1026,1165
1,1028,928,1166
1,927,1029,1167
1,926,1030,1168
1,1031,925,1169
1,924,1032,1170
1,923,1033,1171
1,982,1139,1171
1,1130,980,1169
1,981,1140,1170
1,1152,111,1196
1,414,918,1145
1,979,1141,1168
1,1131,978,1166
1,112,1011,1200
1,977,1113,1165
1,1132,976,1164
1,1133,975,1163
1,919,1145,1150
1,1121,984,1173
1,1134,973,1161
1,974,1142,1162
1,1118,983,1172
1,1135,972,1160
1,921,1121,1173
1,922,1118,1172
1,972,1108,1159
1,111,7,1196
1,973,1107,1157
1,1106,974,1158
1,975,1105,1156
1,976,1104,1154
1,1102,977,1155
1,978,1101,1153
1,1099,979,1194
1,980,1092,1183
1,1091,981,1191
1,1101,941,1153
1,1090,982,1190
1,983,1086,1182
1,984,1085,1187
1,1104,939,1154
1,1105,938,1156
1,940,1102,1155
1,1081,985,1192
1,1035,969,1199
1,1080,986,1189
1,987,1079,1186
1,1148,412,1179
1,959,1077,1177
1,956,1066,1174
1,1107,936,1157
1,988,1078,1185
1,963,1083,1184
1,1060,960,1178
1,1070,957,1175
1,1108,935,1159
1,937,1106,1158
1,1056,961,1180
1,1006,1035,1199
1,1074,958,1176
1,962,1051,1181
1,1046,964,1188
1,1088,965,1193
1,966,1043,1195
1,967,1038,1197
1,934,1135,1160
1,933,1134,1161
1,1094,968,1198
1,918,1148,1151
1,1142,932,1162
1,931,1133,1163
1,930,1132,1164
1,1113,929,1165
1,993,1067,1174
1,971,1148,1179
1,928,1131,1166
1,1115,927,1167
1,1064,994,1175
1,1063,995,1176
1,1141,926,1168
1,925,1130,1169
1,996,1062,1177
1,1140,924,1170
1,1139,923,1171
1,1058,997,1178
1,999,1053,1181
1,1054,998,1180
1,969,1097,1199
1,1000,1049,1184
1,1148,971,1151
1,1027,1002,1193
1,1067,956,1174
1,957,1064,1175
1,1048,1001,1188
1,958,1063,1176
1,1003,1041,1195
1,1004,1040,1197
1,1062,959,1177
1,1086,946,1182
1,1092,943,1183
1,1078,951,1185
1,1079,950,1186
1,960,1058,1178
1,1085,947,1187
1,1036,1005,1198
1,949,1080,1189
1,945,1090,1190
1,944,1091,1191
1,961,1054,1180
1,948,1081,1192
1,942,1099,1194
1,1053,962,1181
1,1049,963,1184
1,964,1048,1188
1,965,1027,1193
1,1041,966,1195
1,1040,967,1197
1,968,1036,1198
0,11,323,5
0,503,14,8
0,411,503,8
0,415,323,11
0,324,323,415
0,325,324,416
0,416,324,415
0,326,325,417
0,325,416,417
0,327,326,418
0,326,417,418
0,328,327,419
0,419,327,418
0,329,328,420
0,420,328,419
0,330,329,421
0,329,420,421
0,331,330,422
0,422,330,421
0,332,331,423
0,423,331,422
0,333,332,424
0,332,423,424
0,334,333,425
0,333,424,425
0,335,334,426
0,334,425,426
0,336,335,427
0,335,426,427
0,337,336,428
0,336,427,428
0,338,337,429
0,337,428,429
0,339,338,430
0,338,429,430
0,340,339,431
0,339,430,431
0,341,340,432
0,340,431,432
0,342,341,433
0,341,432,433
0,343,342,434
0,342,433,434
0,343,435,344
0,343,434,435
0,344,436,345
0,435,436,344
0,345,437,346
0,436,437,345
0,346,438,347
0,437,438,346
0,347,439,348
0,438,439,347
0,348,440,349
0,439,440,348
0,349,441,350
0,440,441,349
0,350,442,351
0,441,442,350
0,351,443,352
0,442,443,351
0,352,444,353
0,443,444,352
0,353,445,354
0,444,445,353
0,354,446,355
0,445,446,354
0,355,447,356
0,446,447,355
0,448,357,356
0,447,448,356
0,358,357,449
0,449,357,448
0,359,358,450
0,450,358,449
0,360,359,451
0,451,359,450
0,361,360,452
0,452,360,451
0,362,361,453
0,453,361,452
0,363,362,454
0,454,362,453
0,364,363,455
0,455,363,454
0,365,364,456
0,456,364,455
0,366,365,457
0,457,365,456
0,367,366,458
0,458,366,457
0,368,367,459
0,459,367,458
0,369,368,460
0,460,368,459
0,370,369,461
0,461,369,460
0,371,370,462
0,462,370,461
0,372,371,463
0,463,371,462
0,373,372,464
0,464,372,463
0,374,373,465
0,465,373,464
0,375,374,466
0,466,374,465
0,376,375,467
0,467,375,466
0,377,376,468
0,468,376,467
0,378,377,469
0,469,377,468
0,379,378,470
0,470,378,469
0,380,379,471
0,379,470,471
0,381,380,472
0,380,471,472
0,382,381,473
0,381,472,473
0,383,382,474
0,382,473,474
0,384,383,475
0,383,474,475
0,385,384,476
0,384,475,476
0,386,385,477
0,385,476,477
0,387,386,478
0,386,477,478
0,388,387,479
0,387,478,479
0,389,388,480
0,388,479,480
0,390,389,481
0,389,480,481
0,391,390,482
0,390,481,482
0,392,391,483
0,391,482,483
0,393,392,484
0,392,483,484
0,394,393,485
0,393,484,485
0,395,394,486
0,394,485,486
0,396,395,487
0,395,486,487
0,397,396,488
0,396,487,488
0,398,397,489
0,397,488,489
0,399,398,490
0,398,489,490
0,400,399,491
0,399,490,491
0,401,400,492
0,400,491,492
0,402,401,493
0,401,492,493
0,403,402,494
0,402,493,494
0,404,403,495
0,403,494,495
0,405,404,496
0,404,495,496
0,406,405,497
0,405,496,497
0,407,406,498
0,406,497,498
0,408,407,499
0,407,498,499
0,409,408,500
0,408,499,500
0,410,409,501
0,409,500,501
0,411,410,502
0,410,501,502
0,411,502,503
0,415,11,12
0,504,415,12
0,14,503,15
0,15,503,592
0,415,504,416
0,417,416,505
0,416,504,505
0,418,417,506
0,506,417,505
0,419,418,507
0,507,418,506
0,508,420,419
0,508,419,507
0,421,420,509
0,420,508,509
0,422,421,510
0,510,421,509
0,423,422,511
0,511,422,510
0,424,423,512
0,512,423,511
0,425,424,513
0,513,424,512
0,426,425,514
0,425,513,514
0,427,426,515
0,426,514,515
0,428,427,516
0,427,515,516
0,429,428,517
0,428,516,517
0,430,429,518
0,429,517,518
0,431,430,519
0,519,430,518
0,432,431,520
0,431,519,520
0,432,521,433
0,432,520,521
0,433,522,434
0,521,522,433
0,434,524,435
0,522,523,434
0,523,524,434
0,435,524,436
0,436,525,437
0,524,525,436
0,437,526,438
0,525,526,437
0,438,527,439
0,526,527,438
0,439,528,440
0,527,528,439
0,440,529,441
0,528,529,440
0,441,530,442
0,529,530,441
0,442,531,443
0,530,531,442
0,443,532,444
0,531,532,443
0,444,533,445
0,532,533,444
0,445,534,446
0,533,534,445
0,446,535,447
0,534,535,446
0,447,536,448
0,535,536,447
0,537,449,448
0,536,537,448
0,450,449,538
0,538,449,537
0,451,450,539
0,539,450,538
0,452,451,541
0,540,451,539
0,541,451,540
0,453,452,542
0,452,541,542
0,454,453,543
0,453,542,543
0,455,454,544
0,544,454,543
0,456,455,545
0,545,455,544
0,457,456,546
0,456,545,546
0,458,457,547
0,547,457,546
0,459,458,548
0,548,458,547
0,460,459,549
0,549,459,548
0,461,460,550
0,550,460,549
0,462,461,551
0,551,461,550
0,463,462,552
0,552,462,551
0,464,463,553
0,553,463,552
0,465,464,553
0,466,465,555
0,554,465,553
0,555,465,554
0,467,466,556
0,556,466,555
0,468,467,557
0,557,467,556
0,469,468,558
0,558,468,557
0,470,469,559
0,559,469,558
0,471,470,559
0,472,471,560
0,471,559,560
0,473,472,561
0,472,560,561
0,474,473,562
0,473,561,562
0,475,474,564
0,474,562,563
0,474,563,564
0,476,475,565
0,475,564,565
0,477,476,566
0,476,565,566
0,478,477,567
0,477,566,567
0,479,478,568
0,478,567,568
0,480,479,569
0,479,568,569
0,481,480,570
0,480,569,570
0,482,481,571
0,481,570,571
0,483,482,572
0,482,571,572
0,484,483,573
0,483,572,573
0,485,484,574
0,484,573,574
0,486,485,575
0,485,574,575
0,487,486,576
0,486,575,576
0,488,487,577
0,487,576,577
0,489,488,578
0,488,577,578
0,490,489,579
0,489,578,579
0,491,490,580
0,490,579,580
0,492,491,581
0,491,580,581
0,493,492,582
0,492,581,582
0,494,493,583
0,493,582,583
0,495,494,584
0,494,583,584
0,496,495,585
0,495,584,585
0,497,496,586
0,496,585,586
0,498,497,587
0,497,586,587
0,499,498,588
0,498,587,588
0,500,499,589
0,499,588,589
0,501,500,590
0,500,589,590
0,502,501,591
0,501,590,591
0,503,502,592
0,502,591,592
0,504,12,13
0,593,504,13
0,16,15,681
0,15,592,681
0,505,504,593
0,506,505,594
0,594,505,593
0,507,506,595
0,595,506,594
0,508,507,596
0,596,507,595
0,509,508,597
0,508,596,597
0,510,509,598
0,598,509,597
0,511,510,599
0,599,510,598
0,512,511,600
0,600,511,599
0,513,512,601
0,512,600,601
0,514,513,602
0,513,601,602
0,515,514,603
0,514,602,603
0,516,515,604
0,515,603,604
0,517,516,605
0,516,604,605
0,518,517,606
0,517,605,606
0,519,518,607
0,518,606,607
0,520,519,608
0,519,607,608
0,521,520,609
0,520,608,609
0,521,610,522
0,521,609,610
0,522,611,523
0,610,611,522
0,612,524,523
0,611,612,523
0,524,613,525
0,524,612,613
0,525,614,526
0,613,614,525
0,526,615,527
0,614,615,526
0,527,616,528
0,615,616,527
0,528,618,529
0,616,617,528
0,617,618,528
0,529,619,530
0,618,619,529
0,530,619,531
0,531,620,532
0,619,620,531
0,532,621,533
0,620,621,532
0,533,622,534
0,621,622,533
0,534,623,535
0,622,623,534
0,535,624,536
0,623,624,535
0,536,625,537
0,624,625,536
0,626,538,537
0,625,626,537
0,539,538,627
0,627,538,626
0,540,539,628
0,628,539,627
0,541,540,629
0,629,540,628
0,542,541,630
0,630,541,629
0,543,542,631
0,631,542,630
0,544,543,632
0,632,543,631
0,545,544,633
0,633,544,632
0,546,545,634
0,634,545,633
0,547,546,635
0,635,546,634
0,548,547,636
0,636,547,635
0,549,548,637
0,637,548,636
0,550,549,638
0,638,549,637
0,551,550,639
0,639,550,638
0,552,551,640
0,640,551,639
0,553,552,641
0,641,552,640
0,554,553,642
0,642,553,641
0,555,554,643
0,643,554,642
0,556,555,644
0,644,555,643
0,557,556,645
0,645,556,644
0,558,557,646
0,646,557,645
0,559,558,647
0,647,558,646
0,560,559,648
0,648,559,647
0,561,560,649
0,560,648,649
0,562,561,650
0,561,649,650
0,563,562,651
0,651,562,650
0,564,563,652
0,563,651,652
0,565,564,653
0,564,652,653
0,566,565,654
0,565,653,654
0,567,566,655
0,566,654,655
0,568,567,656
0,567,655,656
0,569,568,657
0,568,656,657
0,570,569,658
0,569,657,658
0,571,570,659
0,570,658,659
0,572,571,660
0,571,659,660
0,573,572,661
0,572,660,661
0,574,573,662
0,573,661,662
0,575,574,663
0,574,662,663
0,576,575,664
0,575,663,664
0,577,576,665
0,576,664,665
0,578,577,666
0,577,665,666
0,579,578,667
0,578,666,667
0,580,579,668
0,579,667,668
0,581,580,669
0,580,668,669
0,582,581,670
0,581,669,670
0,583,582,671
0,582,670,671
0,584,583,672
0,583,671,672
0,585,584,673
0,584,672,673
0,586,585,674
0,585,673,674
0,587,586,675
0,586,674,675
0,588,587,676
0,587,675,676
0,589,588,677
0,588,676,677
0,590,589,678
0,589,677,678
0,591,590,679
0,590,678,679
0,592,591,680
0,591,679,680
0,592,680,681
2,1211,1221,1277
2,1241,1215,1278
2,1248,1206,1249
2,1221,1211,1296
2,1215,1241,1295
2,1249,1251,1263
2,1218,1222,1224
2,1242,1219,1244
2,1202,1228,1229
2,1234,1210,1302
2,1206,1248,1290
2,1210,1234,1274
2,1247,1249,1263
2,1204,1235,1238
2,1235,1204,1237
2,1218,1224,1292
2,713,1289,1302
2,1244,1219,1293
2,1228,1202,1297
2,1289,1233,1302
2,1249,1206,1250
2,1203,1224,1225
2,1244,1208,1245
2,1202,1229,1230
2,1203,1225,1228
2,1233,1234,1302
2,1245,1208,1248
2,1232,1231,1238
2,1251,1252,1265
2,1235,1232,1238
2,1240,1241,1278
2,1221,1220,1277
2,1246,1267,1295
2,1266,1226,1296
2,1222,1218,1275
2,1263,1251,1294
2,1219,1242,1276
2,1226,1266,1291
2,1273,1252,1301
2,1251,1265,1294
2,1234,1236,1274
2,1238,1231,1239
2,1201,1237,1303
2,1225,1227,1228
2,1228,1227,1229
2,1252,1273,1304
2,1237,1201,1300
2,1249,1250,1251
2,1267,1246,1298
2,1230,1229,1231
2,1211,1266,1296
2,1267,1215,1295
2,1251,1250,1252
2,1230,1231,1232
2,1258,1279,1283
2,1269,1281,1283
2,1280,696,1284
2,1224,1203,1292
2,1208,1244,1293
2,1240,1217,1241
2,729,1217,1240
2,1266,1209,1291
2,1216,1220,1221
2,1241,1217,1242
2,1216,1221,1222
2,1230,1232,1233
2,1241,1242,1243
2,1222,1221,1223
2,1216,683,1220
2,728,729,1240
2,684,683,1216
2,729,730,1217
2,1243,1242,1244
2,1222,1223,1224
2,1243,1244,1245
2,1224,1223,1225
2,683,682,1220
2,1243,1245,1246
2,1225,1223,1226
2,1233,1232,1234
2,1246,1245,1247
2,1225,1226,1227
2,1247,1245,1248
2,1247,1248,1249
2,1234,1232,1235
2,1237,1204,1303
2,1234,1235,1236
2,1236,1235,1237
2,1205,1254,1255
2,1255,1254,1256
2,718,717,1205
2,723,722,1206
2,721,720,1207
2,692,693,1204
2,702,703,1214
2,688,689,1266
2,704,1215,1267
2,700,701,1213
2,689,1209,1266
2,697,698,1212
2,1211,688,1266
2,725,724,1208
2,715,714,1210
2,702,1214,1262
2,703,704,1267
2,1213,701,1262
2,687,688,1211
2,689,690,1209
2,704,705,1215
2,1214,703,1267
2,694,695,1201
2,712,711,1202
2,710,709,1203
2,701,702,1262
2,1205,1253,1254
2,1205,1255,1270
2,1255,1259,1270
2,719,718,1270
2,715,1210,1268
2,716,715,1268
2,718,1205,1270
2,1254,1253,1271
2,1207,720,1272
2,1212,698,1269
2,698,699,1269
2,717,716,1253
2,1205,717,1253
2,719,1270,1272
2,1256,1257,1261
2,1255,1258,1259
2,720,719,1272
2,1253,716,1268
2,1253,1268,1271
2,699,700,1264
2,700,1213,1264
2,1270,1259,1272
2,1256,1254,1257
2,1255,1256,1258
2,1257,1254,1271
2,699,1264,1269
2,1207,1272,1273
2,1259,1258,1260
2,1272,1259,1273
2,1264,1213,1265
2,1259,1260,1273
2,1262,1214,1263
2,708,707,1218
2,727,726,1219
2,1250,1206,1286
2,1204,1238,1288
2,1271,1268,1274
2,1268,1210,1274
2,1248,1208,1290
2,1242,1217,1276
2,1216,1222,1275
2,685,684,1275
2,730,731,1276
2,1261,1280,1284
2,1279,1212,1283
2,1281,1260,1283
2,686,687,1277
2,705,706,1278
2,1271,1274,1285
2,1238,1239,1288
2,695,696,1280
2,1258,1256,1279
2,1269,1264,1281
2,1261,1257,1282
2,697,1212,1284
2,1274,1236,1285
2,721,1207,1286
2,1206,722,1286
2,1203,1228,1297
2,692,1204,1288
2,684,1216,1275
2,1217,730,1276
2,687,1211,1277
2,1215,705,1278
2,1202,1230,1289
2,1208,724,1290
2,723,1206,1290
2,1265,1213,1294
2,1262,1263,1294
2,1203,709,1292
2,725,1208,1293
2,1241,1243,1295
2,1223,1221,1296
2,708,1218,1292
2,1219,726,1293
2,1207,1273,1301
2,1280,1261,1282
2,1212,1279,1284
2,1256,1261,1279
2,1201,695,1280
2,1264,1265,1281
2,682,17,1305
2,17,686,1305
2,19,728,1306
2,706,19,1306
2,1202,711,1297
2,710,1203,1297
2,1212,1269,1283
2,1260,1258,1283
2,696,697,1284
2,1229,1227,1287
2,1209,690,1299
2,1214,1267,1298
2,714,713,1302
2,1204,693,1303
2,694,1201,1303
2,1231,1229,1287
2,713,712,1289
2,1288,1239,1299
2,731,20,1307
2,18,685,1308
2,20,727,1307
2,707,18,1308
2,1257,1271,1285
2,722,721,1286
2,1239,1231,1287
2,1265,1252,1304
2,712,1202,1289
2,691,692,1288
2,1201,1280,1282
2,1279,1261,1284
2,1230,1233,1289
2,1282,1257,1285
2,1247,1263,1298
2,1281,1265,1304
2,1287,1227,1291
2,1246,1247,1298
2,691,1288,1299
2,1273,1260,1304
2,724,723,1290
2,1286,1207,1301
2,1227,1226,1291
2,709,708,1292
2,726,725,1293
2,1213,1262,1294
2,1209,1299,1309
2,1201,1282,1300
2,1243,1246,1295
2,1226,1223,1296
2,1236,1237,1300
2,711,710,1297
2,1252,1250,1301
2,1263,1214,1298
2,690,691,1299
2,685,1275,1308
2,1276,731,1307
2,1210,714,1302
2,693,694,1303
2,1278,706,1306
2,686,1277,1305
2,1220,682,1305
2,728,1240,1306
2,727,1219,1307
2,1218,707,1308
2,1287,1291,1309
2,1250,1286,1301
2,1275,1218,1308
2,1219,1276,1307
2,1285,1236,1300
2,1282,1285,1300
2,1277,1220,1305
2,1240,1278,1306
2,1260,1281,1304
2,1299,1239,1309
2,1239,1287,1309
2,1291,1209,1309
1,1549,3010,3012
1,1615,1617,3917
1,3542,4004,4221
1,2849,3486,3911
1,3080,3549,3922
1,3520,2569,3708
1,3242,2932,3727
1,1325,2981,2982
1,2211,2692,2989
1,3897,4151,4208
1,3554,3559,4117
1,2543,3247,4515
1,3023,1374,3120
1,1353,3667,3669
1,3198,2813,3216
1,3253,2781,4389
1,1400,1398,3237
1,1467,1400,3237
1,3773,2641,4404
1,262,1315,3420
1,3398,2858,4121
1,2738,3187,3983
1,3549,1349,3922
1,3550,300,4489
1,3149,2776,3887
1,2515,3203,3617
1,1611,1620,3392
1,3862,2358,3978
1,2980,4128,4190
1,1609,1611,3392
1,3087,3023,3120
1,2598,3198,3216
1,1975,3112,4198
1,2776,3149,3190
1,2946,3253,4389
1,2543,2652,3247
1,301,300,3550
1,2121,3314,3976
1,3519,2497,3707
1,4188,3227,4478
1,3400,3398,4121
1,4079,1917,4146
1,2329,3211,4601
1,4043,3843,4129
1,2121,3312,3314
1,3212,2124,3214
1,2664,3245,3753
1,2326,3018,3905
1,2216,3327,3991
1,3899,4237,4294
1,3104,3783,4485
1,3467,2934,4206
1,4004,2545,4221
1,2985,2365,3517
1,2984,1694,4464
1,3540,1907,3834
1,1715,2963,3497
1,2251,3515,4227
1,3492,2631,3637
1,2975,3492,3637
1,3518,2428,3520
1,3104,3155,3783
1,3187,3188,3983
1,128,129,3655
1,1868,3288,3566
1,4052,2752,4255
1,2329,2332,3211
1,3207,2814,4051
1,2872,3598,4008
1,1694,2984,3751
1,1351,3107,3142
1,2990,1809,3233
1,3588,2861,3730
1,1530,1525,3891
1,1908,3127,3128
1,1922,3759,4237
1,2238,3279,3280
1,1370,711,3191
1,1917,3879,4146
1,1596,1594,3323
1,2926,3773,4404
1,3486,1331,3911
1,2698,3855,4088
1,1311,4188,4478
1,1549,3012,3175
1,2372,3661,4165
1,3567,2866,4140
1,3018,2807,3905
1,3214,2124,3790
1,2934,4113,4248
1,3261,2670,3513
1,2934,3467,4113
1,1326,2977,3902
1,3203,2515,3860
1,2664,3753,4250
1,3492,2975,3752
1,3311,3312,4040
1,3150,2558,3182
1,1809,2990,3236
1,3875,3006,4097
1,1905,3506,3508
1,1522,1528,3255
1,3587,3664,4027
1,1469,3875,4097
1,1368,3564,4642
1,1346,3242,3727
1,2497,3519,3708
1,2569,3520,4439
1,3327,3326,3991
1,3110,2848,3606
1,2988,3616,3867
1,3752,2975,4273
1,3117,1339,3119
1,4113,1798,4248
1,2670,3261,3514
1,3244,1321,4251
1,3347,3345,4208
1,3001,2891,3911
1,3506,1905,3507
1,3304,3303,4227
1,3759,1922,4285
1,2709,3777,3924
1,3559,1989,4117
1,2152,2154,3281
1,3730,4052,4255
1,3615,1849,4322
1,1910,3196,3197
1,2963,1715,3793
1,3855,3621,4088
1,3582,2666,4155
1,745,746,3239
1,1924,3438,4158
1,1321,3244,4364
1,199,198,3266
1,3312,2121,4040
1,2962,2540,3828
1,1816,1596,3323
1,263,262,3420
1,1315,3418,3420
1,2238,3278,3279
1,2278,3919,4422
1,3303,3301,4227
1,2735,3150,3182
1,3418,1315,3674
1,2981,1325,3360
1,2365,2985,3585
1,2346,2347,3400
1,4118,3678,4120
1,2211,2989,3240
1,3661,3662,4165
1,2962,1332,3964
1,3100,3628,4202
1,2449,3110,3606
1,3516,3130,4096
1,2991,2726,4628
1,2515,2799,3860
1,3598,2872,4366
1,3346,3345,3347
1,2458,2460,3708
1,4250,1980,4456
1,1332,2962,4438
1,3019,1545,3124
1,2666,3582,4546
1,2124,3212,3791
1,2263,3443,3994
1,3664,1313,4027
1,3264,3704,3827
1,1908,3128,3129
1,3270,2239,3450
1,3447,1918,4071
1,3211,2332,3997
1,2191,2152,3281
1,1910,3197,3220
1,3681,4223,4236
1,3390,2165,3531
1,3247,2652,3248
1,3084,3177,4261
1,2726,2991,3232
1,3438,3270,3450
1,3616,1881,3867
1,2332,2779,3997
1,1378,3421,4197
1,1925,4203,4228
1,1528,3151,3255
1,4128,2783,4190
1,3438,3451,4158
1,3434,2669,4127
1,4257,2129,4259
1,3288,1868,3799
1,3354,3678,4118
1,3079,3123,3666
1,3860,2799,4104
1,3021,1374,3022
1,3564,3122,4642
1,4203,3307,4228
1,3024,3028,3108
1,3009,1376,4403
1,1914,3222,3226
1,2967,4018,4136
1,2977,1326,4420
1,3107,1351,3143
1,3260,1345,4264
1,4297,4013,4344
1,3124,4135,4145
1,3684,2921,4533
1,3725,3921,4300
1,3212,3213,3791
1,3842,3546,4331
1,3302,4196,4227
1,3474,4106,4130
1,2777,2311,3575
1,3424,1492,4017
1,207,206,3192
1,2669,3180,4127
1,115,1374,3021
1,3549,1851,4187
1,3234,1334,4323
1,1525,3255,3891
1,3248,2652,3369
1,1376,3009,4274
1,3421,1378,4265
1,711,712,3191
1,3123,3061,3666
1,3614,3428,4072
1,3628,3100,4414
1,3379,4257,4259
1,3200,1772,4099
1,1699,3315,3748
1,3005,2250,4321
1,3467,2619,3946
1,2165,2142,3531
1,4151,3347,4208
1,2942,3615,4322
1,3567,4267,4493
1,3206,2921,3684
1,1327,3588,3730
1,3100,3108,4201
1,1545,3019,3125
1,3229,4085,4399
1,170,171,3634
1,2435,2432,3662
1,3229,3228,4085
1,4237,3335,4294
1,1334,3234,4139
1,1780,1385,3184
1,3843,4043,4279
1,1451,3002,4460
1,1339,3117,3230
1,1328,3129,4477
1,2814,3207,4455
1,2328,2329,4601
1,2968,2967,4136
1,3474,3473,4106
1,1898,4298,4319
1,3264,3827,4328
1,3753,1980,4250
1,2733,3862,3978
1,206,1361,3192
1,3204,3202,3920
1,3000,2398,3284
1,1341,3193,3839
1,2702,3186,4547
1,2398,3000,4647
1,2250,3005,4270
1,4298,3533,4319
1,3002,1451,4484
1,3515,3304,4227
1,1615,3917,4630
1,3022,3024,3108
1,1525,1522,3255
1,1355,3008,3723
1,3130,3516,4477
1,3574,2777,3575
1,1582,1699,3748
1,3020,3124,4145
1,3138,2062,3154
1,3143,2677,3426
1,3919,3498,4422
1,3367,1343,4143
1,1356,3256,4324
1,1851,3549,4293
1,2347,2350,3400
1,3408,3409,4639
1,3667,1353,3990
1,3921,2908,4300
1,4004,3542,4207
1,3561,2187,4329
1,701,700,3218
1,3523,3408,4639
1,4181,3168,4205
1,198,1335,3266
1,3072,3089,3528
1,3171,1378,4336
1,3854,2671,4532
1,2180,3408,3523
1,3123,3079,3667
1,2709,3625,3777
1,1459,3204,3920
1,3141,1846,4243
1,1617,1911,3917
1,3006,1900,4622
1,3108,3100,4202
1,1911,3395,3917
1,3951,4221,4256
1,3879,1344,4146
1,2062,1876,3154
1,1394,1392,3179
1,3301,3302,4227
1,2848,3258,3606
1,3631,3563,4176
1,2428,3518,3950
1,3219,3447,4071
1,4429,3491,4501
1,3188,1956,3983
1,4138,3601,4171
1,2962,3828,4438
1,3017,763,4140
1,4267,3763,4493
1,3994,3443,4400
1,3892,3409,4548
1,3327,2216,3678
1,3466,3467,3946
1,1824,4161,4194
1,763,3017,4475
1,3335,3350,3357
1,1594,3322,3323
1,3608,3653,3870
1,3355,2667,3742
1,1419,1417,3303
1,3263,2959,4480
1,1345,3260,4280
1,2235,3419,3673
1,1780,3184,4058
1,1814,1419,3303
1,2432,2430,3662
1,2361,2359,3950
1,3913,3496,4579
1,3134,3533,4200
1,1900,3006,3875
1,4161,3116,4194
1,4157,1829,4338
1,3474,2308,4061
1,1772,3200,4150
1,1708,3496,3913
1,4146,1344,4260
1,3575,2702,4547
1,2719,2670,3514
1,1350,3584,3903
1,3564,1368,3947
1,129,1367,3655
1,3137,1469,4097
1,4110,1926,4149
1,3008,1355,4038
1,3535,3534,4035
1,4191,1831,4290
1,3585,2986,4131
1,2714,3535,4035
1,2086,2088,3346
1,1505,2997,4065
1,3001,3911,4483
1,3177,3084,4095
1,3777,1674,3924
1,4223,2568,4236
1,300,1357,4489
1,2304,2086,3346
1,2726,3020,4628
1,1322,3567,4140
1,2985,2986,3585
1,2311,2702,3575
1,2824,4108,4142
1,1724,3183,4254
1,1721,3207,4051
1,3673,3419,3674
1,2165,3390,3394
1,2567,3106,3442
1,2540,2983,3828
1,1907,3540,4235
1,2103,2101,3768
1,3376,4245,4246
1,2958,3694,4157
1,3291,3649,3928
1,3674,3885,4079
1,1699,3491,4429
1,3733,2666,4546
1,3177,1781,4261
1,1353,3669,4358
1,2569,2458,3708
1,4247,4174,4363
1,2350,3399,3400
1,2533,3614,4072
1,3259,3261,3513
1,746,1348,3239
1,2697,3111,3569
1,3288,3286,3566
1,1846,3141,4426
1,2190,3307,3819
1,2062,3138,3259
1,3546,2719,4331
1,2238,2156,3278
1,3409,3892,4365
1,3015,1823,4082
1,3246,4191,4290
1,4480,2959,4503
1,1805,2203,3790
1,1379,701,3218
1,4082,2288,4351
1,3277,4110,4149
1,2725,2727,3125
1,128,3655,3657
1,4334,3333,4384
1,2294,3473,4050
1,2677,3143,3566
1,1920,3897,4208
1,3294,2684,3656
1,2656,2543,4515
1,1374,116,3120
1,1378,3171,4265
1,3649,3440,3928
1,3993,3477,4061
1,4330,1449,4409
1,2190,3306,3307
1,1469,3137,4219
1,3780,3367,4143
1,3156,1895,3202
1,1985,3149,3887
1,3902,3153,4195
1,3776,1975,4198
1,2997,1505,4529
1,2428,2358,3862
1,3144,2824,4142
1,1709,1708,4304
1,2649,3359,3721
1,3359,2759,3721
1,2156,2158,3278
1,3129,1328,4318
1,3302,4388,4398
1,1398,1809,3237
1,1780,3265,3980
1,3694,1829,4157
1,3514,3262,4367
1,2716,3525,3547
1,2996,1553,4273
1,1382,2998,4119
1,3041,3693,3851
1,2699,4108,4166
1,3653,2671,3870
1,2671,3653,4532
1,3621,2947,4088
1,3018,2326,3909
1,2721,3631,4176
1,2719,3514,4331
1,3882,4094,4199
1,3202,1895,3920
1,2879,3236,4003
1,4245,2244,4246
1,4000,3489,4099
1,3010,1549,3891
1,3110,2449,3328
1,119,1781,3177
1,1392,1556,3179
1,3316,2202,3319
1,3540,3834,4105
1,1326,3902,4195
1,2027,2029,3647
1,3558,3561,4329
1,3296,4297,4344
1,3839,3193,4379
1,3399,2350,3410
1,1394,3179,3233
1,3395,1911,4172
1,1937,3456,4109
1,2969,1706,4381
1,1385,1932,3184
1,2980,4190,4619
1,1830,3684,4533
1,3152,2732,3251
1,3486,1903,4312
1,4150,3200,4156
1,3200,3199,4156
1,1685,3294,3656
1,3707,2497,3859
1,3071,3072,3528
1,4370,1317,4393
1,3113,1328,4477
1,3533,1649,4200
1,1386,1780,3980
1,3634,1334,4314
1,3356,3355,3742
1,1914,3226,3227
1,4388,2270,4398
1,3539,1312,3838
1,3804,3582,4155
1,3111,2697,3661
1,1370,3191,4054
1,1435,1433,3381
1,2947,3621,4182
1,4395,3630,4515
1,3556,2220,3558
1,171,1334,3634
1,3573,2777,3574
1,3899,1922,4237
1,1553,2996,4340
1,745,3239,4534
1,2891,2849,3911
1,1706,2969,4424
1,3213,3613,3658
1,3511,4370,4393
1,3081,3080,3922
1,2742,2990,3233
1,1885,3424,4233
1,3183,4138,4171
1,2062,3259,3513
1,3106,2567,4239
1,3109,3081,3654
1,1903,3486,4451
1,3366,1800,4039
1,3224,3401,4360
1,3081,3109,3693
1,1816,3323,3324
1,2779,3697,3997
1,1435,3381,3382
1,2154,2238,3281
1,2187,3561,4446
1,1868,3566,3820
1,1473,3299,3300
1,1492,3424,4177
1,4065,2997,4141
1,3176,3014,3445
1,3525,2716,3587
1,3727,2932,4465
1,4094,2825,4214
1,1956,3188,3825
1,2308,3474,4130
1,3112,1975,4470
1,1330,3206,3684
1,2989,2692,4590
1,1334,4139,4314
1,1788,3199,4122
1,1982,2213,3251
1,2142,2144,3531
1,4264,192,4367
1,1772,4000,4099
1,3169,3168,4181
1,3577,2789,3827
1,1594,1592,3322
1,3520,2428,3862
1,3562,2780,3563
1,1669,3626,4401
1,3444,1927,3493
1,2460,2497,3708
1,3566,3143,3820
1,3419,3418,3674
1,3633,1843,3634
1,3991,3326,4183
1,3154,1876,3358
1,2839,3395,4172
1,1473,3300,3301
1,3456,1937,4133
1,3625,2709,3814
1,4221,2545,4256
1,4023,2898,4287
1,4094,3437,4199
1,3626,1669,4383
1,3519,3520,3708
1,4050,3471,4056
1,2866,3017,4140
1,2998,1382,4315
1,1938,4065,4141
1,2267,3343,3344
1,3213,3658,3791
1,3436,3691,3925
1,1918,3447,3884
1,3236,2990,4003
1,3207,1721,3810
1,3417,1363,4306
1,3816,4371,4441
1,3157,3631,4359
1,2346,3400,4121
1,2978,3293,3600
1,4454,2958,4474
1,1549,1530,3891
1,3691,2724,3925
1,1556,3178,3179
1,3222,1914,4394
1,3558,3560,3561
1,3370,3306,3798
1,3364,4330,4409
1,2330,3201,3895
1,3061,3046,3666
1,3424,1885,4177
1,3987,3459,4051
1,3678,2216,4120
1,3408,2180,3685
1,3369,2852,4111
1,1829,3692,4338
1,1372,3102,4326
1,2958,2808,4474
1,3125,3500,3955
1,3517,2365,3950
1,3630,2656,4515
1,2213,3152,3251
1,3146,1347,4307
1,3631,3157,4396
1,2012,729,3194
1,1651,3144,4142
1,2324,3637,4427
1,1932,4024,4076
1,3214,4250,4456
1,4083,2914,4153
1,2267,3344,3345
1,3284,3285,3939
1,2779,3551,3697
1,3423,3424,4017
1,3250,3866,4478
1,3218,700,3982
1,3473,2294,4106
1,2723,3440,3850
1,1932,3162,3184
1,1362,3514,4367
1,3005,2255,4270
1,1807,1813,3750
1,3102,1372,4577
1,3205,1886,4060
1,1351,3142,4580
1,3355,3353,4100
1,1843,170,3634
1,3419,2235,3706
1,2303,3268,3506
1,3348,3510,3826
1,3326,3744,4183
1,2799,3158,4104
1,1324,3185,4611
1,3738,213,4226
1,3183,3182,4254
1,3178,1556,4618
1,3927,3156,4017
1,1325,2982,4497
1,3515,2251,4345
1,3219,2687,3447
1,3261,3262,3514
1,1814,3303,3304
1,3328,2421,3918
1,3173,3338,3478
1,3019,2725,3125
1,2825,2801,4214
1,3655,3654,3657
1,2308,3993,4061
1,3198,2598,4169
1,3885,1917,4079
1,3444,3493,4136
1,2767,3147,4408
1,3256,3721,4324
1,1895,3156,3927
1,2993,2992,4507
1,3937,4233,4299
1,2579,3703,4116
1,3704,3264,4073
1,4218,1646,4372
1,3112,3445,4198
1,3046,3030,4055
1,1823,3015,4225
1,3208,1856,3970
1,2645,3652,4466
1,2770,3366,4039
1,1363,3417,4365
1,3127,1908,4210
1,2807,3201,3905
1,3500,1901,3955
1,3082,3068,3462
1,2222,3275,3276
1,3306,2190,3798
1,3267,1851,4293
1,3637,2324,4490
1,3179,2742,3233
1,2220,3556,3557
1,3438,3450,3451
1,1725,1746,3557
1,2772,3572,3716
1,1793,1875,3560
1,4182,2264,4389
1,1312,3539,4380
1,2856,3640,4048
1,3349,3759,4211
1,3253,2946,4540
1,1366,4334,4384
1,3227,3229,4478
1,2304,3346,3347
1,3813,1969,4168
1,1473,1415,3299
1,3709,3101,4303
1,3199,2819,4122
1,2732,3152,3902
1,213,3738,4560
1,2255,3005,4469
1,3000,3284,3939
1,3183,1724,4138
1,3395,2839,4341
1,2108,2561,3336
1,2101,2202,3768
1,3703,2579,4582
1,2789,3577,3828
1,3525,3524,3547
1,3584,3579,3903
1,4507,2992,4508
1,3640,2266,4048
1,3194,2944,3195
1,3013,3011,4091
1,3967,4410,4457
1,2697,2435,3662
1,3587,2716,3664
1,3125,2727,3500
1,2853,4070,4289
1,1569,3176,4180
1,1592,1696,3322
1,2267,2090,3343
1,3082,3462,3463
1,114,115,3021
1,3158,2398,4647
1,3332,3336,3337
1,3524,2195,3547
1,3116,3530,4194
1,1708,3913,4304
1,2294,4050,4056
1,2262,2937,3241
1,3232,2991,3815
1,3209,4174,4247
1,3286,2677,3566
1,2626,4043,4129
1,1328,3113,4645
1,3635,3772,4252
1,3147,2767,4553
1,3937,1885,4233
1,1711,1608,3356
1,2780,3562,3726
1,1492,3927,4017
1,3119,1339,4557
1,2029,2040,3647
1,3158,2799,4627
1,730,2012,3235
1,4100,3353,4614
1,2000,3516,4096
1,3236,2879,3452
1,3734,3795,4109
1,3941,1979,4081
1,3828,3577,4438
1,3176,1569,4443
1,3613,3213,3736
1,3041,3612,3693
1,3642,3232,3815
1,4395,1879,4428
1,3506,3268,4514
1,2735,3182,3183
1,4371,2597,4441
1,2598,1978,4169
1,3652,2645,4532
1,2936,4218,4372
1,1472,3378,3380
1,1584,1582,3748
1,2359,2428,3950
1,3693,3109,3851
1,1472,3377,3378
1,2891,3001,4462
1,3110,3328,3918
1,3315,1699,4429
1,1830,3121,4342
1,3336,2561,3337
1,3175,3176,4443
1,3280,3279,3283
1,2144,2146,3985
1,2203,2664,3790
1,2947,4182,4389
1,1875,2837,3560
1,2558,3150,4062
1,3015,4082,4351
1,3318,3319,3320
1,3817,4295,4327
1,3289,1969,3750
1,4410,2892,4457
1,3144,1651,4520
1,3107,3143,3426
1,1531,1437,3382
1,1982,3251,3756
1,3363,3605,3606
1,2112,2650,3478
1,3770,4023,4287
1,3730,2861,4052
1,3248,3369,4111
1,3012,3014,3175
1,4145,1519,4299
1,4024,3170,4076
1,3466,1782,3467
1,2814,3987,4051
1,3904,4440,4498
1,3440,3439,3850
1,3915,4402,4416
1,2000,3412,3829
1,3151,1528,4086
1,3759,1365,4211
1,1527,2591,3522
1,1349,3549,4187
1,4260,3878,4343
1,1421,1814,3643
1,2897,3813,4168
1,3293,3292,3600
1,3443,2263,3995
1,3563,2780,3647
1,1843,3633,4597
1,4108,2824,4166
1,3022,1374,3023
1,3150,2005,3773
1,3825,2766,4029
1,3225,3502,4496
1,2222,3274,3275
1,1809,1396,3233
1,3644,3775,3933
1,2678,3360,3696
1,1344,3878,4260
1,1882,4083,4153
1,3480,1927,3853
1,3350,3335,4237
1,1569,3252,4077
1,1477,2665,3269
1,1706,3468,3469
1,1417,1473,3303
1,3013,3776,4198
1,3754,3086,4026
1,3493,2968,4136
1,1927,3444,3853
1,3554,3556,3559
1,3273,1798,3785
1,3768,3311,4040
1,3657,3654,3922
1,1721,1629,3810
1,2250,3396,4609
1,3691,3941,4081
1,1598,1816,4021
1,3392,1620,4638
1,1347,3146,4354
1,3194,3195,4583
1,2992,1447,4508
1,3464,1782,3466
1,3162,1932,4076
1,2371,3429,3430
1,2365,2361,3950
1,2843,3205,4060
1,1332,723,3544
1,3666,3046,4055
1,1746,2220,3557
1,2088,2267,3346
1,3795,3734,4577
1,1467,3237,4352
1,118,119,3177
1,2650,3173,3478
1,3759,3350,4237
1,3101,3709,4522
1,2245,3397,4344
1,2915,3682,3683
1,3546,3842,4114
1,2202,3316,3768
1,1900,2812,4622
1,2246,3623,3624
1,2677,2243,3426
1,3009,3008,4038
1,3775,1653,3933
1,2777,3573,3722
1,1706,1574,3468
1,3516,2000,3829
1,2239,3270,3758
1,2260,2684,3274
1,3284,2394,3285
1,2687,3219,3448
1,3401,2055,4360
1,3538,3505,3539
1,2977,2732,3902
1,2269,2210,3781
1,760,761,3484
1,2246,3624,3625
1,3396,2250,4613
1,1348,3238,3239
1,1445,3257,3717
1,3772,1974,4252
1,4021,3325,4186
1,4333,2575,4355
1,1969,1807,3750
1,1568,1569,4077
1,2808,3018,4452
1,3318,3317,3319
1,3479,1366,4384
1,4402,3161,4416
1,199,3266,4210
1,2601,3648,3649
1,3292,2594,3600
1,1711,3356,3742
1,3268,2303,3724
1,2124,1805,3790
1,3569,3111,3872
1,3531,2144,3985
1,3360,3484,3696
1,4074,3740,4095
1,3175,4443,4648
1,1729,1621,3476
1,2641,2642,4404
1,3309,3316,3317
1,3277,3294,4084
1,3240,2989,3823
1,2371,2374,3429
1,1813,1976,3750
1,3508,3506,4514
1,2243,2298,3426
1,1437,1435,3382
1,3774,3373,4059
1,2780,2027,3647
1,4013,2245,4344
1,3175,3014,3176
1,1376,3733,4546
1,3295,3296,3297
1,2478,2541,3859
1,3141,1323,4373
1,2239,3449,3450
1,2999,2865,4046
1,3353,3352,3354
1,2390,2369,3430
1,3121,1336,4342
1,2662,3240,3823
1,3511,3510,4134
1,3262,4264,4367
1,1635,3959,4167
1,4403,1376,4546
1,2084,2304,3826
1,2981,3360,3923
1,3962,4125,4566
1,1811,3295,3297
1,3196,1910,3852
1,2055,3401,3796
1,3628,3629,4202
1,3608,2414,3653
1,2158,2222,3278
1,3262,3260,4264
1,2808,4452,4474
1,3776,3013,4091
1,2252,3774,4059
1,3117,2953,3230
1,3084,4074,4095
1,1476,1407,3271
1,3382,3381,4148
1,4437,3622,4447
1,3552,3553,3809
1,1969,3289,4168
1,3901,3148,4553
1,2548,3335,3357
1,3686,2668,3830
1,719,3704,4073
1,1814,3305,3643
1,3393,3384,3453
1,3319,2202,3779
1,3244,2625,3329
1,4340,2996,4385
1,1415,1413,3299
1,2632,2634,3710
1,1696,3308,3317
1,1354,4175,4278
1,2466,3569,3872
1,1856,3208,4606
1,3630,4395,4428
1,2106,2108,3336
1,3121,1830,4533
1,1447,2992,4556
1,4086,1528,4558
1,3359,2649,4057
1,3573,2131,3722
1,3275,2684,3294
1,2835,2832,3529
1,3330,2249,3331
1,3274,2684,3275
1,3361,3362,3365
1,2066,3522,4320
1,2649,2059,4057
1,2090,2092,3343
1,1923,3479,4440
1,2683,3488,3489
1,2562,2859,3586
1,1433,1472,3381
1,2938,4333,4355
1,3431,3430,3614
1,3149,1985,4366
1,2668,2783,4128
1,4022,3511,4134
1,1816,3325,4021
1,3371,3372,3373
1,3518,3517,3950
1,2206,3339,3340
1,1851,3267,4405
1,3282,3454,4499
1,2262,3241,3512
1,728,2944,3194
1,3145,3639,3728
1,3770,3287,4528
1,2792,3217,3646
1,3358,1759,3818
1,4175,3529,4278
1,1831,3458,3821
1,1729,3476,3477
1,1818,3351,3353
1,3675,2887,3973
1,2246,1944,3623
1,1608,1606,3356
1,2939,3590,3633
1,3009,4038,4274
1,2953,2951,3230
1,2504,2668,3686
1,3429,3428,3614
1,3164,3171,4278
1,1402,1477,3269
1,2522,2726,3232
1,3384,3383,3453
1,2217,114,3021
1,3534,1737,4035
1,1382,3190,4315
1,1396,1394,3233
1,3487,3200,4099
1,1811,1411,3295
1,2390,3432,3651
1,2166,3383,3384
1,3068,3067,3462
1,1703,1725,3557
1,2246,3625,3814
1,3308,3309,3317
1,2390,3430,3431
1,3351,3352,3353
1,2841,3361,3365
1,761,1827,3484
1,1720,3472,3473
1,2162,2260,3274
1,1815,3371,3373
1,1535,1538,3636
1,1798,1769,3785
1,2531,2455,3605
1,2792,3707,3859
1,3249,2215,3687
1,3406,3403,3509
1,3330,3331,3334
1,3176,3445,4180
1,3741,3070,4037
1,3204,1459,4382
1,3201,3659,3895
1,2621,2672,3449
1,2407,2409,3731
1,1609,3392,4224
1,3535,2714,4020
1,3622,3855,4447
1,2183,3402,3403
1,3360,2678,3923
1,4295,2826,4327
1,2996,3766,4385
1,3272,1441,3717
1,2238,3280,3281
1,3154,3358,3818
1,1323,3141,4243
1,3497,2963,3499
1,3417,3414,3523
1,3185,1324,4238
1,2841,2519,3361
1,3350,2287,3357
1,2627,3306,3370
1,3320,3319,3779
1,3067,3461,3462
1,728,19,2944
1,3317,3316,3319
1,2671,3854,4468
1,3848,4216,4524
1,2228,2621,3449
1,3138,3139,3259
1,2683,2261,3488
1,1696,1590,3308
1,3301,3300,3302
1,2123,3413,3414
1,1384,1387,3645
1,3553,2711,3809
1,3530,3116,4526
1,1586,1584,3996
1,3737,1360,4565
1,1531,3382,3670
1,3651,3432,3652
1,2104,2249,3330
1,3403,3402,3509
1,3171,3856,4278
1,2276,3505,3538
1,1754,1756,3760
1,3152,3153,3902
1,1528,3572,4558
1,1815,1427,3371
1,2051,2599,3687
1,1381,1380,1383
1,1488,1831,3821
1,2893,3241,4012
1,2043,2055,3796
1,1818,1604,3351
1,2217,3021,3077
1,3071,3528,3747
1,3277,4084,4110
1,2100,2548,3357
1,2220,1793,3560
1,3217,2792,3859
1,4320,3522,4551
1,2017,2014,3477
1,2304,3348,3826
1,3414,3413,3523
1,2180,2074,3685
1,2748,2566,3423
1,3259,3139,3260
1,3551,2779,3896
1,2206,2094,3339
1,3673,3674,4079
1,1538,1823,3636
1,1472,1431,3377
1,1735,1782,3464
1,3363,2531,3605
1,3201,2330,3905
1,1720,1614,3472
1,2166,2148,3383
1,1490,1555,3532
1,1336,3121,4505
1,3258,3257,3968
1,1553,3752,4273
1,1929,1982,3756
1,3276,3275,3277
1,1823,1547,4082
1,1824,3366,4132
1,3866,3250,4346
1,1375,734,3627
1,2969,3491,4424
1,2444,2522,3232
1,2235,2024,3706
1,2006,2002,3459
1,3510,3509,3826
1,1755,1753,4029
1,2999,4046,4087
1,2377,3427,3428
1,2391,2669,3434
1,2625,2622,3329
1,1384,1383,1385
1,4440,3173,4498
1,1481,1475,3648
1,2567,3442,3443
1,2195,3524,3788
1,3410,2415,3876
1,1826,3439,3440
1,3189,1321,4364
1,2615,2169,3512
1,3399,3410,3876
1,1385,1383,1932
1,3102,3564,3947
1,1386,1385,1780
1,2183,2078,3402
1,1564,3613,3736
1,2818,3200,3487
1,2369,2371,3430
1,3401,3224,4419
1,1828,1633,3411
1,3192,1361,4253
1,3059,3104,3460
1,2647,1754,3760
1,2000,1935,3412
1,2414,3651,3652
1,3560,2837,3561
1,1526,1527,3522
1,1834,1927,3480
1,2414,3652,3653
1,3562,1665,3726
1,734,733,3627
1,2441,2402,3642
1,1856,716,3970
1,3086,3754,4358
1,1828,3411,3459
1,2210,2211,3781
1,3325,3327,4186
1,723,724,3544
1,3674,1315,3885
1,1466,1461,3435
1,2394,2397,3285
1,4185,3900,4284
1,3108,3028,4201
1,2986,3111,3661
1,2123,2070,3413
1,3349,2287,3350
1,3190,1382,4434
1,1853,3541,3542
1,1826,1465,3439
1,3123,3667,3668
1,2972,2676,3441
1,3539,3505,4380
1,3974,3454,4390
1,3435,3436,3925
1,2410,2421,3328
1,1863,1968,3457
1,2635,3009,3583
1,3556,3558,3559
1,113,114,2217
1,2537,2852,3369
1,1441,1442,3717
1,3287,3770,4287
1,3025,3087,3739
1,3337,3479,4384
1,3475,3474,4061
1,2366,2363,3585
1,2634,2637,3710
1,2409,2439,3731
1,2363,2365,3585
1,2277,2276,3538
1,1515,2607,3716
1,3962,1870,4125
1,2654,4307,4363
1,1476,3271,4154
1,2014,1729,3477
1,3041,3038,3612
1,2497,2478,3859
1,3377,3374,3378
1,3185,4018,4611
1,3107,2835,3142
1,3760,1867,3761
1,4024,1380,4620
1,3022,3023,3024
1,2110,2112,3478
1,1712,1735,3464
1,3590,2939,3632
1,3622,1669,4401
1,3667,3079,3669
1,2292,2009,3448
1,1556,3641,4064
1,4181,3194,4583
1,1814,3304,3305
1,2002,1828,3459
1,2601,1481,3648
1,3067,3460,3461
1,1981,1961,3632
1,1360,3737,4226
1,3477,3476,4061
1,3553,3554,4117
1,1574,1572,3468
1,3393,3453,3454
1,1380,731,3235
1,2528,2995,3503
1,1816,3324,3325
1,3440,2723,3928
1,3333,3332,4384
1,1770,1849,3615
1,3470,1711,3471
1,3751,3752,4564
1,2012,3194,4181
1,2398,2392,3284
1,3465,3466,4213
1,2033,2039,3501
1,2272,2179,3521
1,1442,1445,3717
1,2795,2547,3659
1,2103,3768,4040
1,3093,3741,4037
1,3157,1672,4396
1,3425,1712,3464
1,3745,2993,4507
1,3584,1350,4535
1,1921,3892,4548
1,3143,1351,3820
1,1781,120,3215
1,2055,2041,3502
1,3765,1921,4548
1,2898,4168,4287
1,3460,3104,3461
1,2670,2181,3513
1,3479,3338,4440
1,730,729,2012
1,1518,2627,3370
1,2377,2378,3427
1,2831,2835,3107
1,3449,2672,3450
1,3241,2615,3512
1,2226,2562,3586
1,2299,3635,3841
1,3186,2702,4479
1,2556,2881,4001
1,3502,3225,4360
1,3635,2788,3841
1,2012,4181,4205
1,2769,2818,3487
1,3406,3509,3510
1,1991,1789,3530
1,3244,3329,4364
1,3201,2795,3659
1,2118,2239,3758
1,2221,3574,3575
1,3052,3059,3460
1,1392,1390,1556
1,1485,1490,3532
1,3339,2287,3349
1,3536,2280,3537
1,3866,1311,4478
1,1571,1712,3425
1,1720,3474,3475
1,1815,3374,3377
1,4564,3752,4623
1,2550,2836,3422
1,2607,2772,3716
1,1372,3795,4577
1,3675,4079,4146
1,3572,1513,3716
1,3129,3128,3130
1,1387,1386,1388
1,2599,3249,3687
1,2009,2010,3448
1,2865,2532,4126
1,2856,3638,3640
1,2016,2020,3570
1,2766,3825,4045
1,2351,2354,3410
1,3558,2220,3560
1,2054,2195,3788
1,4523,3160,4558
1,2387,2382,3599
1,3544,3543,3964
1,3917,3916,4630
1,2221,1967,3574
1,2444,3232,3642
1,3238,1348,4078
1,1621,1618,3476
1,1584,3748,3996
1,2684,2683,3656
1,1826,3440,3649
1,2604,3545,3591
1,3682,2915,3722
1,2437,2697,3569
1,2304,3347,3348
1,3337,2561,3338
1,1944,1946,3623
1,3570,2020,3571
1,2367,2390,3651
1,2242,2677,3286
1,3973,2886,4033
1,3625,3624,3626
1,1701,1703,3555
1,1800,1799,3596
1,1402,1467,1477
1,1375,3627,3628
1,3552,2307,3553
1,2748,3423,4017
1,1811,3297,3298
1,3338,3173,4440
1,2600,3286,3287
1,3656,3489,3984
1,3164,3165,3171
1,1340,3220,3221
1,20,1380,1381
1,3178,2922,4491
1,3404,3408,3685
1,2594,2593,3600
1,1610,1711,3470
1,3677,2328,4601
1,2521,2841,3437
1,2832,2834,3529
1,1381,1383,1384
1,4408,3147,4574
1,3499,2176,4356
1,2183,3404,3685
1,1976,2242,2600
1,116,117,3120
1,3024,3023,3025
1,1853,725,3541
1,2972,3441,3766
1,2360,3608,3757
1,3496,1715,3497
1,2685,2882,3446
1,2699,1847,3610
1,2894,2603,3593
1,3504,2303,3506
1,2387,3599,3676
1,3442,3090,4361
1,3250,3229,4399
1,1506,1511,3607
1,4154,3271,4272
1,2298,2831,3426
1,3510,3348,4134
1,2604,2200,3545
1,3305,3375,3643
1,702,1379,3527
1,1477,1467,1478
1,1323,3688,4373
1,1369,118,3177
1,1836,1834,3480
1,3415,3419,3706
1,2834,3164,3529
1,2333,2335,3896
1,2646,2901,3490
1,1477,1478,1485
1,2441,3642,3815
1,2390,3431,3432
1,1889,1891,3814
1,2010,2231,3448
1,3087,3120,4392
1,2350,2351,3410
1,3243,3244,4101
1,20,731,1380
1,2123,3415,3706
1,1325,760,3484
1,3038,3036,3612
1,1546,2307,3552
1,3298,3297,3397
1,3062,3122,3564
1,1753,1956,4029
1,1935,1842,3412
1,1452,1451,3526
1,1861,1863,3457
1,2699,3610,4108
1,2519,2494,3361
1,1384,1385,1386
1,3719,3681,3835
1,2303,2175,3724
1,1824,4132,4161
1,1815,3373,3374
1,1780,4058,4349
1,3325,3324,3326
1,3536,3537,3540
1,1407,1405,3271
1,3473,3472,4050
1,3161,2451,4416
1,1423,1421,3643
1,3378,3374,3379
1,2166,3384,3385
1,1644,1724,3483
1,3739,3087,3740
1,722,1332,3576
1,3406,3510,3511
1,3795,1937,4109
1,1389,1388,1390
1,3123,3668,4642
1,3959,3974,4390
1,3672,2235,3673
1,3237,3236,3452
1,3219,2292,3448
1,2281,2280,3536
1,1357,3293,4489
1,1738,1737,3534
1,3334,3331,4217
1,3786,1844,4255
1,2334,2331,3895
1,3167,3169,3421
1,1730,1786,3658
1,1545,3125,3955
1,1742,1759,3358
1,1337,3719,3835
1,3337,3338,3479
1,3305,3304,3515
1,3056,3088,3548
1,2471,3646,4041
1,1809,3236,3237
1,1411,1409,3295
1,2374,2377,3429
1,2948,2661,3584
1,3044,3063,3612
1,1485,1486,1490
1,3618,2189,3619
1,2015,2016,3570
1,1618,3475,3476
1,1818,3353,3355
1,2031,2028,3671
1,2386,2391,3434
1,1322,765,3679
1,3295,1476,3296
1,1405,1403,1810
1,2703,2572,3568
1,1398,1396,1809
1,1381,1384,3645
1,1876,1787,3358
1,1696,3317,3318
1,2729,2985,3517
1,3555,1703,3557
1,1443,1440,3565
1,1402,1400,1467
1,2176,3499,4509
1,706,705,2567
1,3385,3384,3386
1,1854,3577,3827
1,3462,3461,4407
1,2492,2528,3503
1,3596,2632,3710
1,1485,1478,1486
1,3682,2255,3683
1,3028,3026,3784
1,3331,3332,3333
1,3331,2249,3332
1,3505,3504,3507
1,1367,3155,4608
1,2566,2551,3423
1,2730,3519,3707
1,1495,1496,1938
1,2726,2725,3019
1,2128,2131,3573
1,1395,1394,1396
1,3789,2929,4476
1,2179,1804,3521
1,1397,1396,1398
1,1401,1400,1402
1,1399,1398,1400
1,1720,3473,3474
1,4087,2542,4311
1,3467,1782,4113
1,3281,3280,3282
1,1393,1392,1394
1,2191,3281,4499
1,1427,1425,3371
1,2818,2819,3199
1,2442,2517,3551
1,1339,3230,3807
1,1391,1390,1392
1,2455,2440,3605
1,1985,709,3597
1,4373,3688,4482
1,3639,2258,3728
1,3341,3340,3342
1,3599,3434,4127
1,1473,3301,3303
1,2939,1981,3632
1,2293,2793,3611
1,1490,1491,1495
1,1830,753,3684
1,2600,2242,3286
1,3020,3019,3124
1,3545,3546,3591
1,1956,3825,4029
1,2030,2033,3501
1,2328,3677,4581
1,3528,3089,4488
1,3340,3339,3349
1,2701,2988,3482
1,2544,2658,3697
1,3187,2738,4542
1,2260,2261,2683
1,1688,1715,3496
1,2477,2441,2481
1,1431,1429,3377
1,3516,3113,4477
1,2703,3568,4030
1,2206,3340,3341
1,2177,2303,3504
1,3430,3429,3614
1,3354,3352,3678
1,1847,1659,3610
1,2169,2048,3512
1,1405,1810,3271
1,3646,3217,4041
1,2482,2481,2550
1,3266,1335,4209
1,1380,3235,4620
1,2551,2550,3422
1,2392,2394,3284
1,2887,2886,3973
1,3423,3422,3424
1,2165,3394,3396
1,3199,1788,4156
1,2715,2925,3664
1,3698,3699,3700
1,2290,2734,3494
1,1832,749,3698
1,2183,3403,3404
1,3432,3431,3433
1,1533,1535,3636
1,3383,2191,3453
1,1337,769,3702
1,3072,3068,3082
1,2676,2659,3441
1,715,1856,3603
1,2038,2051,3687
1,1348,747,3705
1,3387,3386,3392
1,1833,1941,3493
1,1461,1458,3435
1,3287,3286,3288
1,2247,2716,3547
1,1789,1773,3530
1,2749,2748,3156
1,1465,1463,3439
1,4167,3959,4390
1,2022,2235,3672
1,3404,3403,3405
1,1714,2856,3602
1,2669,2398,3158
1,2123,3414,3415
1,1571,1705,1712
1,729,728,3194
1,2831,2832,2835
1,3309,3310,3311
1,3058,3069,3669
1,2120,2228,3449
1,4070,2185,4289
1,3308,1817,3309
1,3257,2847,3717
1,1853,3542,3543
1,2362,2414,3608
1,1347,3604,4307
1,1566,1691,3613
1,1490,1486,1491
1,3415,3414,3416
1,1712,1713,1735
1,2181,1971,3513
1,1992,1741,3712
1,3914,3272,4060
1,3371,1471,3372
1,2504,2581,2668
1,1505,1506,3607
1,3351,1707,3352
1,1691,1730,3658
1,2409,2408,2410
1,2691,1705,3735
1,1886,3914,4060
1,3277,3275,3294
1,1854,3576,3577
1,2636,2635,3583
1,765,766,3679
1,1787,1742,3358
1,2477,2481,2482
1,2132,2255,3682
1,2600,3287,3289
1,2621,2622,2625
1,2548,3330,3334
1,1556,4064,4618
1,2407,2387,2408
1,2535,2534,2843
1,2551,3422,3423
1,2856,1803,3638
1,2499,2537,3609
1,1511,1512,1520
1,753,754,3684
1,2444,2445,2522
1,2482,2550,2551
1,3024,3025,3026
1,2709,1889,3814
1,3636,1823,4531
1,720,1854,3704
1,1696,3318,3322
1,1735,1736,1768
1,3026,3025,3027
1,1520,1521,1526
1,2769,2817,2818
1,1409,1407,1476
1,2522,2523,2725
1,2912,2269,3781
1,2146,2166,3985
1,1766,1806,1867
1,2354,2415,3410
1,2028,2026,3671
1,1768,1769,1798
1,2650,2651,3172
1,2726,3019,3020
1,1640,1637,3601
1,115,116,1374
1,749,750,3698
1,3418,3416,3420
1,1886,3205,4193
1,3361,2531,3362
1,2749,3156,3202
1,2586,2730,3707
1,769,770,3702
1,2517,2544,3697
1,3072,3082,3085
1,2401,2441,2477
1,747,748,3705
1,2700,2566,2748
1,3402,2083,3509
1,3241,2937,4012
1,3459,3411,4051
1,3528,3527,3747
1,1799,1871,3596
1,1954,3527,3528
1,2162,2164,2260
1,2700,2748,2749
1,1409,1476,3295
1,1614,1612,3472
1,1810,3269,4308
1,1550,2066,3735
1,1604,1602,3351
1,3757,3608,3870
1,3193,1341,4514
1,1618,1616,3475
1,1413,1411,1811
1,1495,1491,1496
1,2522,2725,2726
1,2665,1485,3532
1,3413,2180,3523
1,3306,2827,3307
1,1961,2253,3632
1,2005,3743,3773
1,1948,2189,3618
1,2905,2906,3189
1,2407,2408,2409
1,1475,1470,3648
1,2310,2769,3487
1,2409,2410,2411
1,2688,4430,4523
1,2727,2979,3500
1,2779,2333,3896
1,2593,2595,2596
1,1821,1822,1957
1,1633,1631,3411
1,3465,3464,3466
1,2586,2729,2730
1,1421,1419,1814
1,1388,1386,3980
1,2015,2014,2016
1,1505,1504,1506
1,2730,3517,3518
1,1417,1415,1473
1,2158,2160,2222
1,1572,1571,3425
1,3239,3256,4534
1,2013,1729,2014
1,3755,2778,3810
1,2730,2729,3517
1,2391,2398,2669
1,2586,2509,2729
1,2271,2272,3485
1,1560,1559,1571
1,2148,2150,3383
1,1551,1550,1559
1,2535,2843,2844
1,2834,3163,3164
1,2616,3268,3724
1,2494,2531,3361
1,1527,1533,2591
1,2490,2488,2491
1,1858,1531,1859
1,3489,3488,4099
1,2474,2509,2586
1,1511,1510,1512
1,3257,1445,3968
1,1860,1859,1861
1,1865,1861,3457
1,2596,2732,2977
1,1542,1541,1550
1,2025,2780,3726
1,3036,3044,3612
1,2492,2491,2528
1,2550,2552,2836
1,2847,2844,3272
1,2440,2411,2449
1,117,118,1369
1,2431,2433,3660
1,3496,3497,3498
1,2261,2310,3488
1,3597,1370,3598
1,3578,2640,3580
1,3385,3386,3387
1,3618,3619,3620
1,1506,1510,1511
1,1705,1559,3735
1,3037,3036,3038
1,1498,1504,1505
1,1347,3603,3604
1,2401,2402,2441
1,731,730,3235
1,2672,2625,3243
1,4407,3461,4485
1,1425,1471,3371
1,2003,2002,2004
1,1387,1388,1389
1,3213,2653,3736
1,3612,3063,3693
1,2001,1828,2002
1,3620,3619,3622
1,2384,3434,3599
1,1403,1402,3269
1,3607,1511,3794
1,2521,2519,2841
1,1495,1938,4069
1,2293,2292,2793
1,3063,3080,3081
1,2381,2387,2407
1,2494,2455,2531
1,1580,1578,3491
1,2995,2790,3006
1,2102,2104,3330
1,3504,3506,3507
1,2767,1381,3645
1,2228,2620,2621
1,2011,2009,2292
1,2646,2653,2901
1,2901,3212,3214
1,2624,2763,2905
1,2644,2521,3437
1,2687,2685,3446
1,2118,2120,2239
1,2490,2491,2492
1,1810,1403,3269
1,2041,2032,3502
1,1425,1423,1471
1,1588,1586,1817
1,1712,1705,1713
1,1590,1588,3308
1,2154,2156,2238
1,1598,1596,1816
1,1592,1590,1696
1,2818,2817,2819
1,2104,2106,2249
1,1741,1728,3712
1,1472,3380,3381
1,2211,3240,3781
1,2382,2384,3599
1,2108,2110,2561
1,2479,2534,2535
1,2160,2162,3274
1,2100,2102,2548
1,1602,1600,1707
1,1429,1815,3377
1,1606,1604,1818
1,3122,3123,4642
1,3372,3375,3376
1,2112,2114,2650
1,2096,2098,2287
1,1520,1512,1521
1,1982,1983,2213
1,2541,3217,3859
1,1561,1562,1690
1,1540,1526,1541
1,2404,2413,2444
1,1538,1539,1547
1,1547,1548,1561
1,1401,1402,1403
1,3435,1848,3436
1,2021,2022,3672
1,2280,2277,3538
1,1610,1608,1711
1,3283,3279,4632
1,1550,1541,2066
1,1571,1559,1705
1,1612,1610,3470
1,1784,1820,1821
1,2929,3789,4554
1,1399,1400,1401
1,2213,2564,2815
1,2474,2468,2509
1,3026,3027,3029
1,1429,1427,1815
1,1397,1398,1399
1,2402,2404,3642
1,1800,3710,4039
1,1938,3713,4069
1,2592,1957,2593
1,2018,2019,2021
1,3613,1691,3658
1,2092,2094,2206
1,2098,2100,3357
1,1896,2126,3644
1,3034,3035,3036
1,2231,2687,3448
1,3484,1827,3696
1,2150,2191,3383
1,2267,3345,3346
1,2928,1964,3906
1,1395,1396,1397
1,2016,2017,2018
1,2486,2488,2490
1,3124,1545,4652
1,2599,2237,2707
1,2150,2152,2191
1,1507,1515,3716
1,1921,3765,4459
1,2878,2598,3216
1,2796,2807,2808
1,3397,2245,4412
1,2088,2090,2267
1,2849,3485,3486
1,1735,1713,1736
1,1526,1521,1527
1,1582,1580,1699
1,1858,1859,1860
1,2808,2807,3018
1,2466,2447,3569
1,2796,2795,2807
1,2260,2683,2684
1,1433,1431,1472
1,1616,1614,1720
1,2027,2026,2028
1,2094,2096,3339
1,2025,1847,2026
1,2391,2392,2398
1,2941,2492,3503
1,2032,2030,3501
1,2029,2028,2030
1,2544,2543,2656
1,2994,2015,3570
1,2843,2846,3205
1,1393,1394,1395
1,1332,3544,3964
1,3148,3901,4448
1,2794,2795,2796
1,3672,3673,3675
1,3044,3055,3063
1,2084,2086,2304
1,3063,3055,3080
1,2517,2516,2543
1,2627,2827,3306
1,2011,2641,3743
1,3036,3035,3044
1,2688,2608,2689
1,1860,1861,1865
1,2973,2972,2996
1,2078,2080,3402
1,3243,2625,3244
1,2146,2148,2166
1,2621,2620,2622
1,1623,1621,1729
1,2915,2602,3722
1,3079,3058,3669
1,3172,2651,3174
1,1482,1481,1489
1,2099,2097,3779
1,1929,1959,1982
1,2685,2686,2882
1,1778,1800,3366
1,2239,2120,3449
1,1439,1531,1858
1,1390,1388,3641
1,2516,2443,3609
1,2647,3760,3761
1,2171,2616,3724
1,2607,2606,2608
1,3032,3033,3034
1,2517,2543,2544
1,2544,2656,2657
1,2682,3216,4387
1,1804,1991,3521
1,2080,2082,2083
1,2262,2229,2850
1,2131,2132,3682
1,1512,3370,3798
1,1439,1437,1531
1,2724,3691,4081
1,1640,3601,4138
1,2528,2790,2995
1,1661,2025,3726
1,2943,2701,3482
1,3644,3132,3775
1,1768,1736,1769
1,3551,2517,3697
1,2479,2480,2534
1,1458,1848,3435
1,2616,2615,2893
1,2421,2422,2479
1,2070,2072,3413
1,2447,2437,3569
1,1631,1629,1721
1,1507,1502,1515
1,3025,3023,3087
1,3104,3103,3155
1,2642,2293,3611
1,2007,2008,2009
1,2410,2412,2421
1,2607,2608,2688
1,756,1829,3694
1,2659,2868,3441
1,2260,2164,2261
1,2004,2006,2007
1,2971,2972,2973
1,3427,2407,3731
1,1576,1574,1706
1,1636,1633,1828
1,2905,2763,2906
1,1463,1466,3439
1,2778,3207,3810
1,1971,2062,3513
1,3404,3405,3407
1,1821,1820,1822
1,1538,1537,1539
1,2231,2232,2685
1,3034,3033,3035
1,1775,1731,3732
1,2076,2078,2183
1,1413,1811,3299
1,1646,1644,3483
1,1832,3698,3700
1,1863,1966,1968
1,1644,1642,1724
1,1391,1392,1393
1,3311,3310,3312
1,1629,1627,3810
1,2433,2483,3660
1,1602,1707,3351
1,1699,1580,3491
1,2752,3786,4255
1,3436,3690,3691
1,2650,2114,2651
1,2013,2014,2015
1,1612,3470,3472
1,2978,2977,3550
1,2901,2653,3212
1,1740,1741,1742
1,2381,2382,2387
1,1967,1999,3574
1,2612,2613,2614
1,1996,1997,2226
1,1808,1876,1971
1,2794,2547,2795
1,2614,2803,2899
1,3527,1379,3747
1,2638,2640,3578
1,1966,1967,2221
1,1480,1481,1482
1,3470,3471,4050
1,1501,1502,1507
1,3362,3363,3364
1,2199,2670,2719
1,3251,2595,3756
1,2001,2002,2003
1,2226,1997,2562
1,2288,1690,2646
1,1337,3702,3703
1,1535,1537,1538
1,2072,2074,2180
1,2025,2026,2027
1,1458,1455,1848
1,2013,2778,3755
1,1742,1741,1759
1,127,128,3657
1,3155,1367,4562
1,1773,1774,3530
1,3270,2651,3758
1,3309,1817,3310
1,2956,2646,3490
1,1616,1720,3475
1,2831,3107,3426
1,1496,1497,1498
1,2614,2613,2803
1,2596,2595,2732
1,1841,2609,2612
1,3415,3416,3418
1,2027,2028,2029
1,2653,1690,3736
1,3309,3311,3316
1,2032,3501,3502
1,2659,2657,2868
1,2593,1957,2595
1,3245,1983,3753
1,2612,2609,2613
1,1800,3596,3710
1,3604,4247,4363
1,2029,2030,2032
1,2683,3489,3656
1,1463,1461,1466
1,3627,3016,3629
1,2003,2004,2005
1,2416,2442,3551
1,3008,2633,3723
1,1861,1862,1863
1,2442,2516,2517
1,1730,1731,1773
1,1999,3573,3574
1,2971,2676,2972
1,2068,2070,2123
1,2262,2850,2937
1,2616,2893,3193
1,1863,1864,1966
1,1971,1876,2062
1,3152,2815,3153
1,1996,1995,1997
1,1623,1729,2013
1,2005,2004,3743
1,2140,2142,2165
1,2715,2924,2925
1,2627,2628,2827
1,2126,2674,3644
1,2016,2018,2020
1,3040,3041,3042
1,1661,1847,2025
1,2007,2011,3743
1,1954,703,3527
1,1490,1495,1555
1,2547,2456,3659
1,1470,1465,1826
1,1547,1539,1548
1,735,1375,3709
1,1661,1659,1847
1,2011,2292,2293
1,3567,1322,4267
1,2249,2106,3336
1,1515,2606,2607
1,2622,2624,3329
1,1480,1475,1481
1,2043,2041,2055
1,1670,1667,1698
1,2022,2024,2235
1,1636,1828,2001
1,1488,1484,1831
1,3605,2449,3606
1,2599,2707,2880
1,2687,3446,3447
1,2222,3276,3278
1,1631,1721,3411
1,2931,3145,3728
1,3976,3314,4586
1,1441,3272,3914
1,1477,1485,2665
1,1588,1817,3308
1,2571,3494,3495
1,1691,1692,1730
1,2689,2701,2943
1,2222,2160,3274
1,2674,3132,3644
1,2548,2102,3330
1,2171,2615,2616
1,2818,3199,3200
1,2276,3504,3505
1,2047,2229,2262
1,1561,1548,1562
1,2646,1690,2653
1,3372,3376,4059
1,2483,2960,3660
1,1501,1494,1502
1,2047,2045,2229
1,2247,2248,2715
1,2092,2206,3343
1,1982,1959,1983
1,3134,3135,3533
1,1688,1682,1715
1,2667,3355,4100
1,1708,1688,3496
1,2171,2169,2615
1,2397,2400,2401
1,2136,2138,2250
1,2548,3334,3335
1,1522,1516,1528
1,2007,2009,2011
1,2080,2083,3402
1,2276,2177,3504
1,2177,2175,2303
1,1606,1818,3356
1,2213,1983,2564
1,2331,2330,3895
1,20,1381,2767
1,1544,1530,1549
1,2440,2449,3605
1,1732,1722,1758
1,2072,2180,3413
1,1568,1558,1569
1,2562,2785,2859
1,3052,3051,3059
1,2273,2271,2849
1,3325,3326,3327
1,2290,2284,2734
1,2815,2564,3001
1,2571,2290,3494
1,2310,3487,3488
1,3986,2917,3998
1,2287,2098,3357
1,1993,1995,1996
1,3132,3133,3134
1,1770,1762,1849
1,3059,3103,3104
1,2707,2708,3367
1,1740,1728,1741
1,1927,1833,3493
1,2231,2685,2687
1,1833,1796,1941
1,2051,2237,2599
1,2247,2715,2716
1,3139,2745,3140
1,2528,2529,2790
1,1498,1503,1504
1,2033,2035,2039
1,733,732,3016
1,1389,1390,1391
1,2787,3127,3266
1,3737,2705,3738
1,3029,3027,3030
1,1527,1532,1533
1,3256,2681,3721
1,2096,2287,3339
1,2480,2515,3617
1,1564,1566,3613
1,2132,2134,2255
1,3466,3946,4213
1,1841,1839,2609
1,1808,1787,1876
1,2651,2114,3758
1,1984,1939,3701
1,2805,3185,3192
1,3040,3038,3041
1,3049,3051,3052
1,3720,3703,4582
1,2404,2444,3642
1,2595,1957,3756
1,1623,2013,3755
1,704,703,1954
1,1756,1766,3760
1,2443,2499,3609
1,1973,1935,2000
1,2051,2052,2237
1,3054,3052,3460
1,2199,2181,2670
1,2668,2581,2783
1,3261,3260,3262
1,2314,2315,3725
1,2196,2247,3547
1,726,1333,3541
1,3032,3031,3033
1,1805,1804,2179
1,2486,2487,2488
1,1983,1959,3753
1,3065,3054,3067
1,3777,3626,4347
1,1486,1855,3846
1,1506,1509,1510
1,2010,2214,2231
1,3519,3518,3520
1,2035,2036,2215
1,2128,2130,2131
1,3278,3276,3279
1,2415,2485,2486
1,3405,3403,3406
1,2033,2034,2035
1,3386,3384,3393
1,1804,1789,1991
1,1539,3552,3809
1,1730,1692,1731
1,2265,1978,2598
1,3436,3689,3690
1,2030,2031,2033
1,2849,2271,3485
1,1533,1534,1535
1,2837,1981,2938
1,2386,2389,2391
1,2591,1533,3636
1,1987,1734,3718
1,3049,3042,3051
1,3030,3031,3032
1,1776,1778,1824
1,2467,2466,2468
1,1691,1687,1692
1,1773,1731,1774
1,2469,2468,2474
1,1999,2128,3573
1,3374,3373,3774
1,2998,2865,2999
1,2203,2179,2271
1,1790,1789,1804
1,2384,2386,3434
1,2537,3369,3609
1,175,1346,3727
1,3065,3067,3068
1,2850,2851,3196
1,2729,2731,2985
1,3425,3464,3465
1,2577,2931,3728
1,2633,2610,3723
1,1824,1778,3366
1,2074,2076,3685
1,1562,1564,3736
1,3029,3030,3046
1,1698,3562,3563
1,2650,3172,3173
1,3537,3538,3539
1,3416,3414,3417
1,2880,2707,3780
1,2271,2179,2272
1,2602,2777,3722
1,1518,2233,2627
1,2378,2380,2381
1,2964,2706,3737
1,3259,3260,3261
1,2195,2196,3547
1,1566,1687,1691
1,1731,1692,3732
1,2083,2082,2084
1,1489,3246,4290
1,3095,3074,3102
1,743,1356,3714
1,3638,2258,3639
1,2439,2411,2440
1,1786,1773,1789
1,2565,2551,2566
1,2196,2205,2247
1,2024,2068,3706
1,3395,3391,3917
1,3320,4089,4262
1,2537,2555,2852
1,2689,2690,2701
1,2922,3178,4618
1,2681,2649,3721
1,2411,2410,3328
1,119,120,1781
1,1869,1794,2766
1,2495,2494,2519
1,1854,721,3576
1,1560,1571,1572
1,1515,2605,2606
1,2725,2523,2727
1,3293,2978,4489
1,3203,3202,3204
1,1698,3563,3631
1,2522,2445,2523
1,1551,1559,1560
1,2463,2455,2494
1,2660,3578,3579
1,3118,3117,3119
1,3640,3639,4626
1,2442,2443,2516
1,2454,2440,2455
1,2772,4523,4558
1,2701,2961,2988
1,1972,1971,2181
1,3545,2719,3546
1,2374,2376,2377
1,2578,2492,2941
1,1743,1742,1787
1,2483,2892,2960
1,2054,2194,2195
1,2560,1984,3701
1,2416,2417,2442
1,174,175,3727
1,1542,1550,1551
1,3318,3320,3321
1,2585,2566,2700
1,3227,3226,3228
1,2621,2625,2672
1,2182,2181,2199
1,1383,1380,4024
1,1735,1768,1782
1,2061,3986,3998
1,2367,2369,2390
1,3039,3038,3040
1,3638,3639,3640
1,1524,3766,4417
1,2520,2519,2521
1,2397,2401,3285
1,1791,1787,1808
1,2596,2977,2978
1,2945,2932,3242
1,3034,3036,3037
1,3299,3298,3300
1,2931,2930,2932
1,2791,2825,3137
1,2845,2844,2847
1,1535,1536,1537
1,3122,3061,3123
1,2734,3536,3540
1,2362,2364,2414
1,3332,3337,4384
1,4036,4496,4636
1,2674,3131,3132
1,3047,3046,3061
1,1562,1563,1564
1,4430,3159,4523
1,2643,2521,2644
1,2744,2226,2745
1,3167,3421,4265
1,162,163,3688
1,2584,2547,2794
1,1358,3243,4101
1,2974,2973,2975
1,2378,2381,3427
1,1974,1973,2185
1,3012,3011,3013
1,2444,2413,2445
1,3077,3108,4202
1,2634,2635,2636
1,2632,2633,2634
1,3648,1826,3649
1,3024,3026,3028
1,1739,1728,1740
1,1727,1695,1728
1,2360,2362,3608
1,1693,1568,1695
1,1746,1793,2220
1,2847,3272,3717
1,2900,2899,2957
1,724,1853,3544
1,2298,2830,2831
1,1567,1558,1568
1,1936,1935,1973
1,3138,2745,3139
1,2038,2050,2051
1,710,1370,3597
1,3088,3094,3267
1,2021,2019,2022
1,2848,2847,3257
1,1849,3534,3535
1,2863,2532,2865
1,2658,2657,2659
1,3766,3441,4417
1,2592,2593,2594
1,3099,3096,3734
1,2416,3551,3896
1,2776,3190,4434
1,2624,2905,3329
1,1676,1673,3749
1,1823,4225,4531
1,3797,1965,3888
1,741,1852,3715
1,1508,1507,1513
1,3437,2841,4310
1,3074,3062,3564
1,2632,2610,2633
1,1457,4310,4362
1,2016,2014,2017
1,3062,3061,3122
1,2634,2633,2635
1,2465,2447,2466
1,2630,2631,2984
1,3067,3054,3460
1,4089,2122,4262
1,733,3016,3627
1,1875,1981,2837
1,2931,2932,2945
1,1470,1826,3648
1,1557,1554,1558
1,2354,2356,2415
1,1483,1482,1484
1,1540,1541,1542
1,2582,3148,3650
1,2083,2084,3826
1,1514,1513,1516
1,1552,1544,1554
1,1543,1530,1544
1,1529,1525,1530
1,1523,1522,1525
1,1517,1516,1522
1,2018,2017,2019
1,2675,2659,2676
1,2970,2676,2971
1,2562,2563,2785
1,3623,3620,3624
1,1420,1419,1421
1,2660,2638,3578
1,4204,3640,4626
1,1455,1452,3526
1,1840,1839,1841
1,726,727,1333
1,1347,714,3603
1,2821,2822,2823
1,1510,1518,3370
1,1746,1792,1793
1,3011,2560,3701
1,1821,1957,2592
1,1422,1421,1423
1,1834,1833,1927
1,1556,1390,3641
1,1564,1565,1566
1,1669,3622,4437
1,1520,1526,1540
1,2880,3780,4346
1,2209,1987,3718
1,1487,1484,1488
1,2882,2686,2883
1,2550,2481,2552
1,1493,1488,1494
1,1424,1423,1425
1,1499,1494,1501
1,1667,1665,3562
1,3439,1466,3850
1,1759,1992,1993
1,1951,2258,3638
1,1797,1796,1833
1,1659,1656,3610
1,1948,1960,2189
1,1771,1770,1796
1,2758,2755,3787
1,2706,2705,3737
1,2967,2966,3663
1,2315,2318,3725
1,3428,3427,3731
1,2785,2786,2787
1,1946,1948,3618
1,1803,1951,3638
1,2787,2853,3127
1,1793,1874,1875
1,2803,2804,2805
1,1993,1994,1995
1,1942,1944,2246
1,1763,1762,1770
1,2965,2964,2966
1,1426,1425,1427
1,2437,2435,2697
1,2377,3428,3429
1,2793,2292,3219
1,1460,1458,1461
1,1462,1461,1463
1,3080,3548,3549
1,1464,1463,1465
1,1468,1465,1470
1,3239,2681,3256
1,2638,2636,2640
1,1474,1470,1475
1,1479,1475,1480
1,1428,1427,1429
1,2716,2715,3664
1,2577,2930,2931
1,3442,4361,4400
1,1546,1701,2307
1,3115,2953,3117
1,1822,1929,3756
1,2805,2806,3185
1,3048,3042,3049
1,2131,3682,3722
1,1456,1455,1458
1,3369,2652,3609
1,2704,2703,2705
1,724,725,1853
1,1733,1732,1737
1,3443,3442,4400
1,2213,2815,3152
1,2058,2610,2632
1,2685,2232,2686
1,1723,1722,1732
1,3059,3060,3103
1,1408,1407,1409
1,1430,1429,1431
1,1875,1961,1981
1,1866,1865,3253
1,1406,1405,1407
1,2004,2002,2006
1,2291,2290,2571
1,1416,1415,1417
1,1432,1431,1433
1,1418,1417,1419
1,2009,2008,2010
1,2284,2281,3536
1,2836,2552,2871
1,1719,1718,1722
1,3372,1471,3375
1,2862,3588,3589
1,1410,1409,1411
1,2285,2284,2290
1,1434,1433,1435
1,1438,1437,1439
1,1436,1435,1437
1,2007,2006,2008
1,2499,2501,2537
1,1689,1688,1708
1,1683,1682,1688
1,3096,3095,3734
1,2639,2638,2660
1,120,121,3215
1,1412,1411,1413
1,3681,3719,4223
1,3089,3085,3090
1,3044,3045,3055
1,3571,2020,4075
1,2603,2200,2604
1,722,723,1332
1,1561,1690,2288
1,3537,2280,3538
1,1681,1680,1682
1,2604,3591,3592
1,2617,2059,2649
1,2450,2426,2451
1,1762,1738,3534
1,1844,3786,4616
1,1673,1672,3749
1,1414,1413,1415
1,2178,2177,2276
1,1774,1775,1776
1,735,734,1375
1,1566,1686,1687
1,1321,3189,4506
1,2819,2820,2821
1,2338,2340,2416
1,2231,2214,2232
1,2862,3589,3590
1,2040,2032,2041
1,719,720,3704
1,2843,2534,2846
1,2577,2810,2930
1,3070,3050,3695
1,3349,3350,3759
1,2202,2099,3779
1,2471,2469,3646
1,2657,2656,3630
1,1516,1513,3572
1,2176,2175,2177
1,1946,3618,3623
1,1725,1744,1746
1,720,721,1854
1,1671,1670,1672
1,1668,1667,1670
1,207,3192,4238
1,2288,2646,2956
1,2170,2169,2171
1,1796,1770,3615
1,2619,3467,4206
1,2046,2045,2047
1,3388,3387,3389
1,1666,1665,1667
1,2925,2924,3231
1,3553,2307,3554
1,2273,2849,2891
1,1839,1836,3480
1,2661,2660,3584
1,2692,2209,3718
1,1934,1842,1935
1,2771,2661,2948
1,708,709,1985
1,2042,2041,2043
1,3010,2560,3011
1,2242,2243,2677
1,1538,1547,1823
1,2044,2043,2045
1,1660,1659,1661
1,2253,2861,2862
1,2546,2456,2547
1,3619,2189,3621
1,1769,1783,1784
1,2715,2248,2924
1,1404,1403,1405
1,1384,1386,1387
1,2637,2636,2638
1,1838,1836,1839
1,2827,2628,3187
1,1656,1655,3610
1,1541,1526,3522
1,3030,3027,3031
1,1776,1777,1778
1,2200,2199,3545
1,3037,3038,3039
1,2131,2130,2132
1,3921,2984,4464
1,2745,2226,3586
1,2318,2320,2630
1,1645,1644,1646
1,1848,3526,3689
1,2410,2408,2412
1,2401,2400,2402
1,717,718,1329
1,3102,3074,3564
1,1498,1497,1503
1,3327,3678,4186
1,2622,2623,2624
1,1861,1859,1862
1,710,711,1370
1,2556,2798,2881
1,2707,2237,2708
1,715,716,1856
1,1572,3425,3468
1,3390,3389,3391
1,3725,2630,3921
1,1966,1864,1967
1,2318,2630,3725
1,2713,2706,2964
1,1761,1738,1762
1,3249,2880,3250
1,713,714,1347
1,3394,3391,3395
1,1784,1819,1820
1,2842,3641,3980
1,2026,2699,3671
1,1808,1972,3665
1,2211,2209,2692
1,1790,1804,1805
1,1537,1546,3552
1,1454,1452,1455
1,1643,1642,1644
1,2735,2005,3150
1,2259,2576,2577
1,1806,1969,3813
1,2247,2205,2248
1,2224,1964,2928
1,702,701,1379
1,3376,4007,4059
1,1863,1862,1864
1,1805,2179,2203
1,2574,2572,2703
1,2479,2422,2480
1,3367,2708,3368
1,3174,3270,3438
1,2449,2411,3328
1,2594,3292,4115
1,3362,2531,3363
1,1778,1799,1800
1,3047,3061,3062
1,1951,2188,2258
1,1822,1928,1929
1,2906,3292,3293
1,1450,1448,1451
1,1717,1709,1718
1,2835,3529,4175
1,2058,2230,2610
1,2778,2015,2994
1,1976,1977,2242
1,1714,1803,2856
1,3193,2893,4379
1,1641,1640,1642
1,2421,2412,2422
1,2203,2271,2273
1,2228,2619,2620
1,3056,3083,3088
1,2624,2762,2763
1,1821,2592,3785
1,3134,3133,3135
1,2120,2227,2228
1,1446,1444,1447
1,3029,3046,3047
1,2641,2293,2642
1,2076,2183,3685
1,2635,3008,3009
1,2175,2172,3724
1,2283,2281,2284
1,1769,1784,3785
1,3105,3654,3655
1,2299,2663,3635
1,1679,1677,1680
1,2026,1847,2699
1,2030,2028,2031
1,3316,3311,3768
1,1533,1532,1534
1,1442,1440,1443
1,2118,2119,2120
1,2279,2277,2280
1,3040,3048,3695
1,2195,2194,2196
1,2429,2504,3686
1,1929,1958,1959
1,1322,3679,4267
1,764,765,1322
1,2391,2389,2392
1,1757,1750,3817
1,2528,2491,2529
1,3092,3218,3982
1,1630,1629,1631
1,3780,1913,4346
1,1675,1673,1676
1,761,762,1827
1,1842,1841,3412
1,2035,2034,2036
1,2561,2110,3478
1,1632,1631,1633
1,1628,1627,1629
1,1665,1662,3726
1,2275,2752,4052
1,1634,1633,1636
1,759,760,1325
1,1786,1789,1790
1,1728,1695,3712
1,1613,1612,1614
1,2068,2123,3706
1,1615,1614,1616
1,2850,2229,2851
1,756,757,1829
1,3580,3581,3582
1,1976,2600,3750
1,1938,1496,4065
1,1622,1621,1623
1,3140,3586,4216
1,1664,1662,1665
1,2174,2172,2175
1,2033,2031,2034
1,1617,1616,1618
1,1730,1773,1786
1,1510,1509,1518
1,1619,1618,1621
1,2168,2048,2169
1,754,755,1330
1,3563,3647,4176
1,3507,1905,3837
1,3572,2772,4558
1,3454,3453,4499
1,2051,2050,2052
1,766,767,1825
1,1658,1656,1659
1,3735,2066,4215
1,3243,1358,4570
1,3436,1848,3689
1,1535,1534,1536
1,3132,3131,3133
1,752,753,1830
1,1611,1610,1612
1,4347,3626,4383
1,1654,1652,1655
1,3594,1352,3595
1,2769,2816,2817
1,3030,3032,4055
1,2893,2615,3241
1,3408,3407,3409
1,766,1825,3679
1,3520,3862,4439
1,1698,1667,3562
1,1609,1608,1610
1,750,751,1336
1,3360,1325,3484
1,2790,2529,2791
1,2881,3857,4001
1,2871,4145,4299
1,2627,2233,2628
1,3196,2851,3197
1,4045,3198,4169
1,2971,2974,3677
1,1512,1510,3370
1,1603,1602,1604
1,1871,2058,3596
1,770,771,3594
1,3115,3117,3118
1,748,749,1832
1,1650,1647,1651
1,1607,1606,1608
1,2474,2586,2792
1,1871,2056,2058
1,754,1330,3684
1,1601,1600,1602
1,768,769,1337
1,3326,3324,3744
1,1605,1604,1606
1,771,1352,3594
1,3076,3740,4074
1,1496,1491,1497
1,1793,1792,1874
1,2258,2259,3728
1,1513,1507,3716
1,2261,2309,2310
1,2112,2113,2114
1,746,747,1348
1,1498,1505,4065
1,2381,2380,2382
1,1506,1504,1509
1,2730,3518,3519
1,2199,2719,3545
1,3069,3050,3070
1,3343,3341,3344
1,1848,1455,3526
1,3376,3375,4245
1,1489,1481,2601
1,2310,2768,2769
1,1687,1714,3602
1,2488,2487,2489
1,3312,3313,3314
1,771,772,1352
1,2689,2608,2690
1,2377,2376,2378
1,725,726,3541
1,2592,3273,3785
1,2938,1981,2939
1,1808,1971,1972
1,2110,2111,2112
1,3471,1711,3742
1,1337,3703,3719
1,1746,1744,1792
1,2543,2516,2652
1,743,744,1356
1,1740,1742,1743
1,2862,2861,3588
1,3314,3315,3481
1,3407,3405,3765
1,2771,2948,2949
1,1875,1874,1961
1,3672,3675,3973
1,1599,1598,1600
1,3102,3947,4326
1,2572,2571,3568
1,2729,2509,2731
1,750,1336,3698
1,774,775,1382
1,1515,1502,2605
1,3027,3025,3739
1,2660,3579,3584
1,2486,2485,2487
1,1537,1536,1546
1,721,722,3576
1,1626,1624,1627
1,2792,2586,3707
1,2108,2109,2110
1,2639,2660,2661
1,2863,2865,2998
1,2414,2364,3651
1,3345,3344,4269
1,3373,3372,4059
1,2796,2808,2958
1,770,3594,3702
1,1597,1596,1598
1,2456,2418,3659
1,2182,2199,2200
1,1348,3705,4078
1,2265,2598,2878
1,3379,3774,4212
1,748,1832,3705
1,703,702,3527
1,2868,2657,3630
1,1972,2181,2182
1,741,742,1852
1,1996,2226,2744
1,1539,1537,3552
1,2807,2795,3201
1,2734,2284,3536
1,1527,1521,1532
1,2614,2899,2900
1,1520,1540,3794
1,1841,2612,3412
1,1564,1563,1565
1,3053,3052,3054
1,2307,1701,3555
1,3801,3871,3944
1,3496,3498,4579
1,2708,2237,3788
1,3816,2928,3906
1,1595,1594,1596
1,1639,1637,1640
1,2467,2468,2469
1,709,710,3597
1,2988,2961,3616
1,2106,2107,2108
1,2701,2690,2961
1,1743,1787,1791
1,2104,2105,2106
1,1593,1592,1594
1,2102,2103,2104
1,776,777,2776
1,2045,2043,3796
1,2606,2605,2662
1,1591,1590,1592
1,3334,4217,4294
1,2415,2356,2485
1,1466,3435,3925
1,1791,1808,3665
1,3039,3040,3695
1,2215,2036,3687
1,3587,1912,4286
1,3032,3034,3822
1,3040,3042,3048
1,3164,3163,3165
1,3293,1357,4605
1,714,715,3603
1,2162,2163,2164
1,3063,3081,3693
1,1486,1478,1855
1,1589,1588,1590
1,2652,2516,3609
1,1501,1507,1508
1,2617,2649,2681
1,2115,2117,2118
1,2465,2466,2467
1,739,740,2626
1,1528,1516,3572
1,1849,1762,3534
1,2694,3797,3888
1,2490,2492,2578
1,2971,2973,2974
1,2442,2417,2443
1,1936,1973,1974
1,2020,2018,4033
1,2562,1997,2563
1,2100,2101,2102
1,1941,1796,3615
1,3012,3013,3014
1,2930,2810,3234
1,2544,2657,2658
1,1566,1565,1686
1,2603,2604,3593
1,2537,2501,2555
1,2985,2731,2986
1,2607,2688,2772
1,2744,2745,3138
1,2577,2576,2810
1,1727,1728,1739
1,1693,1695,1727
1,2259,2577,3728
1,1480,1482,1483
1,2803,2613,2804
1,1891,1942,3814
1,1567,1568,1693
1,3397,2270,4388
1,3059,3051,3060
1,2468,2466,3872
1,1690,1562,3736
1,2409,2411,2439
1,2940,4004,4207
1,1559,1550,3735
1,1759,1741,1992
1,1692,1687,3602
1,1440,1439,3565
1,2258,2188,2259
1,2900,2957,3113
1,3098,3096,3099
1,2552,2481,3815
1,2098,2099,2100
1,699,698,1371
1,1557,1558,1567
1,1349,127,3657
1,1331,3486,4312
1,2914,2915,4153
1,1806,1807,1969
1,2416,2340,2417
1,1840,1841,1842
1,2253,2862,3632
1,2096,2097,2098
1,3618,3620,3623
1,2415,2486,3876
1,2609,1839,3480
1,2048,2047,3512
1,3641,1388,3980
1,1934,1935,1936
1,3580,2640,3581
1,2634,2636,2637
1,2381,2407,3427
1,2571,3495,3568
1,1627,1624,3755
1,1562,1548,1563
1,3140,2745,3586
1,2094,2095,2096
1,171,172,1334
1,3010,3011,3012
1,2637,2638,2639
1,1508,1513,1514
1,166,167,1327
1,1494,1488,3821
1,1687,1686,1714
1,1552,1554,1557
1,1543,1544,1552
1,1529,1530,1543
1,1523,1525,1529
1,1517,1522,1523
1,1514,1516,1517
1,1323,162,3688
1,173,174,1845
1,2749,3202,3203
1,1587,1586,1588
1,175,176,1346
1,2974,2975,3637
1,2092,2093,2094
1,2984,2631,3492
1,1759,1993,3818
1,3871,2720,3944
1,2482,2551,2565
1,1797,1833,1834
1,2696,1399,3969
1,2450,2451,2530
1,2965,2966,2967
1,3662,2430,4165
1,3840,1906,4012
1,2401,2477,3285
1,2785,2563,2786
1,2004,2007,3743
1,3075,3074,3095
1,3397,3297,4344
1,1771,1796,1797
1,3127,2853,3128
1,178,179,1355
1,2090,2091,2092
1,2610,2782,3723
1,2364,2367,3651
1,2787,2786,2853
1,1763,1770,1771
1,1838,1839,1840
1,3688,163,3746
1,2488,2489,3832
1,181,182,1376
1,2535,2844,2845
1,696,1353,3754
1,1995,1994,2299
1,1483,1484,1487
1,1811,3298,3299
1,2578,2941,3398
1,1493,1494,1499
1,1487,1488,1493
1,2658,2659,2675
1,1993,1992,1994
1,2160,2161,2162
1,2421,2479,3918
1,2970,2971,3677
1,2704,2705,2706
1,2675,2676,2970
1,2084,2085,2086
1,1766,1767,1806
1,2635,2633,3008
1,3076,3739,3740
1,1774,1731,1775
1,2088,2089,2090
1,2805,2804,2806
1,1845,174,3727
1,2115,2118,3758
1,1585,1584,1586
1,2546,2547,2584
1,2895,2896,3141
1,2616,3193,3268
1,3320,3779,4089
1,3738,2705,4030
1,2713,2964,2965
1,2058,2632,3596
1,3524,2708,3788
1,2630,2320,2631
1,183,184,2666
1,1542,1551,3764
1,2463,2494,2495
1,1733,1737,1738
1,3602,2856,4048
1,1723,1732,1733
1,1761,1762,1763
1,737,736,2302
1,2439,2440,2454
1,1957,1822,3756
1,1462,1463,1464
1,2086,2087,2088
1,1468,1470,1474
1,1464,1465,1468
1,1460,1461,1462
1,2495,2519,2520
1,1474,1475,1479
1,2047,2262,3512
1,1776,1775,1777
1,1692,3602,3732
1,2454,2455,2463
1,1768,1798,4113
1,1439,1858,3565
1,1719,1722,1723
1,1456,1458,1460
1,2291,2571,2572
1,2285,2290,2291
1,1540,2064,3794
1,3069,3070,3086
1,2058,2056,2230
1,2610,2230,2782
1,2025,2027,2780
1,3738,4030,4560
1,1340,3221,3222
1,2643,2644,3126
1,2794,4157,4338
1,1860,1865,1866
1,3461,3104,4485
1,2520,2521,2643
1,2574,2703,2704
1,3071,3068,3072
1,2029,2032,2040
1,4216,2859,4524
1,3583,3009,4403
1,3428,3731,4072
1,3103,3060,3105
1,1583,1582,1584
1,2344,4185,4284
1,2766,4045,4169
1,3055,3056,3548
1,2158,2159,2160
1,3073,3062,3074
1,1376,182,3733
1,3080,3055,3548
1,1778,1777,1799
1,2851,2229,3796
1,1689,1708,1709
1,1683,1688,1689
1,1681,1682,1683
1,3848,1909,4216
1,2172,2171,3724
1,1420,1421,1422
1,2606,2662,3823
1,1717,1718,1719
1,2335,2338,3896
1,1424,1425,1426
1,3212,2653,3213
1,2224,2928,3290
1,3044,3035,3045
1,2996,2972,3766
1,2283,2284,2285
1,1422,1423,1424
1,2080,2081,2082
1,2848,3257,3258
1,2178,2276,2277
1,3042,3041,3851
1,2078,2079,2080
1,1428,1429,1430
1,161,162,1323
1,2931,2945,3145
1,3661,2697,3662
1,1426,1427,1428
1,1581,1580,1582
1,2036,2038,3687
1,1867,3813,4288
1,183,2666,3733
1,2156,2157,2158
1,2176,2177,2178
1,2946,2305,3908
1,2845,2847,2848
1,1454,1455,1456
1,2565,2566,2585
1,2991,2552,3815
1,3625,3626,3777
1,2076,2077,2078
1,1438,1439,1440
1,1432,1433,1434
1,1436,1437,1438
1,1430,1431,1432
1,3701,1939,3844
1,1434,1435,1436
1,2418,2334,3895
1,3762,2530,3763
1,1740,1743,3800
1,2279,2280,2281
1,1679,1680,1681
1,3483,1724,4254
1,1600,1598,4021
1,182,183,3733
1,696,695,1353
1,166,1327,3729
1,1450,1451,1452
1,2074,2075,2076
1,2022,2023,2024
1,1662,1661,3726
1,2170,2171,2172
1,1418,1419,1420
1,1671,1672,1673
1,3619,3621,3855
1,2066,1541,3522
1,1672,3157,4538
1,4221,3951,4471
1,2599,2880,3249
1,1675,1676,1677
1,1668,1670,1671
1,3468,3465,3469
1,1579,1578,1580
1,169,170,1843
1,2046,2047,2048
1,1666,1667,1668
1,4101,3244,4251
1,2072,2073,2074
1,3006,2790,4097
1,1794,1755,4029
1,2154,2155,2156
1,3086,3070,3741
1,3064,3054,3065
1,2174,2175,2176
1,2070,2071,2072
1,2883,2884,2885
1,3235,2012,4205
1,2984,3492,3751
1,2040,2041,2042
1,2044,2045,2046
1,2068,2069,2070
1,3984,3489,4000
1,1446,1447,1448
1,2593,2596,3600
1,1766,1867,3760
1,2024,2067,2068
1,1549,3175,4648
1,1660,1661,1662
1,2042,2043,2044
1,2640,2636,3583
1,2495,3433,4425
1,2168,2169,2170
1,2288,2956,4351
1,3819,3307,4203
1,2887,3675,4146
1,1818,3355,3356
1,1442,1443,1444
1,1713,1705,2691
1,2755,2757,3787
1,1416,1417,1418
1,1664,1665,1666
1,3338,2561,3478
1,3645,1387,3901
1,2904,2510,3900
1,2885,2886,2887
1,3028,3784,3953
1,3678,3352,4186
1,2152,2153,2154
1,3058,3050,3069
1,768,1337,3835
1,2529,2491,3832
1,1822,1820,1928
1,3540,3537,4235
1,1658,1659,1660
1,2003,2005,2735
1,165,166,3729
1,2567,705,4239
1,2530,2451,3789
1,2459,3720,4582
1,2757,2889,2895
1,2010,2065,2214
1,697,696,3754
1,1636,2001,3601
1,1637,1636,3601
1,164,165,1844
1,1501,1508,3811
1,1769,1736,1783
1,1995,2299,3841
1,2504,2539,2581
1,2564,1983,3245
1,1577,1576,1578
1,2150,2151,2152
1,1406,1407,1408
1,1573,1572,1574
1,3385,3387,3388
1,1408,1409,1410
1,3279,4149,4632
1,3703,3702,4116
1,3679,1825,3680
1,1414,1415,1416
1,3379,3374,3774
1,3283,1635,4167
1,2011,2293,2641
1,2039,2035,4085
1,3088,3083,3094
1,1645,1646,1647
1,1654,1655,1656
1,2013,2015,2778
1,2727,2728,2979
1,2862,3590,3632
1,2823,2822,2860
1,3775,3134,4200
1,3412,2612,3829
1,1643,1644,1645
1,1410,1411,1412
1,2622,2620,2623
1,1575,1574,1576
1,1480,1483,3812
1,3033,3031,3076
1,1825,767,3835
1,2148,2149,2150
1,1412,1413,1414
1,4266,4575,4622
1,3401,2851,3796
1,1650,1651,1652
1,3055,3045,3056
1,3075,3095,3096
1,2902,2475,3886
1,2690,2608,3823
1,2732,2595,3251
1,1877,1791,3665
1,2906,2763,3292
1,3565,1858,3745
1,2605,1502,3821
1,3043,3039,3050
1,3088,3267,4293
1,3332,2249,3336
1,2146,2147,2148
1,3174,2651,3270
1,1996,2744,3818
1,3132,3134,3775
1,2831,2830,2832
1,2185,1973,4096
1,1641,1642,1643
1,3302,3300,4388
1,3698,1336,3699
1,1795,1930,3965
1,3754,1353,4358
1,2707,3367,3780
1,2144,2145,2146
1,1784,1783,1819
1,3378,3379,4259
1,1404,1405,1406
1,1961,1962,2253
1,2142,2143,2144
1,2821,2820,2822
1,4046,2865,4126
1,1745,4042,4063
1,3500,2979,4277
1,2253,2254,2861
1,1959,1958,1980
1,3049,3052,3053
1,2752,2753,3786
1,2140,2141,2142
1,2132,2133,2134
1,1817,1586,3996
1,3704,1854,3827
1,163,164,3746
1,3743,2641,3773
1,2819,2817,2820
1,2138,2139,2140
1,2136,2137,2138
1,3070,3695,4037
1,1397,1399,2696
1,2642,3231,4404
1,3368,3524,3525
1,3719,3703,3720
1,2950,2949,2951
1,2609,3480,3853
1,2614,2900,3829
1,2196,2204,2205
1,1798,3273,4248
1,1860,1866,3745
1,2206,3341,3343
1,2508,2587,3967
1,3729,1327,3730
1,3363,3606,4563
1,1725,1726,1744
1,3554,3555,3556
1,1743,1873,3800
1,2134,2135,2136
1,3718,1734,3861
1,1401,1403,1404
1,3415,3418,3419
1,1703,1704,1725
1,1845,3234,4323
1,1967,1998,1999
1,3404,3407,3408
1,1929,1928,1958
1,1639,1640,1641
1,3050,3039,3695
1,3234,1845,4465
1,1630,1631,1632
1,1628,1629,1630
1,1844,165,3729
1,2582,3147,3148
1,2052,2053,2054
1,1634,1636,1637
1,1632,1633,1634
1,1813,1953,1976
1,2753,2758,3786
1,2770,2661,2771
1,3388,3389,3390
1,2778,2994,3207
1,1701,1702,1703
1,1849,3535,4322
1,1471,1423,3643
1,2718,2963,3793
1,3135,3136,3186
1,1959,1980,3753
1,126,127,1349
1,2052,2054,3788
1,2731,2509,3872
1,1622,1623,1624
1,3390,3391,3394
1,2036,2037,2038
1,3663,2966,4107
1,2450,2530,3762
1,2563,1997,3841
1,1635,3283,4163
1,1999,2127,2128
1,2054,2193,2194
1,2624,2623,2762
1,1626,1627,1628
1,3114,2953,3115
1,2275,2751,2752
1,2952,2951,2953
1,2534,2480,3617
1,1619,1621,1622
1,3106,3090,3442
1,3227,3228,3229
1,1859,1531,3670
1,2128,2129,2130
1,2017,3477,3993
1,1617,1618,1619
1,1615,1616,1617
1,1613,1614,1615
1,2753,2755,2758
1,2207,2208,3889
1,2228,2227,2619
1,3011,3701,4091
1,3060,3051,3851
1,3043,3050,3058
1,2120,2119,2227
1,1611,1612,1613
1,3191,2903,4054
1,2259,2575,2576
1,2038,2049,2050
1,1624,1623,3755
1,2804,2613,3853
1,1858,1860,3745
1,2490,2578,3876
1,2775,3966,4006
1,2801,2529,3832
1,1546,1700,1701
1,757,758,3692
1,755,756,3694
1,1756,1765,1766
1,2404,2406,2413
1,1974,2185,4252
1,1609,1610,1611
1,1750,1752,3817
1,2757,2895,3787
1,3312,3310,3313
1,1508,1879,3811
1,1393,1395,1570
1,2077,2075,3956
1,3366,2770,4132
1,2402,2403,2404
1,1724,1642,4138
1,1714,1802,1803
1,2349,2348,3915
1,1607,1608,1609
1,2872,3149,4366
1,1748,1750,1757
1,164,1844,3746
1,2989,2690,3823
1,2663,3112,3772
1,2114,2113,2115
1,2408,2387,3676
1,2118,2117,2119
1,2197,2602,2914
1,2844,2843,4060
1,2201,2200,2603
1,1951,2187,2188
1,1605,1606,1607
1,3633,3590,4597
1,2480,2514,2515
1,2674,2870,3131
1,1601,1602,1603
1,2006,3459,3987
1,3491,2969,4501
1,1603,1604,1605
1,3424,3422,4233
1,772,773,3711
1,2912,3781,4102
1,2744,3154,3818
1,3471,3742,3956
1,1853,3543,3544
1,2993,3745,4569
1,3458,2605,3821
1,1803,1950,1951
1,2261,2164,2309
1,1752,1754,2647
1,1483,1880,3812
1,3037,3039,3043
1,1737,1732,4044
1,3195,2944,4423
1,3603,1856,4247
1,1784,1821,3785
1,3238,2681,3239
1,2429,2503,2504
1,3550,2977,4420
1,3751,3492,3752
1,742,743,3714
1,3681,1825,3835
1,2791,2801,2825
1,2782,2809,2987
1,2283,2285,3767
1,2469,2474,3646
1,4500,3131,4541
1,2357,2360,3757
1,1599,1600,1601
1,117,1369,3120
1,3285,2477,3939
1,2947,2184,4088
1,1873,1791,1877
1,2114,2115,3758
1,2759,2603,2894
1,2112,2111,2113
1,3801,1710,3871
1,1518,1990,2233
1,763,764,4140
1,1867,1806,3813
1,19,3995,4643
1,2392,2393,2394
1,124,125,1851
1,740,741,3715
1,3256,1356,4534
1,707,708,3887
1,3003,3689,4460
1,1871,1872,2056
1,2394,2396,2397
1,2900,3516,3829
1,3047,3062,3073
1,2057,3145,4587
1,3763,3680,4236
1,2819,2821,4122
1,2110,2109,2111
1,1944,1945,1946
1,1942,1943,1944
1,1960,1970,2264
1,3073,3074,3075
1,3882,2825,4094
1,1933,1842,1934
1,2264,2305,2946
1,1946,1947,1948
1,1948,1949,1960
1,2382,2383,2384
1,2538,2532,2863
1,2443,2498,2499
1,1597,1598,1599
1,2496,2473,2532
1,2397,2399,2400
1,3391,3389,3916
1,3098,3099,3101
1,1884,1739,2890
1,1799,1801,1871
1,1878,1877,2059
1,2237,2052,3788
1,129,130,1367
1,1928,1820,3888
1,2060,2059,2617
1,2968,3493,4544
1,2386,2388,2389
1,3191,712,4354
1,2378,2379,2380
1,1835,1834,1836
1,3491,1578,4424
1,2108,2107,2109
1,3502,3501,4496
1,3314,3313,3315
1,1595,1596,1597
1,2126,2673,2674
1,2472,2471,2473
1,2769,2768,2816
1,2384,2385,2386
1,3541,1333,4207
1,2470,2469,2471
1,3149,2864,3190
1,2788,2563,3841
1,2084,2082,2085
1,688,687,1937
1,3273,2594,4115
1,1837,1836,1838
1,3595,4087,4311
1,2736,2560,3010
1,159,160,1846
1,3252,1569,4180
1,2499,2500,2501
1,2712,2706,2713
1,2367,2368,2369
1,1593,1594,1595
1,4537,3007,4559
1,3240,2662,4102
1,2791,3137,4097
1,2299,2648,2663
1,2106,2105,2107
1,2364,2366,2367
1,2197,2914,3929
1,2919,2828,3121
1,2104,2103,2105
1,122,123,2618
1,1591,1592,1593
1,2310,2309,2768
1,3660,2960,4144
1,2596,2978,3600
1,2374,2375,2376
1,2338,2339,2340
1,1888,1710,3801
1,1589,1590,1591
1,3150,3773,4649
1,2981,2584,2982
1,2535,2845,3918
1,2371,2373,2374
1,2369,2370,2371
1,2102,2101,2103
1,3635,2663,3772
1,1511,1520,3794
1,3622,3619,3855
1,1760,1738,1761
1,2362,2363,2364
1,2332,2333,2779
1,3454,3282,4390
1,2354,2355,2356
1,2573,2572,2574
1,1500,1499,2955
1,3180,2669,4627
1,3072,3085,3089
1,2464,2447,2465
1,3053,3054,3064
1,2663,2760,3112
1,2360,2361,2362
1,2611,2992,2993
1,3111,2731,3872
1,1887,1889,2709
1,1961,1874,1962
1,2802,2929,3004
1,1891,1894,1942
1,3444,2804,3853
1,3026,3029,3784
1,2556,2557,2798
1,2883,2686,2884
1,3399,3398,3400
1,2022,2019,2023
1,2100,2099,2101
1,320,319,1899
1,1942,2246,3814
1,1587,1588,1589
1,1459,4193,4382
1,1900,1479,2765
1,2866,2854,3017
1,2212,2289,2597
1,308,307,1331
1,2229,2045,3796
1,300,299,1357
1,2256,2218,2797
1,2282,2281,2283
1,3509,2083,3826
1,303,302,1326
1,1716,1709,1717
1,2427,2426,2450
1,2890,1739,3800
1,2098,2097,2099
1,2483,2484,2892
1,2976,3567,4493
1,2425,2424,2426
1,315,314,1904
1,3425,3465,3468
1,2318,2319,2320
1,1806,1767,1807
1,2446,2437,2447
1,317,316,1350
1,2559,1984,2560
1,2910,4154,4272
1,313,312,1339
1,2096,2095,2097
1,2462,2456,2546
1,2278,2277,2279
1,297,296,1321
1,3433,2495,4573
1,2419,2418,2456
1,3065,3068,3071
1,2010,2008,2065
1,2482,2565,3939
1,2771,2949,2950
1,2536,2316,2828
1,2592,2594,3273
1,3554,2307,3555
1,2578,3399,3876
1,2210,2209,2211
1,2094,2093,2095
1,2451,3161,4554
1,2343,2345,2346
1,1371,698,4026
1,3109,3060,3851
1,1678,1677,1679
1,2329,2331,2332
1,2436,2435,2437
1,2092,2091,2093
1,2335,2337,2338
1,3658,1786,3791
1,2481,2441,3815
1,2505,2510,2904
1,1790,1805,2124
1,3105,3109,3654
1,2639,2661,2770
1,1389,1391,1850
1,2893,4012,4379
1,2325,2327,2328
1,2090,2089,2091
1,2203,2273,2664
1,2518,2476,2579
1,2655,2475,2902
1,2810,2576,2811
1,2173,2172,2174
1,2924,2248,2926
1,2604,3592,3593
1,2752,2751,2753
1,2512,2589,2802
1,1695,1568,4077
1,2240,2580,2875
1,2782,2230,2809
1,2357,2359,2360
1,1739,1740,3800
1,1940,2063,2556
1,1674,1673,1675
1,2167,2048,2168
1,2088,2087,2089
1,2600,3289,3750
1,2223,1964,2224
1,2162,2161,2163
1,3222,3223,3226
1,2321,2323,2324
1,2507,2524,2923
1,1585,1586,1587
1,1353,695,3990
1,2423,2352,2424
1,2351,2353,2354
1,2086,2085,2087
1,2457,2452,2568
1,2305,2611,3908
1,1453,1452,1454
1,2242,1977,2243
1,3379,4212,4257
1,131,132,3783
1,2590,2513,2854
1,2259,2188,2575
1,2420,2493,2933
1,2208,2212,3889
1,716,717,3970
1,2315,2317,2318
1,1892,1888,3801
1,767,768,3835
1,3002,2917,3003
1,3368,2708,3524
1,2336,2334,2418
1,3711,773,4119
1,689,688,3795
1,1449,1448,1450
1,2511,2506,2678
1,2347,2349,2350
1,1713,2691,3942
1,2253,1962,2254
1,3668,3667,3990
1,2911,2269,2912
1,1663,1662,1664
1,3260,3139,4280
1,1560,1572,1573
1,2957,2899,4602
1,4343,1919,4433
1,1896,3644,3933
1,2608,2606,3823
1,1870,3421,4125
1,132,133,1373
1,2257,2313,2314
1,2433,2438,2483
1,1540,1542,2064
1,2208,1987,2209
1,1714,1686,1802
1,1583,1584,1585
1,736,735,3709
1,2698,1857,3893
1,2680,2679,3254
1,4196,2251,4227
1,2955,1499,3811
1,3581,2640,3583
1,3494,2734,4105
1,1993,1996,3818
1,3208,2741,3209
1,2612,2614,3829
1,2453,2458,2569
1,2078,2077,2079
1,3066,3092,3093
1,2080,2079,2081
1,1502,1494,3821
1,2196,2194,2204
1,1752,2647,3817
1,2036,2034,2037
1,2434,2432,2435
1,2076,2075,2077
1,2491,2488,3832
1,1499,1501,3811
1,2052,2050,2053
1,2510,2512,3900
1,2700,3860,4104
1,3033,3076,3945
1,2927,3481,4429
1,3022,3108,4640
1,1725,1704,1726
1,1657,1656,1658
1,1744,1726,1745
1,2718,2549,2963
1,310,309,1903
1,2885,2884,2886
1,1963,1893,1964
1,2024,2023,2067
1,700,699,3982
1,2460,2478,2497
1,2074,2073,2075
1,1930,2240,3965
1,1445,1444,1446
1,2072,2071,2073
1,2541,2874,3217
1,3197,2851,3401
1,2068,2067,2069
1,2070,2069,2071
1,1890,1888,1892
1,2895,2889,2896
1,3145,2057,4626
1,3045,3035,3945
1,2700,2749,3860
1,3135,3133,3136
1,3078,3058,3079
1,3307,2827,4228
1,3294,1685,4084
1,1441,1440,1442
1,1479,1480,3812
1,1581,1582,1583
1,1653,1652,1654
1,218,217,1359
1,2031,3671,3977
1,1967,1864,1998
1,306,305,1902
1,220,219,1907
1,3051,3042,3851
1,2988,3867,4637
1,1997,1995,3841
1,212,211,1360
1,704,1954,4239
1,2765,1479,3812
1,1397,2696,3771
1,2916,2306,2917
1,224,223,1905
1,226,225,1341
1,1565,1563,2711
1,1534,1532,2190
1,3556,3555,3557
1,1703,1702,1704
1,3576,1332,4438
1,1546,1536,1700
1,206,205,1361
1,2186,1978,2265
1,1649,1647,1650
1,2132,2130,2133
1,2352,2349,3915
1,2160,2159,2161
1,3049,3053,3943
1,215,214,1316
1,1355,179,4038
1,222,221,1312
1,209,208,1324
1,693,692,1368
1,228,227,1906
1,2727,2523,2728
1,191,190,1362
1,4307,3604,4363
1,188,187,1377
1,2950,2951,2952
1,1862,1859,3670
1,2214,2065,2588
1,1548,1539,3809
1,201,200,1908
1,2182,2200,2201
1,196,195,1909
1,2613,2609,3853
1,1799,1777,1801
1,194,193,1345
1,1579,1580,1581
1,3007,2718,3793
1,3031,3027,3739
1,1521,1512,3798
1,203,202,1328
1,198,197,1335
1,1627,3755,3810
1,2056,1872,2057
1,294,293,1358
1,3375,1471,3643
1,708,1985,3887
1,738,737,3455
1,2871,2552,2991
1,1930,1869,1978
1,230,229,1310
1,4030,1316,4560
1,3187,2628,3188
1,1504,1503,4015
1,1570,1395,3771
1,3680,3681,4236
1,3048,3049,3943
1,2750,2274,2873
1,1892,3801,3802
1,2781,2184,2947
1,2527,2525,2679
1,232,231,1910
1,2064,1542,3764
1,3966,2296,4006
1,2952,2953,3114
1,321,320,3804
1,1783,1736,3942
1,2158,2157,2159
1,2667,2077,3956
1,1965,1928,3888
1,3490,2901,4456
1,2266,3640,4204
1,1803,1802,1950
1,1897,1857,2698
1,1743,1791,1873
1,316,315,3806
1,314,313,3807
1,2783,2581,3650
1,234,233,1340
1,3688,3746,4482
1,2961,2690,2989
1,1940,2556,4001
1,2338,2416,3896
1,2508,2395,2587
1,2744,3138,3154
1,1934,1936,1975
1,2900,3113,3516
1,1701,1700,1702
1,4125,3195,4566
1,1829,757,3692
1,2846,2534,3617
1,3680,3763,4267
1,2859,2785,4209
1,1577,1578,1579
1,1330,755,3694
1,2205,2204,2558
1,1951,1950,2187
1,2737,2764,3015
1,2617,2681,3238
1,2059,1877,4057
1,2156,2155,2157
1,319,318,3803
1,2662,2605,3458
1,2509,2468,3872
1,690,689,1372
1,3995,19,4377
1,1840,1842,1933
1,1819,1916,2694
1,2821,2823,3926
1,236,235,1914
1,3665,1972,3972
1,2445,2413,3686
1,1395,1397,3771
1,2965,2967,2968
1,3645,3901,4553
1,1727,1739,1884
1,2630,2984,3921
1,3691,3690,3941
1,1567,1693,1694
1,3964,3543,4471
1,158,159,3769
1,697,3754,4026
1,2786,2563,2788
1,2791,2529,2801
1,1871,1801,1872
1,1718,1709,4304
1,3628,3627,3629
1,2540,2448,2983
1,2486,2490,3876
1,2054,2053,2193
1,3043,3058,3078
1,3525,3587,4286
1,2845,3110,3918
1,1775,3732,3831
1,1797,1834,1835
1,2038,2037,2049
1,3530,1774,4194
1,2154,2153,2155
1,1638,1637,1639
1,1508,1514,1879
1,1766,1765,1767
1,2443,2417,2498
1,2806,2804,3444
1,2704,2706,2712
1,242,241,1343
1,1517,1523,1524
1,240,239,1913
1,1543,1552,1553
1,2781,3253,4391
1,4148,3381,4595
1,307,306,3833
1,2299,1994,2648
1,2480,2422,2514
1,2412,2408,3676
1,2431,3660,3934
1,1761,1763,1779
1,299,298,3805
1,2568,2452,3762
1,2555,2501,2693
1,318,317,3903
1,2152,2151,2153
1,1575,1576,1577
1,244,243,1912
1,3689,3526,4460
1,238,237,1311
1,3128,2853,4289
1,2489,2487,2671
1,1491,1486,3846
1,3097,3096,3098
1,2291,2572,2573
1,2266,3831,4048
1,2914,2602,2915
1,1483,1487,1880
1,3056,3057,3083
1,2505,2904,3963
1,2150,2149,2151
1,1573,1574,1575
1,250,249,1342
1,2474,2792,3646
1,1493,1499,1500
1,248,247,1915
1,1625,1624,1626
1,1733,1738,1760
1,1776,1824,4194
1,2453,2569,4002
1,1352,772,3711
1,2148,2147,2149
1,2309,2164,3966
1,156,157,3799
1,1489,2601,4555
1,2134,2133,2135
1,1999,1998,2127
1,2525,2508,3967
1,2979,2728,2980
1,1719,1723,1881
1,2138,2137,2139
1,252,251,1918
1,3053,3066,3943
1,2136,2135,2137
1,2675,2970,3211
1,2311,1697,2702
1,246,245,1313
1,2146,2145,2147
1,4406,1346,4453
1,2144,2143,2145
1,292,291,1924
1,2694,2695,2737
1,2020,4033,4075
1,2201,2603,2759
1,2142,2141,2143
1,1474,1479,1900
1,187,186,3843
1,1908,3129,4318
1,2140,2139,2141
1,3831,3732,4048
1,2452,2450,3762
1,2694,2737,3797
1,2279,2281,2282
1,1518,1509,1990
1,2128,2127,2129
1,1795,1794,1869
1,256,255,1919
1,258,257,1344
1,1464,1468,1469
1,1976,1953,1977
1,3659,2418,3895
1,2178,2277,2278
1,2546,2584,2981
1,2485,2356,3757
1,3105,3060,3109
1,3029,3047,3784
1,688,1937,3795
1,1460,1462,1883
1,4116,3595,4311
1,1681,1683,2720
1,1689,1709,1716
1,2702,1697,3910
1,1685,3656,3984
1,254,253,1314
1,3680,1825,3681
1,2565,3000,3939
1,260,259,1917
1,3034,3037,3822
1,3066,3064,3091
1,2467,2469,2470
1,219,218,3834
1,2170,2172,2173
1,1852,742,3714
1,2402,2400,2403
1,2224,3290,3291
1,3252,3981,4077
1,221,220,3838
1,3322,3321,3323
1,3222,3221,3223
1,1454,1456,1457
1,223,222,3837
1,1675,1677,1678
1,1992,3712,3981
1,227,226,3839
1,2230,2056,3792
1,774,1382,4119
1,2742,2286,2990
1,2056,2057,3792
1,2674,2673,2870
1,2392,2389,2393
1,3665,3972,4057
1,1873,1877,1878
1,2817,2816,3713
1,1503,1497,2682
1,2773,2283,3767
1,2643,3126,3854
1,265,264,1363
1,216,215,3836
1,2046,2048,2167
1,190,189,3842
1,2378,2376,2379
1,1933,1934,3776
1,195,194,3845
1,157,158,1338
1,3171,3165,4265
1,2382,2380,2383
1,2578,3398,3399
1,1749,1747,2738
1,197,196,3848
1,262,261,1315
1,2042,2044,2721
1,692,691,3947
1,4168,3289,4287
1,229,228,3840
1,2986,2731,3111
1,1393,1570,3778
1,3092,3091,3218
1,3335,3334,4294
1,1671,1673,1674
1,3981,3712,4077
1,3066,3091,3092
1,4025,2957,4602
1,1835,1836,1837
1,267,266,1921
1,1944,1943,1945
1,1878,2059,2060
1,1837,1838,1939
1,1946,1945,1947
1,1820,1819,3888
1,231,230,3852
1,2712,2713,2942
1,2838,1648,2840
1,1960,1949,1970
1,1948,1947,1949
1,2264,1970,2305
1,2626,740,3715
1,1884,2890,2907
1,1664,1666,1669
1,3697,2658,3997
1,2021,3973,4033
1,1942,1894,1943
1,272,271,1364
1,2479,2535,3918
1,2559,2560,2736
1,2663,2648,2760
1,3112,2760,3445
1,1660,1662,1663
1,2787,3266,4209
1,3047,3073,3784
1,2538,2863,2864
1,274,273,1920
1,2573,2574,2714
1,2340,2339,2341
1,269,268,1317
1,1786,1790,3791
1,3075,3096,3097
1,1391,1393,3778
1,2499,2498,2500
1,2581,2582,3650
1,279,278,1365
1,2115,2116,2117
1,2956,3797,4351
1,2314,3725,4300
1,2798,2557,3159
1,4085,2215,4399
1,281,280,1922
1,286,285,1366
1,1358,3451,4570
1,137,138,1955
1,2797,2218,3894
1,2021,3672,3973
1,2332,2331,2333
1,2536,2828,2919
1,2840,1648,3936
1,2212,2597,3889
1,288,287,1923
1,3053,3064,3066
1,1450,1452,1453
1,3216,2813,4387
1,2136,2250,4270
1,1547,1561,4082
1,2282,2283,2773
1,2828,2316,3907
1,2338,2337,2339
1,2556,2063,2557
1,1500,2955,3247
1,3035,3033,3945
1,2917,2306,3998
1,2692,4431,4590
1,2793,3219,4071
1,276,275,1318
1,3455,2302,3456
1,2587,2395,4028
1,2496,2532,2538
1,1872,1801,2266
1,2581,2539,2582
1,2328,2327,2329
1,1446,1448,1449
1,3101,3099,4612
1,2320,2319,2321
1,2472,2473,2496
1,2520,2643,2645
1,1654,1656,1657
1,1317,3765,4393
1,283,282,1319
1,2515,2514,2799
1,2420,2933,3940
1,3515,2244,4245
1,2324,2323,2325
1,3118,3119,3954
1,290,289,1320
1,2060,2617,3894
1,2454,2463,2533
1,1716,1717,1734
1,1912,3587,4027
1,2477,2482,3939
1,4482,3746,4616
1,3742,2667,3956
1,243,242,3864
1,239,238,3866
1,1934,1975,3776
1,3108,3077,4640
1,2419,2456,2462
1,2173,2174,2549
1,1900,2765,2812
1,1641,1643,1898
1,1650,1652,1653
1,2318,2317,2319
1,2802,2589,2929
1,2756,2754,2826
1,2911,2912,3246
1,2809,2230,3792
1,2611,2993,3908
1,3004,2929,3161
1,1645,1647,1649
1,2275,2750,2751
1,2470,2471,2472
1,2208,2209,2210
1,3846,1855,4019
1,2427,2450,2452
1,1678,1679,1710
1,2590,2854,2866
1,2336,2418,2419
1,177,178,4067
1,3621,2189,4182
1,1887,2709,3924
1,2512,2802,3900
1,2425,2426,2427
1,249,248,3868
1,1438,1440,1441
1,1430,1432,1459
1,1434,1436,1886
1,2167,2168,2241
1,2314,2313,2315
1,251,250,3869
1,1850,1391,3778
1,3764,1551,4011
1,1874,1792,3932
1,247,246,3873
1,2507,2923,3931
1,3318,3321,3322
1,2236,2747,2855
1,2356,2355,2357
1,1442,1444,1445
1,2501,2500,3912
1,320,1899,3804
1,1916,1783,3942
1,2899,2803,4253
1,2464,2465,2475
1,2423,2424,2425
1,2845,2848,3110
1,1952,1812,3961
1,3229,3250,4478
1,718,719,4073
1,2346,2345,2347
1,2994,3570,4357
1,2367,2366,2368
1,1736,1713,3942
1,2204,2194,3935
1,2973,2996,4273
1,155,156,1868
1,1958,1928,1965
1,2364,2363,2366
1,2504,2503,2539
1,1890,1892,3906
1,257,256,3878
1,2053,2050,3930
1,253,252,3884
1,3267,2618,4405
1,1963,1964,2223
1,2354,2353,2355
1,2655,2902,2903
1,2254,2274,2275
1,1892,3802,3816
1,315,1904,3806
1,255,254,3877
1,2362,2361,2363
1,2369,2368,2370
1,259,258,3879
1,2413,2429,3686
1,1904,314,3807
1,1819,2694,3888
1,2360,2359,2361
1,1350,316,3806
1,4042,2873,4063
1,1950,1802,1989
1,3078,3079,3666
1,1819,1783,1916
1,313,1339,3807
1,1634,1637,1638
1,1426,1428,1895
1,1899,319,3803
1,2446,2447,2464
1,2753,2754,2755
1,3276,3277,4149
1,2374,2373,2375
1,1962,1874,3932
1,1764,1755,1794
1,3421,1870,4197
1,2371,2370,2373
1,2350,2349,2351
1,3206,1330,4454
1,3979,2341,4034
1,3216,2682,4572
1,2462,2546,3923
1,2384,2383,2385
1,2994,4357,4455
1,3455,3456,4133
1,2916,2917,3002
1,2254,1962,2274
1,2386,2385,2388
1,2240,2875,3965
1,1686,1565,3938
1,261,260,3885
1,3037,3043,3822
1,2413,2406,2429
1,1563,1548,3809
1,4308,3269,4584
1,1777,1775,3831
1,2394,2393,2396
1,1418,1420,1885
1,2928,3816,4441
1,2436,2437,2446
1,3313,3310,3996
1,1519,3937,4299
1,1422,1424,1492
1,2233,1990,2268
1,3076,3031,3739
1,2565,2585,3000
1,266,265,3892
1,2424,2352,3915
1,1748,1757,4042
1,3710,2637,4039
1,1532,1521,3798
1,1790,2124,3791
1,3878,1919,4343
1,2952,3114,3116
1,3845,4280,4591
1,2223,2224,3928
1,2397,2396,2399
1,3057,3045,3945
1,1536,1534,3819
1,2749,3203,3860
1,3223,3221,3224
1,3340,3349,4211
1,291,290,3874
1,1657,1658,1857
1,1331,307,3833
1,2483,2438,2484
1,1628,1630,1882
1,2434,2435,2436
1,3597,3598,4366
1,317,1350,3903
1,1357,299,3805
1,1482,1489,4290
1,2915,3683,4153
1,2278,2279,3919
1,2404,2403,2406
1,1404,1406,1901
1,273,272,3897
1,1964,1893,3906
1,2356,2357,3757
1,2255,2134,4270
1,3807,3230,4124
1,3391,3916,3917
1,2173,2549,2717
1,2282,2773,2774
1,2832,2833,2834
1,2167,2241,2570
1,717,1329,3970
1,2753,2751,2754
1,1753,1751,1956
1,135,136,1785
1,3007,3793,4559
1,1617,1619,1911
1,2678,2506,3923
1,2573,2714,2867
1,136,137,3808
1,1622,1624,1625
1,3972,3359,4057
1,275,274,3898
1,2805,3192,4253
1,2760,2648,3252
1,1408,1410,1545
1,1674,1675,3924
1,2376,2375,3934
1,3805,3189,4605
1,2166,3385,3985
1,1372,689,3795
1,1414,1416,1519
1,3089,3090,3106
1,282,281,3899
1,1652,1651,4142
1,1678,1710,1887
1,1716,1734,1986
1,1837,1939,1940
1,3159,2557,3160
1,289,288,3904
1,1638,1697,2197
1,2050,2049,3930
1,2049,2234,2710
1,1704,1702,1925
1,2558,2800,3182
1,2236,2855,3958
1,1611,1613,1620
1,2680,3254,3263
1,1838,1840,3844
1,2559,2736,3151
1,2208,2210,2212
1,2194,2193,3935
1,2265,2878,2879
1,153,154,1351
1,2617,3238,3894
1,1500,3247,3248
1,2713,2965,3849
1,2193,2301,2784
1,3056,3045,3057
1,2201,2759,3359
1,2762,2623,2934
1,3626,3624,4401
1,150,151,1354
1,1884,2907,2908
1,3165,3166,3167
1,2321,2319,2322
1,1399,1401,3969
1,2380,2379,3782
1,2570,2877,3157
1,1638,1639,1697
1,1878,2060,2198
1,2389,2388,3931
1,2325,2323,2326
1,3767,2285,3863
1,1963,2223,2722
1,2710,2824,3144
1,2185,4070,4252
1,2279,2282,3919
1,2717,2718,2935
1,2774,2918,3913
1,1653,1654,3933
1,2315,2313,2316
1,154,155,3820
1,2751,2750,3847
1,3151,2736,3255
1,1940,1939,1984
1,1745,1747,1748
1,2333,2331,2334
1,1802,1686,3938
1,2329,2327,2330
1,2049,2037,2234
1,2860,2822,2997
1,2933,2493,3951
1,3388,3390,3531
1,1939,1838,3844
1,2419,2462,2505
1,695,694,3990
1,2536,2919,2920
1,2341,2339,2342
1,2527,2679,2680
1,1748,1749,1750
1,1771,1797,3857
1,2275,2274,2750
1,2774,2773,2918
1,1657,1857,1896
1,2227,2119,2300
1,4014,1788,4122
1,1972,2182,3972
1,2193,2053,2301
1,1745,1726,1747
1,1986,1987,2207
1,134,4275,4350
1,1514,1517,3858
1,2198,2060,2218
1,2063,1984,2559
1,2500,2498,2857
1,2693,2501,3912
1,699,1371,3982
1,1945,1943,1979
1,2711,1563,3809
1,2942,2713,3849
1,3802,3801,3944
1,1625,1648,2743
1,2834,3162,3163
1,1445,1446,3968
1,2717,2549,2718
1,1887,1888,1889
1,2905,3189,4364
1,1565,2711,3938
1,1940,1984,2063
1,2583,2125,2922
1,1693,1727,3975
1,2115,2113,2116
1,1949,1947,2061
1,2285,2291,3863
1,3803,318,3903
1,2737,2695,2764
1,2197,2311,2602
1,1994,1992,3981
1,3223,3224,3225
1,1986,1734,1987
1,2590,2866,2976
1,1368,692,3947
1,2034,2031,3977
1,2558,2204,2800
1,2329,2330,2331
1,2185,4096,4289
1,1675,1678,3924
1,2212,2269,2289
1,2570,2241,2877
1,2325,2326,2327
1,2333,2334,2335
1,2920,2919,2921
1,2896,2897,2898
1,1845,3727,4465
1,2163,2295,2296
1,2341,2342,2343
1,2190,1532,3798
1,3452,1855,4352
1,3416,3417,4306
1,2755,2756,2757
1,2305,1970,2306
1,2289,2911,2913
1,2219,2218,2256
1,2935,2718,3007
1,132,1373,3783
1,3258,3968,4330
1,1717,1719,3861
1,2321,2322,2323
1,1723,1733,3867
1,1889,1890,1891
1,2212,2210,2269
1,2257,2256,2312
1,2588,2065,2814
1,2236,2116,2746
1,1497,1491,3846
1,2694,1916,2695
1,1831,1484,4290
1,1487,1493,3865
1,1801,1777,3831
1,3185,2806,4018
1,1605,1607,1684
1,2317,2316,2536
1,306,1902,3833
1,2313,2312,3907
1,2427,2452,2453
1,2722,2723,2724
1,2305,2306,2611
1,1891,1893,1894
1,1887,1710,1888
1,2207,1987,2208
1,1896,1897,2126
1,1892,3816,3906
1,2126,2184,2673
1,2315,2316,2317
1,2023,2019,3993
1,2343,2346,4034
1,159,1846,3769
1,2954,2921,3206
1,2400,2399,3940
1,737,2302,3455
1,2335,2336,2337
1,2198,2218,2219
1,2065,2008,3987
1,2340,2341,3979
1,3066,3093,3943
1,2500,2857,2858
1,2601,3649,4596
1,2505,2462,2506
1,2008,2006,3987
1,2327,2326,3905
1,2423,2425,2733
1,2164,2163,3966
1,2323,2322,3909
1,1750,1751,1752
1,2289,2269,2911
1,2343,2344,2345
1,2920,2921,2954
1,2111,2109,2192
1,2417,2340,3979
1,1625,1626,1648
1,2219,2256,2257
1,2335,2334,2336
1,1679,1681,3871
1,2743,2838,2839
1,2757,2888,2889
1,2505,2506,2510
1,3588,1327,4302
1,2736,3010,3891
1,2611,2916,2992
1,2909,2295,2910
1,2735,3183,4171
1,1988,1952,2125
1,2257,2312,2313
1,2722,2223,2723
1,1468,1474,3875
1,3451,1358,4158
1,2628,2233,3824
1,2357,2355,2358
1,2343,2342,2344
1,1889,1888,1890
1,2976,2866,3567
1,2546,2981,3923
1,1683,1689,3883
1,2168,2170,3880
1,2710,2234,2824
1,2775,2309,3966
1,2764,2695,2876
1,3571,4075,4159
1,2067,2023,2308
1,1349,3657,3922
1,2747,2746,2927
1,2838,2840,3005
1,1891,1890,1893
1,149,150,3856
1,1534,2190,3819
1,2873,2274,3932
1,1456,1460,3881
1,2019,2017,3993
1,2510,2506,2511
1,2523,2445,3830
1,1894,1893,1963
1,1505,3607,4529
1,2724,2723,3850
1,3310,1817,3996
1,2347,2345,2348
1,1855,3452,4502
1,2351,2349,2352
1,2510,2511,2512
1,1595,1597,1926
1,2073,2071,2294
1,2363,2361,2365
1,2589,2513,2590
1,1599,1601,1635
1,2125,1952,3961
1,2679,2525,3967
1,4433,3877,4492
1,2784,2301,2936
1,2512,2511,2513
1,2512,2513,2589
1,2453,2452,2457
1,1914,3227,4188
1,3781,3240,4102
1,2044,2046,3890
1,1734,1717,3861
1,2079,2077,2667
1,2658,2675,3997
1,2107,2105,2121
1,3315,3313,3748
1,2127,1998,2553
1,1377,187,3843
1,2478,2476,2518
1,2820,2817,3713
1,3298,3397,4388
1,2296,2909,3181
1,2487,2485,3870
1,2224,3291,3928
1,2101,2099,2202
1,3926,4014,4122
1,2541,2518,2542
1,2037,2034,3977
1,218,1359,3834
1,2872,2864,3149
1,2611,2306,2916
1,1700,1536,3819
1,1907,219,3834
1,2095,2093,2122
1,2089,2087,2216
1,1896,1857,1897
1,1722,1718,4242
1,2724,3850,3925
1,2460,2459,2476
1,2538,2864,2872
1,2126,1897,2184
1,2673,2184,2781
1,220,1907,3838
1,2472,2496,2554
1,2165,3396,4613
1,1654,1657,3933
1,1905,223,3837
1,2458,2457,2459
1,1589,1591,1685
1,226,1341,3839
1,2353,2352,2423
1,2579,4116,4311
1,2197,1697,2311
1,2357,2358,2359
1,1312,221,3838
1,2453,2457,2458
1,222,1312,3837
1,3654,3081,3922
1,3764,4011,4170
1,1904,3807,4124
1,3083,3057,3084
1,2460,2476,2478
1,2182,2201,3972
1,1710,1679,3871
1,2359,2358,2428
1,2478,2518,2541
1,1906,227,3839
1,2951,2949,4124
1,2655,2903,3146
1,2541,2542,2874
1,2464,2475,2654
1,215,1316,3836
1,2351,2352,2353
1,1658,1660,3893
1,2436,2446,2502
1,2475,2465,3886
1,2241,2168,3880
1,1362,190,3842
1,2465,2467,3886
1,2137,2135,2252
1,1864,1862,3999
1,2370,2368,2372
1,2458,2459,2460
1,2233,2268,3824
1,2714,2574,4020
1,1909,195,3845
1,2347,2348,2349
1,3146,2903,3191
1,1840,1933,3844
1,196,1909,3848
1,228,1906,3840
1,194,1345,3845
1,2965,2968,3849
1,3156,2748,4017
1,2654,2475,2655
1,2637,2639,4039
1,2484,2438,2739
1,1707,1600,4021
1,3830,2668,4128
1,3003,2917,3986
1,3812,1880,3988
1,2812,4266,4622
1,3082,3463,4292
1,1335,197,3848
1,2602,2311,2777
1,3253,1865,4510
1,3292,2763,4115
1,2375,2373,2430
1,2117,2116,2236
1,2366,3585,4131
1,2205,2558,4062
1,3594,3595,4116
1,2379,2376,3934
1,1310,229,3840
1,3652,3432,4466
1,4049,2554,4192
1,1331,3833,3911
1,1748,1747,1749
1,2768,2309,2775
1,2855,2747,2969
1,1694,1693,3975
1,2383,2380,3782
1,2680,3263,3264
1,230,1310,3852
1,1910,231,3852
1,3167,3168,3169
1,1879,1514,3858
1,2301,2053,3930
1,2375,2430,2431
1,2619,2227,3946
1,2799,2514,3180
1,3043,3078,3822
1,1583,1585,1772
1,2937,2850,4348
1,3392,3386,4588
1,1797,1835,3857
1,2484,2739,2740
1,2743,1648,2838
1,4035,1737,4044
1,2766,1794,4029
1,2143,2141,2244
1,3387,3392,4638
1,1551,1560,4011
1,1744,1745,4063
1,2800,2204,3935
1,1639,1641,3910
1,1727,1884,3975
1,2147,2145,2251
1,1750,1749,1751
1,1517,1524,3858
1,20,2767,4408
1,2431,2430,2432
1,1446,1449,3968
1,1573,1575,1931
1,1960,2264,4182
1,2274,1962,3932
1,2740,2739,2741
1,2896,2889,2897
1,2243,2297,2298
1,2944,19,4184
1,2388,2385,2395
1,1862,3670,3999
1,1998,1864,3999
1,3073,3075,3953
1,1930,1978,2186
1,2445,3686,3830
1,2431,2432,2433
1,2433,2432,2434
1,2291,2573,3863
1,3271,1810,4272
1,2574,2704,4020
1,2755,2754,2756
1,2498,2417,3979
1,3694,2958,4454
1,3731,2439,4072
1,1436,1438,3914
1,3265,1780,4349
1,1880,1487,3865
1,2645,2643,3854
1,2298,2829,2830
1,2959,2741,3208
1,2692,3718,4431
1,2738,1747,3957
1,2433,2434,2438
1,1881,1723,3867
1,2393,2389,3931
1,3148,3147,4553
1,2218,2060,3894
1,2388,2395,2507
1,1857,1658,3893
1,3234,2810,4139
1,2740,2741,2959
1,2422,2412,4009
1,2648,1994,3981
1,1560,1573,4011
1,1719,1881,3861
1,1577,1579,1788
1,1733,1760,3867
1,1509,1504,4015
1,2157,2155,2245
1,2826,2754,3847
1,1493,1500,3865
1,271,270,4022
1,3188,2628,3824
1,3048,3943,4037
1,2764,2876,3210
1,3188,3824,3825
1,2163,2161,2295
1,4036,3225,4496
1,2153,2151,2270
1,245,244,4027
1,2765,3812,3988
1,1428,1430,3920
1,1469,1468,3875
1,1893,1890,3906
1,2236,2746,2747
1,3748,3313,3996
1,3565,3745,4507
1,2266,1801,3831
1,1457,1456,3881
1,1681,2720,3871
1,1968,1966,4539
1,2720,1683,3883
1,1632,1634,3929
1,2186,2265,4003
1,2507,2508,2524
1,3230,2951,4124
1,1474,1900,3875
1,687,686,4133
1,2170,2173,3880
1,1795,1869,1930
1,1544,1549,4648
1,2485,3757,3870
1,3471,3956,4056
1,2728,2523,3830
1,2268,1990,2813
1,2705,2703,4030
1,2282,2774,3919
1,1978,1869,4169
1,2524,2525,2526
1,2704,2712,4020
1,1689,1716,3883
1,3655,1367,4608
1,147,148,1378
1,2754,2751,3847
1,2857,3979,4034
1,1601,1603,3959
1,2399,2396,2405
1,1379,3218,4504
1,1460,1883,3881
1,2507,2395,2508
1,3620,3622,4401
1,2524,2508,2525
1,2526,2527,2789
1,2990,2286,4003
1,2399,2405,2420
1,2526,2525,2527
1,2671,2487,3870
1,1424,1426,3927
1,2316,2313,3907
1,2403,2400,3940
1,1989,1802,3938
1,2268,2813,3198
1,2794,2796,4157
1,3695,3048,4037
1,138,139,3994
1,2721,2044,3890
1,2046,2167,3890
1,1626,1628,3936
1,2326,2323,3909
1,2330,2327,3905
1,2018,2021,4033
1,2757,2756,2888
1,242,1343,3864
1,2506,2462,3923
1,1913,239,3866
1,2500,2858,3912
1,1807,1767,1812
1,3539,3838,4235
1,205,204,4025
1,2140,2165,4613
1,3097,3098,3100
1,3800,1873,4047
1,1678,1887,3924
1,2675,3211,3997
1,1912,243,3864
1,2723,2223,3928
1,238,1311,3866
1,3601,2001,4171
1,1619,1622,3949
1,1697,1639,3910
1,3090,3085,4335
1,1647,1646,4218
1,3881,1883,3882
1,2682,1497,3846
1,1672,1670,4396
1,2895,3141,4373
1,1764,1794,1795
1,179,180,4038
1,1576,1706,4424
1,1752,1753,1754
1,3824,2268,4045
1,3598,1370,4054
1,2467,2470,3886
1,1342,249,3868
1,248,1915,3868
1,2420,2448,2493
1,2493,2540,2629
1,1416,1418,3937
1,2926,2248,4062
1,2629,2962,3964
1,2163,2296,3966
1,250,1342,3869
1,4386,1489,4555
1,3825,3824,4045
1,2049,2710,3930
1,1915,247,3873
1,3002,3003,4460
1,1387,1389,3901
1,4199,3437,4310
1,2420,2405,2448
1,2514,2422,4009
1,2241,3880,4066
1,2412,3676,4009
1,1918,251,3869
1,1660,1663,3893
1,2193,2784,3935
1,6,113,4369
1,246,1313,3873
1,2629,2540,2962
1,2734,3540,4105
1,1389,1850,3901
1,2814,2065,3987
1,1406,1408,3955
1,2493,2448,2540
1,3476,3475,4061
1,2982,3692,4497
1,252,1918,3884
1,3411,1721,4051
1,1754,1755,1756
1,1930,2186,2240
1,3472,3470,4050
1,2429,2461,2503
1,1756,1764,1765
1,3533,3135,4319
1,4104,3158,4647
1,2082,2081,4118
1,2877,4521,4538
1,2308,2023,3993
1,256,1919,3878
1,1344,257,3878
1,1956,1751,3983
1,1726,1704,3957
1,1919,255,3877
1,2296,2295,2909
1,258,1344,3879
1,2119,2117,3958
1,1338,158,3769
1,1369,3177,4095
1,3189,2906,4605
1,1338,3769,3770
1,3209,2741,4112
1,2582,2940,3147
1,698,697,4026
1,1361,205,4025
1,1314,253,3884
1,2234,2037,3977
1,2429,2406,2461
1,3249,3250,4399
1,254,1314,3877
1,2964,3737,4565
1,3255,2736,3891
1,1917,259,3879
1,3840,4012,4629
1,1641,1898,3910
1,3549,3548,4293
1,1657,1896,3933
1,1648,1626,3936
1,1749,2738,3983
1,1990,1509,4015
1,2201,3359,3972
1,260,1917,3885
1,4159,2232,4301
1,1620,3916,4638
1,1807,1812,1813
1,1924,291,3874
1,2113,2111,3971
1,3692,2982,4338
1,1932,1383,4024
1,3943,3093,4037
1,145,146,1870
1,4193,3205,4382
1,157,1338,3799
1,1603,1605,3974
1,2109,2107,3976
1,3784,3073,3953
1,1752,1751,1753
1,1315,261,3885
1,2912,4102,4191
1,2375,2431,3934
1,2573,2867,3863
1,3075,3097,3953
1,265,1363,3892
1,1401,1404,3969
1,2173,2717,3880
1,2388,2507,3931
1,1943,1894,3948
1,2240,2186,2286
1,3769,1846,4023
1,1921,266,3892
1,1873,1878,4047
1,2503,2461,2545
1,2167,2570,3890
1,3671,2699,4166
1,3385,3388,3985
1,2557,2063,3952
1,1884,2908,3975
1,1732,1758,4044
1,2559,3151,3952
1,177,4067,4453
1,3252,2648,3981
1,3647,2040,4176
1,1587,1589,3984
1,2949,2948,4325
1,1886,1436,3914
1,244,1912,4027
1,1716,1986,3883
1,2857,2498,3979
1,1500,3248,3865
1,2770,2771,4132
1,1634,1638,3929
1,2063,2559,3952
1,3948,2722,4081
1,2250,2138,4613
1,1963,2722,3948
1,713,1347,4354
1,1438,1441,3914
1,2938,2939,4316
1,2091,2089,3991
1,272,1364,3897
1,322,321,4155
1,2399,2420,3940
1,3926,1931,4014
1,3246,1489,4386
1,2536,2920,3960
1,2451,2426,4416
1,1920,273,3897
1,1313,245,4027
1,2265,2879,4003
1,2319,2317,3960
1,1430,1459,3920
1,2553,1998,3999
1,3273,4115,4248
1,2711,3553,4117
1,274,1920,3898
1,2582,2539,2940
1,290,1320,3874
1,1894,1963,3948
1,4033,2886,4075
1,2336,2419,3963
1,3362,3364,4378
1,1895,1428,3920
1,3952,3151,4086
1,3160,2557,3952
1,1868,156,3799
1,3481,3315,4429
1,2117,2236,3958
1,3579,3803,3903
1,2317,2536,3960
1,3779,2097,4089
1,3483,4254,4281
1,1979,3948,4081
1,3850,1466,3925
1,2832,2830,2833
1,281,1922,3899
1,1638,2197,3929
1,2240,2286,2580
1,2003,2735,4171
1,752,1830,4342
1,1676,3749,4549
1,1318,275,3898
1,2296,3181,4006
1,2890,3800,4047
1,2337,2336,3963
1,3932,1792,4063
1,2439,2454,4072
1,288,1923,3904
1,4277,2979,4461
1,1628,1882,3936
1,1585,1587,4000
1,1319,282,3899
1,1359,217,4068
1,1767,1765,3992
1,1707,4021,4186
1,3095,3102,4577
1,2618,3215,4397
1,2786,2788,4070
1,1496,1498,4065
1,3344,3341,4152
1,2322,2319,3960
1,1320,289,3904
1,1901,1406,3955
1,2227,2300,3946
1,1911,1619,3949
1,1426,1895,3927
1,3217,2874,4041
1,2423,2733,3978
1,2493,2629,3951
1,1492,1424,3927
1,1573,1931,4011
1,2902,4049,4192
1,1979,1943,3948
1,4411,3873,4525
1,2419,2505,3963
1,3765,3405,4393
1,1622,1625,3949
1,1704,1925,3957
1,3481,2927,4413
1,3675,3673,4079
1,1569,1558,4443
1,3246,2912,4191
1,3445,3014,4198
1,2302,736,3709
1,1364,271,4022
1,3160,3952,4086
1,2248,2205,4062
1,1988,2583,2761
1,1377,3843,4279
1,1418,1885,3937
1,2620,2619,4206
1,139,140,2263
1,3676,3599,4127
1,1754,1753,1755
1,1988,2125,2583
1,3720,2459,4494
1,1698,3631,4396
1,1715,1682,4559
1,2355,2353,3978
1,3032,3822,4055
1,3272,2844,4060
1,1519,1416,3937
1,1837,1940,4001
1,1756,1755,1764
1,3960,2920,4092
1,2161,2159,4005
1,1625,2743,3949
1,2626,3715,4043
1,1747,1726,3957
1,3907,3699,4505
1,2353,2423,3978
1,1408,1545,3955
1,1327,167,4302
1,2254,2275,4052
1,2682,3846,4019
1,1835,1837,4001
1,2688,2689,4430
1,1970,1949,3998
1,2867,2714,4035
1,1968,4500,4541
1,3280,3283,4167
1,4239,1954,4488
1,1867,4288,4610
1,1341,3508,4514
1,4144,2960,4230
1,216,3836,4068
1,2300,2119,3958
1,3961,1812,3992
1,3880,2717,4066
1,2075,2073,4056
1,144,145,3962
1,2948,3584,4535
1,2746,2116,3971
1,1813,1952,1953
1,2358,2355,3978
1,2686,2232,4159
1,1404,1901,3969
1,3155,3103,4608
1,1330,3694,4454
1,3180,2514,4009
1,2580,2742,3178
1,2788,3635,4252
1,2434,2436,3989
1,1635,1601,3959
1,4044,1758,4164
1,2639,2770,4039
1,2306,1970,3998
1,2473,2471,4041
1,2580,2286,2742
1,2322,3960,4092
1,4356,2278,4422
1,3071,3747,4234
1,1360,211,4107
1,137,1955,3808
1,217,216,4068
1,2116,2113,3971
1,3929,2914,4083
1,2111,2192,3971
1,2902,3886,4049
1,1949,2061,3998
1,2425,2427,4002
1,2739,2438,3989
1,1883,4219,4644
1,294,1358,4101
1,2243,1977,2297
1,3793,1715,4559
1,2427,2453,4002
1,1334,172,4323
1,1851,125,4187
1,2192,2109,3976
1,1555,1495,4069
1,2139,2137,4007
1,3586,2859,4216
1,3178,2742,3179
1,4310,3365,4362
1,2910,2295,4005
1,3165,3163,3166
1,1605,1684,3974
1,3490,4456,4530
1,2159,2157,4013
1,181,1376,4274
1,2035,2215,4085
1,178,1355,4067
1,2678,3696,4229
1,3388,3531,3985
1,4108,1655,4142
1,1792,1744,4063
1,188,1377,4114
1,2852,3988,4111
1,3488,3487,4099
1,3956,2075,4056
1,2107,2121,3976
1,2438,2434,3989
1,1751,1749,3983
1,2739,3989,4112
1,126,1349,4187
1,2733,2425,4002
1,2097,2095,4089
1,759,1325,4497
1,1910,3220,4519
1,2496,2538,4008
1,2750,2873,4137
1,2828,3907,4505
1,1575,1577,4014
1,4369,2217,4593
1,2089,2216,3991
1,1329,718,4073
1,3732,3602,4048
1,3365,3362,4378
1,3220,1340,4519
1,2834,2833,3162
1,1649,3533,4298
1,143,144,2225
1,2874,2542,4046
1,2813,1990,4015
1,3305,3515,4245
1,3857,1835,4001
1,2436,2502,3989
1,1813,1812,1952
1,1589,1685,3984
1,1902,305,4123
1,1973,2000,4096
1,4008,3598,4458
1,2532,2473,4126
1,2268,3198,4045
1,2873,3932,4063
1,155,1868,3820
1,727,20,4408
1,3770,3769,4023
1,4011,1931,4170
1,3989,2502,4112
1,2710,3144,4080
1,3836,3495,4068
1,161,1323,4243
1,3842,189,4114
1,1785,136,3808
1,2446,2464,4016
1,2538,2872,4008
1,3228,3226,4036
1,3452,2879,4502
1,1779,4178,4249
1,2761,2842,3265
1,2554,2496,4008
1,3843,186,4129
1,3959,1603,3974
1,1877,3665,4057
1,1451,1448,4484
1,2341,2343,4034
1,3904,1923,4440
1,3486,3485,4451
1,2854,2513,4229
1,3749,4521,4549
1,2464,2654,4016
1,2105,2103,4040
1,2286,2186,4003
1,3375,3305,4245
1,1377,4279,4594
1,1412,1414,4135
1,3772,3112,4470
1,1882,1630,4083
1,776,2776,4434
1,1953,1952,1988
1,3223,3225,4036
1,2472,2554,4049
1,1447,1444,4508
1,3105,3655,4608
1,2470,2472,4049
1,3963,2904,4093
1,1772,1585,4000
1,2298,2297,2829
1,2137,2252,4007
1,1832,3700,4291
1,3406,3511,4393
1,113,2217,4369
1,2790,2791,4097
1,3287,3288,4528
1,732,6,4369
1,1913,3780,4143
1,3607,3794,4374
1,4018,2806,4136
1,2502,2446,4016
1,3713,2816,4069
1,3348,3347,4151
1,3945,3076,4074
1,1745,1748,4042
1,3610,1655,4108
1,3692,758,4497
1,1351,154,3820
1,2368,2366,4131
1,3641,2842,4064
1,2861,2254,4052
1,2930,3234,4465
1,3451,3450,4570
1,2761,2583,2842
1,2986,3661,4599
1,3226,3223,4036
1,2342,2339,4093
1,3458,1831,4191
1,4009,3676,4127
1,773,774,4119
1,4537,1676,4549
1,3900,2802,4284
1,2863,2998,4315
1,2539,2503,4004
1,2257,2314,4240
1,213,212,4226
1,1905,3508,4550
1,3508,1341,4550
1,4224,3392,4588
1,2585,2700,4104
1,3407,3765,4548
1,2853,2786,4070
1,134,135,4275
1,3297,3296,4344
1,277,276,4098
1,3001,2564,4462
1,295,294,4101
1,1653,3775,4200
1,2342,4093,4185
1,3078,3666,4055
1,1878,2198,4047
1,3789,2976,4493
1,2121,2105,4040
1,1782,1768,4113
1,1336,751,4342
1,173,1845,4323
1,276,1318,4098
1,2983,2448,4222
1,3195,4423,4566
1,3353,3354,4614
1,4043,3592,4279
1,3245,2664,4592
1,1931,1575,4014
1,301,3550,4420
1,3021,3022,4640
1,2184,1897,4088
1,1880,3865,4111
1,2886,2884,4075
1,3450,2672,4570
1,2040,2042,4176
1,150,1354,3856
1,2295,2161,4005
1,3942,2691,4053
1,2157,2245,4013
1,1812,1767,3992
1,1846,160,4243
1,4500,1968,4539
1,1561,2288,4082
1,2876,2695,4053
1,1577,1788,4014
1,2982,2584,4338
1,2877,2241,4066
1,1955,138,3994
1,3712,1695,4077
1,1779,1763,4178
1,1343,241,4143
1,240,1913,4143
1,303,1326,4195
1,1630,1632,4083
1,2395,2385,4028
1,2830,2829,4058
1,1587,3984,4000
1,211,210,4107
1,1591,1593,4084
1,1358,293,4158
1,2073,2294,4056
1,1844,3729,4255
1,3094,3083,4261
1,3162,2833,3184
1,2270,3397,4412
1,3589,3588,4302
1,1677,1676,4537
1,1632,3929,4083
1,3916,3389,4638
1,2385,2383,4028
1,3190,2864,4315
1,3845,1345,4280
1,2301,3930,4080
1,3701,3844,4091
1,3886,2470,4049
1,3844,1933,4091
1,1685,1591,4084
1,3341,3342,4152
1,193,192,4264
1,2867,4035,4044
1,3099,3734,4109
1,2812,2765,4162
1,3265,2842,3980
1,2294,2071,4106
1,2503,2545,4004
1,3167,3166,3168
1,4521,3749,4538
1,2079,2667,4100
1,1346,176,4453
1,142,143,4010
1,1977,1953,4032
1,189,188,4114
1,184,10,4481
1,2454,2533,4072
1,10,322,4481
1,3637,2631,4427
1,2383,3782,4028
1,2717,2935,4066
1,2214,2588,4301
1,1366,3479,4527
1,3744,2122,4183
1,762,763,4475
1,3522,2591,4551
1,292,1924,4158
1,3894,3238,4078
1,4078,3705,4291
1,1595,1926,4110
1,3495,3836,4487
1,2337,3963,4093
1,3930,2710,4080
1,3568,3495,4487
1,3163,3162,4076
1,3822,3078,4055
1,3499,2963,4509
1,2130,2129,4257
1,3180,4009,4127
1,2511,2678,4229
1,2878,4019,4502
1,2244,3515,4345
1,2952,3116,4161
1,4242,1718,4304
1,2644,3437,4094
1,2216,2087,4120
1,1855,1478,4352
1,2215,3249,4399
1,2876,4053,4215
1,1365,4173,4211
1,236,1914,4188
1,2405,2396,4090
1,2067,2308,4130
1,4217,1319,4294
1,1795,3965,4031
1,1779,4571,4633
1,2081,2079,4100
1,3670,3382,4148
1,4005,2159,4013
1,2763,2762,4115
1,1650,1653,4200
1,3865,3248,4111
1,1765,1764,4031
1,3762,3763,4236
1,1311,237,4188
1,1908,200,4210
1,305,304,4123
1,3242,1346,4406
1,2997,2822,4141
1,4096,3130,4289
1,3752,1553,4623
1,3629,3077,4202
1,1933,3776,4091
1,3065,3071,4234
1,777,18,4442
1,3168,3166,3170
1,1986,2207,4147
1,2722,2724,4081
1,1642,1640,4138
1,3266,3127,4210
1,3715,1852,4258
1,3992,1765,4031
1,2583,2922,4064
1,2312,4421,4603
1,9,122,4397
1,141,142,2869
1,1883,1462,4219
1,1988,2761,4032
1,1593,1595,4110
1,3231,2642,4511
1,2339,2337,4093
1,2936,2301,4080
1,2071,2069,4106
1,1885,1420,4177
1,2873,4042,4137
1,3136,4539,4547
1,1503,2682,4387
1,1897,2698,4088
1,1901,3500,4277
1,1607,1609,4224
1,2938,4316,4333
1,1459,1432,4193
1,2833,2830,4058
1,4164,1758,4189
1,1321,296,4251
1,3431,3614,4624
1,4007,2252,4059
1,3231,2924,4404
1,2393,3931,4090
1,1916,3942,4053
1,3215,2618,4545
1,4067,2987,4453
1,2396,2393,4090
1,3702,3594,4116
1,1771,3857,4178
1,2907,2890,4179
1,1872,2266,4204
1,2743,2839,4172
1,1365,3759,4285
1,3015,2764,4225
1,4303,3101,4612
1,3279,3276,4149
1,3220,3197,4419
1,1918,3869,4071
1,186,185,4129
1,2940,2539,4004
1,1365,278,4173
1,2920,2954,4092
1,2662,3458,4102
1,2797,3894,4078
1,2644,4094,4214
1,3709,1375,4522
1,3324,3323,4518
1,1382,775,4434
1,2820,3713,4141
1,3479,1923,4527
1,764,1322,4140
1,2085,2082,4118
1,1464,1469,4219
1,1655,1652,4142
1,2918,2773,4189
1,2695,1916,4053
1,3797,2737,4351
1,3909,2322,4092
1,1324,208,4238
1,3091,3064,4234
1,3281,3282,4499
1,2095,2122,4089
1,1434,1886,4193
1,3469,3465,4213
1,3282,3280,4167
1,1422,1492,4177
1,2760,3252,4180
1,4053,2691,4215
1,2087,2085,4120
1,1764,1795,4031
1,4038,180,4274
1,2765,3988,4162
1,2430,2373,4165
1,2461,2406,4103
1,3296,1476,4154
1,2061,4332,4445
1,1333,4408,4574
1,2576,2575,4333
1,1926,1597,4163
1,2801,3832,4418
1,2782,2987,4615
1,2403,3940,4103
1,1356,744,4534
1,3069,3086,4358
1,2406,2403,4103
1,3737,3738,4226
1,2530,3789,4493
1,1925,1702,4203
1,2922,2125,4436
1,2379,3934,4144
1,3834,1359,4105
1,3858,4417,4428
1,2149,2147,4196
1,1599,1635,4163
1,1931,3926,4170
1,3713,1938,4141
1,1583,1772,4150
1,4041,2874,4126
1,2618,3267,4545
1,3931,2923,4090
1,2370,2372,4165
1,308,1331,4312
1,2890,4047,4179
1,3422,2836,4233
1,3057,3945,4074
1,1937,687,4133
1,241,240,4143
1,4093,2904,4185
1,4378,3364,4409
1,2234,3977,4166
1,4019,1855,4502
1,3761,1867,4610
1,3977,3671,4166
1,2812,4162,4266
1,4069,2816,4160
1,2728,3830,4128
1,2567,3443,4377
1,3142,2835,4175
1,2069,2067,4130
1,2768,2775,4160
1,3579,3578,4276
1,2837,2938,4355
1,1788,1579,4156
1,192,191,4367
1,4042,1757,4137
1,2927,4429,4501
1,2122,2093,4183
1,121,9,4397
1,169,1843,4463
1,4219,3137,4644
1,2822,2820,4141
1,3166,3163,4076
1,1706,3469,4381
1,2405,4090,4222
1,2424,3915,4416
1,3774,2252,4212
1,1953,1988,4032
1,3663,4107,4650
1,2631,2320,4427
1,3611,2793,4241
1,2771,2950,4132
1,2321,2324,4427
1,2934,2623,4206
1,2806,3444,4136
1,2980,2728,4128
1,2854,4229,4353
1,4280,3140,4591
1,1903,309,4312
1,3940,2933,4103
1,4281,2784,4372
1,4034,2346,4121
1,3140,4216,4591
1,3084,3057,4074
1,3988,2852,4162
1,2810,2811,4139
1,686,17,4516
1,2618,123,4405
1,2882,4433,4492
1,4215,2066,4320
1,2741,2739,4112
1,4084,1593,4110
1,203,1328,4309
1,2252,2135,4212
1,3237,3452,4352
1,283,1319,4232
1,293,292,4158
1,1324,3663,4650
1,146,147,4197
1,4233,2836,4299
1,1700,3819,4203
1,201,1908,4318
1,2297,1977,4032
1,18,707,4442
1,1328,202,4318
1,2867,4044,4164
1,3811,1879,4395
1,690,1372,4326
1,1974,3772,4470
1,3988,1880,4111
1,2852,2555,4162
1,302,301,4420
1,4391,3253,4510
1,3197,3401,4419
1,2654,2655,4307
1,2825,3882,4644
1,1674,3777,4347
1,2927,2746,4413
1,3857,2881,4178
1,2797,4078,4291
1,4047,2198,4179
1,1898,1643,4298
1,3532,1555,4271
1,1373,133,4350
1,4530,1965,4600
1,1936,1974,4470
1,3947,691,4326
1,3542,3541,4207
1,3189,3805,4506
1,3578,3580,4276
1,3433,3431,4624
1,2720,3883,4147
1,3606,3258,4563
1,1414,1519,4135
1,3077,3629,4593
1,4118,2081,4614
1,1367,130,4562
1,2963,2549,4509
1,2974,3637,4490
1,3380,3378,4259
1,2176,2178,4356
1,2091,3991,4183
1,2476,2459,4582
1,3421,3169,4125
1,4147,2207,4283
1,2372,2368,4131
1,4046,2542,4087
1,3014,3013,4198
1,3352,1707,4186
1,3085,3082,4292
1,3944,2720,4147
1,1757,3817,4327
1,2679,3967,4457
1,139,2263,3994
1,3953,3097,4201
1,4496,2039,4636
1,3571,4159,4301
1,2542,2518,4311
1,2855,2969,4381
1,1645,1649,4298
1,279,1365,4285
1,2001,2003,4171
1,1922,280,4285
1,2907,4179,4240
1,4106,2069,4130
1,1989,3559,4567
1,263,3420,4578
1,2174,2176,4509
1,124,1851,4405
1,3721,2759,4324
1,3028,3953,4201
1,3847,2750,4137
1,125,126,4187
1,3746,1844,4616
1,3968,1449,4330
1,1524,1523,4385
1,2463,2495,4425
1,2815,3001,4317
1,2189,1960,4182
1,278,277,4173
1,310,1903,4368
1,3813,2897,4288
1,2570,3157,4359
1,3938,2711,4117
1,3827,2789,4328
1,4272,1810,4308
1,3153,2815,4317
1,1781,3215,4631
1,3269,2665,4584
1,1774,1776,4194
1,4023,1846,4426
1,706,2567,4377
1,3766,1524,4385
1,1581,1583,4150
1,1543,1553,4340
1,2085,4118,4120
1,2858,2857,4121
1,1454,1457,4362
1,17,738,4516
1,2461,4103,4256
1,4075,2884,4159
1,2244,2141,4246
1,321,3804,4155
1,2796,2958,4157
1,2524,2526,4296
1,3589,4302,4463
1,3186,3136,4547
1,1869,2766,4169
1,1340,3222,4394
1,4012,2937,4629
1,2345,2344,4339
1,1911,3949,4172
1,2884,2686,4159
1,7,739,4495
1,2842,2583,4064
1,3639,3145,4626
1,1694,3751,4564
1,1579,1581,4156
1,2897,2889,4288
1,1597,1599,4163
1,277,4098,4173
1,3184,2833,4058
1,2970,3677,4601
1,214,213,4560
1,2761,3265,4220
1,185,7,4495
1,3782,2379,4144
1,3765,1317,4459
1,3883,1986,4147
1,1669,1666,4383
1,2691,3735,4215
1,140,141,4231
1,3543,3542,4221
1,2816,2768,4160
1,2823,2860,4244
1,1449,1450,4409
1,2950,2952,4161
1,3934,3660,4144
1,145,1870,3962
1,693,1368,4473
1,237,236,4188
1,4382,2846,4598
1,1671,1674,4347
1,3342,3340,4211
1,1357,3805,4605
1,1420,1422,4177
1,2961,2989,4590
1,2896,2898,4426
1,4090,2923,4222
1,2061,1947,4332
1,3133,3131,4500
1,2903,2902,4192
1,2887,4146,4260
1,3344,4152,4269
1,234,1340,4394
1,1364,4022,4134
1,3514,1362,4331
1,1989,3938,4117
1,1366,285,4334
1,3817,2647,4295
1,304,303,4195
1,4123,304,4195
1,1914,235,4394
1,2874,4046,4126
1,2821,3926,4122
1,2925,4411,4525
1,2785,2787,4209
1,3331,3333,4217
1,4025,204,4309
1,1763,1771,4178
1,1553,1552,4623
1,4178,2881,4249
1,3582,3804,4512
1,3778,1570,4190
1,147,1378,4197
1,4020,2712,4322
1,297,1321,4506
1,3949,2743,4172
1,4275,3463,4350
1,3881,3882,4199
1,1979,3941,4332
1,3767,4164,4189
1,1339,312,4557
1,2373,2370,4165
1,4132,2950,4161
1,2302,3709,4303
1,3090,4335,4361
1,2904,3900,4185
1,3803,3579,4276
1,3017,2854,4353
1,3764,4170,4244
1,2149,4196,4398
1,2680,3264,4328
1,3170,3166,4076
1,3296,4154,4297
1,2976,3789,4476
1,4134,3348,4151
1,2312,2256,4421
1,2457,2568,4494
1,1870,146,4197
1,3631,2721,4359
1,3548,3088,4293
1,269,1317,4370
1,1432,1434,4193
1,1903,3954,4368
1,1945,1979,4332
1,4258,1852,4435
1,1664,1669,4437
1,2857,4034,4121
1,2838,3005,4321
1,1651,1647,4218
1,3207,2994,4455
1,209,1324,4650
1,2919,3121,4533
1,1355,3723,4615
1,3077,3021,4640
1,2473,4041,4126
1,3990,694,4473
1,2898,2897,4168
1,131,3783,4562
1,295,4101,4251
1,1761,1779,4633
1,1954,3528,4488
1,2824,2234,4166
1,3668,3990,4473
1,224,1905,4550
1,1341,225,4550
1,2798,3159,4513
1,3126,2644,4214
1,2093,2091,4183
1,1343,3367,4517
1,3805,298,4506
1,2987,4067,4615
1,3204,4382,4598
1,2918,4189,4242
1,2139,4007,4246
1,4098,1318,4152
1,3617,3203,4598
1,232,1910,4519
1,2979,2980,4461
1,2911,3246,4386
1,2042,2721,4176
1,200,199,4210
1,3445,2760,4180
1,1340,233,4519
1,2827,3187,4228
1,3221,3220,4419
1,4325,2948,4535
1,3897,1364,4151
1,3192,3185,4238
1,2188,2187,4446
1,2789,2527,4328
1,3209,4112,4174
1,2344,2342,4185
1,3494,4105,4561
1,1412,4135,4652
1,2225,144,3962
1,1850,3778,4268
1,2122,3744,4262
1,2673,2781,4391
1,4431,3616,4590
1,2251,2145,4345
1,3289,3287,4287
1,2590,2976,4476
1,1567,1694,4564
1,2198,2219,4179
1,4103,2933,4256
1,1364,4134,4151
1,3999,3670,4148
1,1581,4150,4156
1,3995,2263,4231
1,1881,3616,4431
1,3719,3720,4223
1,1991,3530,4526
1,3529,3164,4278
1,2623,2620,4206
1,3321,3320,4262
1,267,1921,4459
1,1958,1965,4530
1,1649,1650,4200
1,4473,1368,4642
1,3604,3603,4247
1,2147,2251,4196
1,4022,270,4370
1,3218,3091,4504
1,1317,268,4459
1,2773,3767,4189
1,3944,4147,4283
1,2143,2244,4345
1,3858,1524,4417
1,4115,2762,4248
1,1354,151,4415
1,3926,2823,4170
1,3783,3155,4562
1,1363,264,4578
1,2898,4023,4426
1,4030,3568,4487
1,2057,1872,4204
1,3916,1620,4630
1,2803,2805,4253
1,3342,4098,4152
1,1545,1410,4652
1,2696,3969,4277
1,2187,1950,4567
1,3954,3119,4368
1,1462,1464,4219
1,1702,1700,4203
1,2756,2826,4432
1,4240,2314,4300
1,1555,4069,4160
1,4162,2555,4266
1,160,161,4243
1,3767,3863,4164
1,4173,3342,4211
1,286,1366,4527
1,2217,3077,4593
1,3100,3098,4414
1,1923,287,4527
1,3498,3919,4579
1,1620,1613,4630
1,4007,3376,4246
1,149,3856,4336
1,1758,1722,4242
1,4575,2693,4604
1,1378,148,4336
1,2055,3502,4360
1,2929,2589,4476
1,2933,3951,4256
1,4413,2192,4586
1,3537,3539,4235
1,2270,2151,4398
1,2520,2645,4573
1,1457,3881,4199
1,3120,1369,4392
1,2135,2133,4212
1,284,283,4232
1,2129,2127,4450
1,2629,3964,4471
1,3969,1901,4277
1,3092,3982,4282
1,4214,2801,4418
1,2939,3633,4316
1,2553,3999,4148
1,2245,2155,4412
1,2987,4406,4453
1,208,207,4238
1,2975,2973,4273
1,2647,3761,4295
1,3958,2855,4263
1,3633,3634,4314
1,2272,3521,4376
1,2885,2887,4260
1,3790,2664,4250
1,2698,3893,4447
1,3214,3790,4250
1,3935,2784,4281
1,3139,3140,4280
1,2957,4025,4309
1,2881,2798,4249
1,143,2225,4010
1,3165,3167,4265
1,4357,2588,4455
1,3153,4123,4195
1,2153,2270,4412
1,2502,4016,4174
1,3368,3525,4286
1,296,295,4251
1,4131,2986,4599
1,3782,4144,4230
1,4179,2219,4240
1,3463,4275,4292
1,4054,2903,4192
1,3106,4239,4488
1,3064,3065,4234
1,3863,2867,4164
1,4421,3700,4603
1,3741,3093,4282
1,212,1360,4226
1,3919,2774,4579
1,4152,1318,4269
1,2870,4510,4541
1,3323,3321,4518
1,3592,3591,4279
1,2841,3365,4310
1,180,181,4274
1,2134,2136,4270
1,3535,4020,4322
1,2789,3828,4552
1,2775,4006,4271
1,705,704,4239
1,4102,3458,4191
1,2207,3889,4283
1,3345,4269,4543
1,3097,3100,4201
1,2959,3263,4607
1,4230,2960,4410
1,2885,4260,4343
1,3679,3680,4267
1,1484,1482,4290
1,2587,4028,4230
1,2580,3178,4491
1,4109,3456,4612
1,4098,3342,4173
1,4071,3869,4241
1,3146,3191,4354
1,4135,1519,4145
1,3699,1336,4505
1,4112,2502,4174
1,2937,4348,4629
1,2969,2747,4501
1,2879,2878,4502
1,4124,2949,4325
1,2764,3210,4225
1,2836,2871,4299
1,1684,1607,4224
1,153,1351,4580
1,3483,4281,4372
1,2263,140,4231
1,3505,3507,4380
1,1646,3483,4372
1,2587,4230,4410
1,3797,2956,4600
1,4160,2775,4271
1,3354,4118,4614
1,3420,3416,4306
1,3867,1760,4637
1,3982,1371,4282
1,4229,3696,4353
1,2513,2511,4229
1,3965,2875,4305
1,4190,1570,4619
1,3852,1310,4348
1,3729,3730,4255
1,1919,3877,4433
1,2983,4222,4296
1,3016,4369,4593
1,4406,2809,4536
1,3856,3171,4336
1,3593,4258,4435
1,4271,4006,4449
1,2597,2289,4576
1,2802,3004,4284
1,4043,3715,4258
1,1915,3873,4411
1,3130,3128,4289
1,3559,3558,4329
1,4032,2761,4220
1,2297,4032,4220
1,3196,3852,4348
1,1985,3597,4366
1,3485,2272,4337
1,3911,3833,4483
1,1850,4268,4448
1,3205,2846,4382
1,19,706,4377
1,2448,2405,4222
1,3855,2698,4447
1,3593,3592,4258
1,2526,2789,4552
1,3592,4043,4258
1,4332,3941,4445
1,2219,2257,4240
1,280,279,4285
1,167,168,4302
1,2568,3762,4236
1,3946,2300,4213
1,3118,4337,4376
1,3168,3170,4205
1,2141,2139,4246
1,3862,2733,4439
1,1345,193,4264
1,3182,2800,4254
1,3126,4418,4468
1,4105,1359,4561
1,4375,3683,4469
1,2133,2130,4257
1,4463,1843,4597
1,3215,121,4397
1,2869,142,4010
1,4019,2878,4572
1,2762,2934,4248
1,3683,2255,4469
1,3396,3394,4341
1,2064,3764,4244
1,3511,4022,4370
1,3083,3084,4261
1,2555,2693,4266
1,2645,3854,4532
1,4170,2823,4244
1,3936,1882,4375
1,4107,210,4650
1,4207,1333,4574
1,2696,4277,4461
1,3225,3224,4360
1,3463,3462,4407
1,3838,1907,4235
1,2264,2946,4389
1,4317,3001,4483
1,2894,3593,4435
1,4070,2788,4252
1,4212,2133,4257
1,3135,3186,4319
1,3561,2837,4355
1,4012,1906,4379
1,3457,1968,4541
1,2908,3921,4464
1,3869,1342,4241
1,3705,1832,4291
1,4368,3119,4557
1,3093,3092,4282
1,2721,3890,4359
1,1373,4407,4485
1,1319,4217,4232
1,3910,1898,4479
1,2232,2214,4301
1,2918,4242,4304
1,3799,1338,4528
1,204,203,4309
1,2545,2461,4256
1,3595,1352,4472
1,309,308,4312
1,4279,3591,4594
1,3446,2882,4492
1,2344,4284,4339
1,2922,4436,4491
1,4301,2588,4357
1,2568,4223,4494
1,3700,3699,4603
1,4123,3153,4317
1,3503,2995,4575
1,1899,3803,4276
1,2669,3158,4627
1,1643,1645,4298
1,3267,3094,4545
1,2909,2910,4272
1,172,173,4323
1,3861,1881,4431
1,4189,1758,4242
1,3394,3395,4341
1,3438,1924,4634
1,4135,3124,4652
1,3417,3523,4639
1,2829,2297,4220
1,4283,3889,4371
1,3669,3069,4358
1,202,201,4318
1,3501,2039,4496
1,2585,4104,4647
1,4247,1856,4606
1,2923,2524,4296
1,3526,1451,4460
1,3160,4086,4558
1,4213,2300,4263
1,3521,1991,4467
1,3711,2999,4472
1,135,1785,4275
1,2889,2888,4288
1,4461,2980,4619
1,4064,2922,4618
1,141,2869,4231
1,2325,2328,4581
1,3992,4031,4305
1,4425,3433,4624
1,2793,4071,4241
1,2850,3196,4348
1,3454,3974,4635
1,2858,3398,4589
1,751,752,4342
1,3497,3499,4422
1,3456,2302,4303
1,4028,3782,4230
1,3250,2880,4346
1,2584,2794,4338
1,148,149,4336
1,2967,3663,4611
1,3607,4374,4529
1,3503,4575,4604
1,4196,3302,4398
1,1478,1467,4352
1,2783,3650,4268
1,2864,2863,4315
1,2992,2916,4556
1,3532,4271,4449
1,2883,2885,4343
1,691,690,4326
1,3629,3016,4593
1,284,4232,4334
1,3847,4137,4327
1,2655,3146,4307
1,4137,1757,4327
1,2518,2579,4311
1,3329,2905,4364
1,4510,3457,4541
1,2800,3935,4281
1,2300,3958,4263
1,2908,2907,4300
1,3664,2925,4525
1,3802,4283,4371
1,2899,4253,4602
1,3570,3571,4357
1,3288,3799,4528
1,1375,3628,4522
1,3913,2918,4304
1,2960,2892,4410
1,2859,4209,4524
1,4254,2800,4281
1,1318,3898,4269
1,1360,4107,4565
1,1882,4153,4375
1,1912,3864,4286
1,4220,3265,4349
1,285,284,4334
1,2759,2894,4324
1,2910,4005,4297
1,3300,3298,4388
1,2987,2809,4406
1,707,3887,4442
1,3614,2533,4624
1,3017,4353,4475
1,3482,2988,4637
1,4418,2489,4468
1,3481,4413,4586
1,2892,2484,4568
1,3242,4406,4536
1,3173,3172,4498
1,3802,3944,4283
1,3181,2909,4308
1,4276,3580,4512
1,1443,3565,4507
1,2039,4085,4636
1,4305,2875,4436
1,3498,3497,4422
1,4337,2272,4376
1,133,134,4350
1,3137,2825,4644
1,3405,3406,4393
1,3975,2908,4464
1,4302,168,4463
1,2733,4002,4439
1,1904,4124,4325
1,2883,4343,4433
1,3364,3363,4563
1,1443,4507,4508
1,3118,3954,4337
1,2712,2942,4322
1,3580,3582,4512
1,2839,2838,4321
1,1902,4123,4317
1,1670,1698,4396
1,1529,1543,4340
1,2273,2891,4592
1,3381,3380,4595
1,1319,3899,4294
1,2737,3015,4351
1,3210,2876,4320
1,2811,2576,4333
1,2869,4010,4184
1,3367,3368,4517
1,3495,3494,4561
1,4016,2654,4363
1,1333,727,4408
1,1356,4324,4625
1,3624,3620,4401
1,712,713,4354
1,4244,2860,4374
1,3898,1920,4543
1,4291,3700,4421
1,4249,4513,4571
1,3806,1904,4325
1,2772,2688,4523
1,3832,2489,4418
1,1555,4160,4271
1,3912,4589,4604
1,3085,4292,4335
1,3314,3481,4586
1,2813,4015,4387
1,3208,3970,4503
1,4175,1354,4415
1,3493,1941,4544
1,3868,1915,4313
1,3856,1354,4278
1,3490,4530,4600
1,2909,4272,4308
1,3441,2868,4417
1,4417,2868,4428
1,3887,2776,4442
1,2665,3532,4449
1,1947,1945,4332
1,2826,4295,4432
1,2527,2680,4328
1,1373,4350,4407
1,3591,3546,4594
1,1684,4588,4635
1,1668,1671,4347
1,3696,1827,4353
1,3649,3291,4596
1,2907,4240,4300
1,4316,2811,4333
1,4005,4013,4297
1,2946,3908,4540
1,311,310,4368
1,3711,4119,4646
1,2348,2345,4339
1,3957,1925,4542
1,3971,2192,4413
1,270,269,4370
1,3393,3454,4635
1,3094,4261,4631
1,2945,3242,4536
1,1651,4218,4520
1,2959,3208,4503
1,1902,4317,4483
1,4259,2129,4450
1,4031,3965,4305
1,3145,2945,4587
1,3469,4213,4263
1,3650,3148,4448
1,3794,2064,4374
1,1965,3797,4600
1,3661,2372,4599
1,2925,3231,4411
1,2645,4466,4573
1,1879,3858,4428
1,4087,3595,4472
1,1352,3711,4472
1,3741,4282,4617
1,3577,3576,4438
1,3016,732,4369
1,1578,1576,4424
1,4133,686,4516
1,4153,3683,4375
1,4095,3740,4392
1,3787,4373,4482
1,1453,1454,4362
1,4435,3714,4625
1,123,124,4405
1,2882,2883,4433
1,3432,3433,4466
1,3115,3118,4376
1,3714,1356,4625
1,2840,4375,4469
1,2178,2278,4356
1,1313,3664,4525
1,2145,2143,4345
1,4222,2923,4296
1,4306,1363,4578
1,1362,3842,4331
1,191,1362,4367
1,2826,3847,4327
1,4232,3333,4334
1,4282,1371,4617
1,4329,2187,4567
1,3961,3992,4305
1,1529,4340,4385
1,3787,2895,4373
1,1558,1554,4443
1,151,152,4415
1,2955,4395,4515
1,4268,3650,4448
1,235,234,4394
1,3611,4241,4444
1,1523,1529,4385
1,3018,3909,4452
1,2426,2424,4416
1,775,776,4434
1,2868,3630,4428
1,2840,3936,4375
1,4575,2995,4622
1,1666,1668,4383
1,4015,1503,4387
1,4443,1554,4648
1,3915,2348,4402
1,3816,3802,4371
1,3901,1850,4448
1,2221,3575,4547
1,3172,3174,4486
1,3004,3161,4402
1,2064,4244,4374
1,2955,3811,4395
1,1852,3714,4435
1,2689,2943,4430
1,1668,4347,4383
1,1329,4480,4503
1,4018,2967,4611
1,2829,4220,4349
1,3159,4430,4513
1,4154,2910,4297
1,3443,3995,4377
1,3174,3438,4634
1,1785,3808,4335
1,3615,2942,4651
1,2554,4008,4458
1,3828,2983,4552
1,4539,2221,4547
1,2901,3214,4456
1,4540,3908,4569
1,2924,2926,4404
1,3889,2597,4371
1,4571,3482,4633
1,1899,4276,4512
1,1865,3457,4510
1,3967,2587,4410
1,4589,2941,4604
1,3453,2191,4499
1,3740,3087,4392
1,3749,1672,4538
1,3653,3652,4532
1,4241,1342,4444
1,3507,3837,4380
1,3290,2928,4441
1,1680,4537,4559
1,4292,1785,4335
1,4184,19,4643
1,1316,4030,4487
1,4067,1355,4615
1,2894,4435,4625
1,2781,2947,4389
1,2784,2936,4372
1,739,2626,4495
1,3581,3583,4403
1,1913,3866,4346
1,2758,3787,4482
1,1369,4095,4392
1,3131,2870,4541
1,2642,3611,4511
1,3386,3393,4588
1,3389,3387,4638
1,2995,3006,4622
1,4107,2966,4565
1,2348,4339,4402
1,3206,4454,4474
1,3663,1324,4611
1,2876,4215,4320
1,3677,2974,4490
1,2941,3503,4604
1,3689,3003,4585
1,3447,3446,4641
1,2978,3550,4489
1,4376,3521,4467
1,1966,2221,4539
1,3115,4376,4467
1,3264,3263,4480
1,3091,4234,4504
1,4339,3004,4402
1,2870,2673,4391
1,2913,2911,4386
1,2932,2930,4465
1,176,177,4453
1,3961,4305,4436
1,168,169,4463
1,3254,2679,4457
1,3129,3130,4477
1,2943,3482,4571
1,3409,3407,4548
1,3141,2896,4426
1,3890,2570,4359
1,758,759,4497
1,122,2618,4397
1,3808,1955,4361
1,1906,3839,4379
1,2564,3245,4462
1,3203,3204,4598
1,3543,4221,4471
1,4139,2811,4314
1,1898,4319,4479
1,4002,2569,4439
1,2906,3293,4605
1,2877,4066,4521
1,1326,302,4420
1,3837,1312,4380
1,2591,3636,4531
1,3224,3221,4419
1,3763,2530,4493
1,1920,4208,4543
1,1554,1544,4648
1,1680,1677,4537
1,1682,1680,4559
1,4467,1991,4526
1,2966,2964,4565
1,1448,1447,4484
1,2151,2149,4398
1,2256,2797,4421
1,3986,4445,4585
1,2672,3243,4570
1,3778,4190,4268
1,2575,2188,4446
1,2664,2273,4592
1,3098,3101,4414
1,3892,1363,4365
1,3142,4415,4580
1,3598,4054,4458
1,3734,3095,4577
1,4445,3690,4585
1,1450,1453,4409
1,744,745,4534
1,2999,3711,4646
1,2666,184,4481
1,4058,2829,4349
1,2878,3216,4572
1,1444,1443,4508
1,3007,4537,4549
1,2533,2463,4425
1,3268,3193,4514
1,2767,3645,4553
1,4217,3333,4232
1,2138,2140,4613
1,1941,3615,4651
1,2320,2321,4427
1,3121,2828,4505
1,3581,4403,4546
1,4444,4313,4511
1,2155,2153,4412
1,3195,4125,4583
1,3590,3589,4597
1,4296,2526,4552
1,3086,3741,4617
1,2956,3490,4600
1,3789,2451,4554
1,4263,2855,4381
1,311,4368,4557
1,4456,1980,4530
1,268,267,4459
1,3718,3861,4431
1,1925,4228,4542
1,3986,2061,4445
1,1453,4378,4409
1,4531,3210,4551
1,2776,777,4442
1,2936,4080,4520
1,3907,2312,4603
1,4190,2783,4268
1,3854,3126,4468
1,4073,3264,4480
1,694,693,4473
1,3398,2941,4589
1,3113,2957,4645
1,4335,3808,4361
1,1457,4199,4310
1,3668,4473,4642
1,3771,2696,4461
1,4228,3187,4542
1,322,4155,4481
1,3690,3689,4585
1,1663,1664,4437
1,2998,2999,4646
1,3909,4092,4452
1,3908,2993,4569
1,3142,4175,4415
1,3103,3105,4608
1,1371,4026,4617
1,1866,3253,4540
1,3114,3115,4467
1,2324,2325,4581
1,1827,762,4475
1,2579,2476,4582
1,1975,1936,4470
1,3368,4286,4517
1,2888,2756,4432
1,3582,3581,4546
1,3868,4313,4444
1,4286,3864,4517
1,3744,3324,4518
1,2489,2671,4468
1,4114,1377,4594
1,2758,4482,4616
1,4275,1785,4292
1,4415,152,4580
1,4441,2597,4576
1,3806,4325,4535
1,298,297,4506
1,130,131,4562
1,3954,1903,4451
1,3747,1379,4504
1,3699,3907,4603
1,2702,3910,4479
1,3745,1866,4569
1,4353,1827,4475
1,1955,3994,4400
1,4568,2740,4607
1,2746,3971,4413
1,233,232,4519
1,2484,2740,4568
1,2945,4536,4587
1,2127,2553,4450
1,2588,2814,4455
1,287,286,4527
1,152,153,4580
1,3005,2840,4469
1,4361,1955,4400
1,2459,2457,4494
1,225,224,4550
1,312,311,4557
1,3723,2782,4615
1,2549,2174,4509
1,2916,3002,4556
1,3247,2955,4515
1,2954,3206,4474
1,2875,2580,4491
1,1663,4437,4447
1,3380,4450,4595
1,1866,4540,4569
1,1694,3975,4464
1,3941,3690,4445
1,2589,2590,4476
1,4588,3393,4635
1,3893,1663,4447
1,2693,3912,4604
1,2289,2913,4576
1,4174,4016,4363
1,3136,3133,4500
1,4218,2936,4520
1,2057,4204,4626
1,264,263,4578
1,2921,2919,4533
1,4452,2954,4474
1,4068,3495,4561
1,1342,3868,4444
1,3455,4133,4516
1,1557,1567,4564
1,1980,1958,4530
1,3282,4167,4390
1,2871,2991,4628
1,4314,2811,4316
1,3633,4314,4316
1,2740,2959,4607
1,1779,4249,4571
1,3970,1329,4503
1,3114,4467,4526
1,3786,2758,4616
1,3254,4568,4607
1,3783,1373,4485
1,210,209,4650
1,2846,3617,4598
1,738,3455,4516
1,4026,3086,4617
1,3616,2961,4590
1,3126,4214,4418
1,2125,3961,4436
1,3833,1902,4483
1,1570,3771,4619
1,4054,4192,4458
1,1316,214,4560
1,3571,4301,4357
1,2860,2997,4529
1,3773,2926,4649
1,2747,2927,4501
1,2495,2520,4573
1,3804,1899,4512
1,2774,3913,4579
1,3211,2970,4601
1,4576,2913,4621
1,3116,3114,4526
1,1552,1557,4623
1,3469,4263,4381
1,2591,4531,4551
1,3836,1316,4487
1,2809,3792,4536
1,3792,2057,4587
1,4085,3228,4636
1,3159,3160,4523
1,3291,3290,4621
1,1557,4564,4623
1,3157,2877,4538
1,1350,3806,4535
1,2935,3007,4549
1,3771,4461,4619
1,3263,3254,4607
1,3290,4576,4621
1,3161,2929,4554
1,4362,3365,4378
1,2665,4449,4584
1,1760,1761,4633
1,1950,1989,4567
1,2738,3957,4542
1,3974,1684,4635
1,2797,4291,4421
1,3208,3209,4606
1,4184,4010,4423
1,3000,2585,4647
1,4513,2943,4571
1,4521,2935,4549
1,4006,3181,4449
1,3951,2629,4471
1,3849,2968,4544
1,3877,1314,4492
1,3089,3106,4488
1,1613,1615,4630
1,1410,1412,4652
1,3884,3447,4641
1,1338,3770,4528
1,3228,4036,4636
1,3882,1883,4644
1,3874,1320,4486
1,1335,3848,4524
1,4536,3792,4587
1,4374,2860,4529
1,3864,1343,4517
1,4266,2693,4575
1,3380,4259,4450
1,1684,4224,4588
1,4309,1328,4645
1,2888,4432,4610
1,1320,3904,4498
1,4449,3181,4584
1,1359,4068,4561
1,2942,3849,4651
1,2926,4062,4649
1,2682,4019,4572
1,4284,3004,4339
1,1329,4073,4480
1,3873,1313,4525
1,4080,3144,4520
1,3169,4181,4583
1,4450,2553,4595
1,4010,2225,4423
1,3546,4114,4594
1,4486,1320,4498
1,4457,2892,4568
1,4092,2954,4452
1,4234,3747,4504
1,4432,3761,4610
1,4192,2554,4458
1,2799,3180,4627
1,3409,4365,4639
1,2999,4087,4472
1,1909,3845,4591
1,1361,4025,4602
1,3147,2940,4574
1,4261,1781,4631
1,3003,3986,4585
1,4330,3364,4563
1,4231,2869,4643
1,4492,1314,4641
1,3849,4544,4651
1,1310,3840,4629
1,2626,4129,4495
1,3912,2858,4589
1,3136,4500,4539
1,4129,185,4495
1,4155,2666,4481
1,4216,1909,4591
1,4223,3720,4494
1,3172,4486,4498
1,1314,3884,4641
1,2891,4462,4592
1,4436,2875,4491
1,4066,2935,4521
1,4544,1941,4651
1,1924,3874,4634
1,4062,3150,4649
1,2192,3976,4586
1,4350,3463,4407
1,3874,4486,4634
1,3446,4492,4641
1,2983,4296,4552
1,1453,4362,4378
1,3170,4024,4620
1,4348,1310,4629
1,2940,4207,4574
1,4319,3186,4479
1,4149,1926,4632
1,1926,4163,4632
1,4313,1915,4411
1,3099,4109,4612
1,2081,4100,4614
1,3020,4145,4628
1,4225,3210,4531
1,4145,2871,4628
1,3589,4463,4597
1,3611,4444,4511
1,4321,2250,4609
1,3420,4306,4578
1,4208,3345,4543
1,4486,3174,4634
1,4253,1361,4602
1,4262,3744,4518
1,4119,2998,4646
1,4209,1335,4524
1,4355,2575,4446
1,3231,4313,4411
1,4295,3761,4432
1,4423,2225,4566
1,2839,4321,4609
1,4313,3231,4511
1,3499,4356,4422
1,2225,3962,4566
1,4337,3954,4451
1,4341,2839,4609
1,2372,4131,4599
1,2553,4148,4595
1,2944,4184,4423
1,3559,4329,4567
1,4205,3170,4620
1,3485,4337,4451
1,4249,2798,4513
1,3561,4355,4446
1,3209,4247,4606
1,4269,3898,4543
1,3628,4414,4522
1,3995,4231,4643
1,3321,4262,4518
1,3235,4205,4620
1,4163,3283,4632
1,2869,4184,4643
1,4125,3169,4583
1,3210,4320,4551
1,4490,2324,4581
1,4288,2888,4610
1,3181,4308,4584
1,4466,3433,4573
1,4430,2943,4513
1,2870,4391,4510
1,3456,4303,4612
1,3258,4330,4563
1,4414,3101,4522
1,4324,2894,4625
1,2913,4386,4555
1,3002,4484,4556
1,2957,4309,4645
1,4365,3417,4639
1,3396,4341,4609
1,4555,4596,4621
1,4596,3291,4621
1,4484,1447,4556
1,3290,4441,4576
1,3254,4457,4568
1,2533,4425,4624
1,3677,4490,4581
1,4462,3245,4592
1,4545,3094,4631
1,3215,4545,4631
1,2913,4555,4621
1,4555,2601,4596
1,1760,4633,4637
1,4633,3482,4637
0,4677,5392,5386
0,4677,5386,4678
0,5379,5383,5382
0,32,5368,31
0,32,5369,5368
0,5382,5383,5376
0,4664,0,30
0,4678,5386,4679
0,5360,5383,5379
0,5364,5389,5382
0,5386,5393,4679
0,5382,5389,5367
0,5368,5385,31
0,5361,5392,4677
0,5366,5369,33
0,33,5369,32
0,5375,5392,5361
0,5361,5391,5375
0,5369,5384,5368
0,5371,5378,5375
0,5370,5371,5362
0,5370,5378,5371
0,5366,5380,5377
0,38,5365,37
0,5365,5378,5370
0,5371,5375,5373
0,4671,5367,4672
0,36,5370,5362
0,5375,5376,5373
0,5360,5379,4670
0,5365,5370,37
0,4671,5379,5367
0,5372,5380,5362
0,5377,5380,5372
0,5371,5372,5362
0,5371,5373,5372
0,37,5370,36
0,4670,5379,4671
0,34,5380,5366
0,5362,5380,35
0,4669,5381,5360
0,4669,5360,4670
0,34,5366,33
0,4665,5368,4666
0,36,5362,35
0,4667,5363,4668
0,4668,5381,4669
0,5363,5381,4668
0,35,5380,34
0,5373,5374,5372
0,5379,5382,5367
0,5374,5377,5372
0,4676,5361,4677
0,4674,5364,4675
0,5373,5383,5374
0,4667,5384,5363
0,5368,5384,4666
0,5376,5383,5373
0,4666,5384,4667
0,5366,5387,5369
0,4664,5385,4665
0,31,5385,30
0,5384,5387,5363
0,4665,5385,5368
0,5369,5387,5384
0,5377,5387,5366
0,2,5393,38
0,4679,5393,2
0,5365,5386,5378
0,5378,5392,5375
0,30,5385,4664
0,4675,5388,4676
0,4676,5388,5361
0,5364,5388,4675
0,4674,5389,5364
0,5365,5393,5386
0,5377,5390,5387
0,5374,5390,5377
0,4672,5395,4653
0,4673,5389,4674
0,4653,5395,4673
0,5387,5390,5363
0,5374,5396,5390
0,5363,5390,5381
0,5375,5391,5376
0,5367,5395,4672
0,5390,5396,5381
0,5382,5394,5364
0,38,5393,5365
0,5383,5396,5374
0,5376,5394,5382
0,5381,5396,5360
0,5360,5396,5383
0,5388,5391,5361
0,5364,5394,5388
0,5386,5392,5378
0,5389,5395,5367
0,5388,5394,5391
0,4673,5395,5389
0,5391,5394,5376
1,4657,4654,4653
1,4748,4749,4676
1,4746,4747,4678
1,4750,4751,4675
1,4674,4751,4752
1,4673,4753,4657
1,4747,4748,4677
1,6,5397,2
1,4679,5397,4745
1,2,5397,4679
1,4745,5397,6
1,4657,4653,4673
1,4674,4753,4673
1,4675,4751,4674
1,4752,4753,4674
1,4676,4750,4675
1,4677,4748,4676
1,4676,4749,4750
1,4678,4747,4677
1,4679,4746,4678
1,4745,4746,4679
1,4791,5419,4790
1,5435,5443,5402
1,5416,5445,5404
1,5414,5443,5435
1,5414,5435,5404
1,5404,5450,5416
1,5404,5445,5414
1,4789,5421,4788
1,5418,5453,5407
1,4715,5427,4716
1,5419,5427,4790
1,5407,5457,5418
1,5416,5450,5407
1,4791,5429,5419
1,5407,5453,5416
1,4787,5423,4786
1,4789,5427,5421
1,4713,5430,4714
1,5421,5430,4788
1,5420,5459,5409
1,4716,5427,5419
1,5409,5463,5420
1,5418,5457,5409
1,5421,5427,4715
1,5409,5459,5418
1,5423,5431,4786
1,4787,5430,5423
1,4714,5430,5421
1,5422,5467,5411
1,4711,5431,4712
1,4785,5426,4784
1,5411,5470,5422
1,5423,5430,4713
1,5420,5463,5411
1,5411,5467,5420
1,5426,5428,4784
1,4712,5431,5423
1,4785,5431,5426
1,5424,5475,5413
1,5426,5431,4711
1,4790,5427,4789
1,5413,5478,5424
1,4709,5428,4710
1,4788,5430,4787
1,5422,5470,5413
1,4710,5428,5426
1,4709,5432,5428
1,4708,5432,4709
1,4786,5431,4785
1,5425,5482,5415
1,5413,5475,5422
1,4784,5428,4783
1,5403,5434,4815
1,4736,5438,5400
1,4740,5436,5398
1,4738,5439,5399
1,4734,5437,5401
1,5410,5442,4809
1,5408,5441,4811
1,5412,5443,4807
1,5406,5440,4813
1,4815,5434,4814
1,5415,5486,5425
1,4735,5438,4736
1,4739,5436,4740
1,4737,5439,4738
1,4733,5437,4734
1,4809,5442,4808
1,4807,5443,4806
1,4811,5441,4810
1,4813,5440,4812
1,5404,5435,4731
1,4782,5433,4781
1,5428,5432,4783
1,5433,5444,4781
1,4708,5433,5432
1,4783,5432,4782
1,4816,5403,4815
1,4726,5409,4727
1,4728,5407,4729
1,4710,5426,4711
1,4724,5411,4725
1,4716,5419,4717
1,4730,5404,4731
1,4720,5415,4721
1,4740,5398,4741
1,4734,5401,4735
1,4712,5423,4713
1,4722,5413,4723
1,4714,5421,4715
1,4718,5417,4719
1,4732,5402,4733
1,4736,5400,4737
1,4738,5399,4739
1,4814,5406,4813
1,4810,5410,4809
1,4812,5408,4811
1,4806,5414,4805
1,4796,5424,4795
1,4794,5425,4793
1,4808,5412,4807
1,4792,5429,4791
1,4800,5420,4799
1,4798,5422,4797
1,4804,5416,4803
1,4802,5418,4801
1,4814,5434,5406
1,5402,5437,4733
1,5401,5438,4735
1,5399,5436,4739
1,5400,5439,4737
1,4812,5440,5408
1,4810,5441,5410
1,4808,5442,5412
1,4806,5443,5414
1,5429,5493,5417
1,5432,5433,4782
1,5424,5478,5415
1,4707,5433,4708
1,4781,5444,4780
1,4741,5449,4742
1,4707,5444,5433
1,4731,5435,4732
1,5444,5446,4780
1,4804,5445,5416
1,5417,5498,5429
1,5415,5482,5424
1,5414,5445,4805
1,4732,5435,5402
1,4780,5446,4779
1,4706,5444,4707
1,5407,5450,4729
1,4730,5450,5404
1,5446,5447,4779
1,4706,5446,5444
1,4805,5445,4804
1,5425,5486,5417
1,4802,5453,5418
1,4779,5447,4778
1,4705,5446,4706
1,5416,5453,4803
1,5409,5457,4727
1,5447,5451,4778
1,5417,5493,5425
1,4705,5447,5446
1,4728,5457,5407
1,4778,5451,4777
1,4800,5459,5420
1,5429,5498,5419
1,4704,5447,4705
1,5411,5463,4725
1,4729,5450,4730
1,5451,5452,4777
1,5418,5459,4801
1,4704,5451,5447
1,5398,5449,4741
1,4798,5467,5422
1,4777,5452,4776
1,4726,5463,5409
1,5413,5470,4723
1,4703,5451,4704
1,4796,5475,5424
1,5452,5454,4776
1,5420,5467,4799
1,5419,5498,4717
1,5415,5478,4721
1,4792,5493,5429
1,4794,5482,5425
1,5045,5448,5046
1,5417,5486,4719
1,4703,5452,5451
1,5449,5492,4742
1,4724,5470,5411
1,4776,5454,4775
1,5044,5405,5045
1,5422,5475,4797
1,4702,5452,4703
1,4803,5453,4802
1,4722,5478,5413
1,5454,5456,4775
1,5424,5482,4795
1,4718,5498,5417
1,4720,5486,5415
1,5425,5493,4793
1,4702,5454,5452
1,5403,5455,5434
1,4658,5489,4816
1,4775,5456,4774
1,4742,5492,4655
1,5405,5492,5449
1,4701,5454,4702
1,5456,5458,4774
1,4701,5456,5454
1,4774,5458,4773
1,4727,5457,4728
1,5461,5465,5406
1,4700,5456,4701
1,5458,5460,4773
1,4700,5458,5456
1,4773,5460,4772
1,5434,5461,5406
1,4699,5458,4700
1,5460,5462,4772
1,4772,5462,4771
1,4699,5460,5458
1,4801,5459,4800
1,5436,5465,5461
1,5462,5464,4771
1,4698,5460,4699
1,5455,5461,5434
1,5436,5461,5398
1,4771,5464,4770
1,4698,5462,5460
1,5398,5461,5455
1,5406,5465,5440
1,5405,5448,5045
1,4816,5489,5403
1,5464,5466,4770
1,4697,5462,4698
1,5398,5455,5449
1,4770,5466,4769
1,4725,5463,4726
1,4697,5464,5462
1,5471,5473,5408
1,5046,5489,4658
1,5466,5468,4769
1,4655,5492,5044
1,4696,5464,4697
1,4769,5468,4768
1,4696,5466,5464
1,5468,5469,4768
1,4695,5466,4696
1,5399,5465,5436
1,4768,5469,4767
1,4799,5467,4798
1,5440,5471,5408
1,4695,5468,5466
1,5469,5472,4767
1,5439,5473,5471
1,4694,5468,4695
1,4767,5472,4766
1,5439,5471,5399
1,4694,5469,5468
1,5408,5473,5441
1,5472,5474,4766
1,5465,5471,5440
1,4693,5469,4694
1,4766,5474,4765
1,4723,5470,4724
1,5480,5483,5410
1,4693,5472,5469
1,5474,5476,4765
1,5399,5471,5465
1,5403,5489,5448
1,4692,5472,4693
1,4765,5476,4764
1,4692,5474,5472
1,5476,5477,4764
1,4764,5477,4763
1,5443,5495,5402
1,4691,5474,4692
1,4797,5475,4796
1,5438,5483,5480
1,4691,5476,5474
1,5477,5479,4763
1,4763,5479,4762
1,4690,5476,4691
1,5438,5480,5400
1,5400,5473,5439
1,5410,5483,5442
1,5441,5480,5410
1,5479,5481,4762
1,4690,5477,5476
1,5491,5495,5412
1,5449,5487,5405
1,4762,5481,4761
1,4689,5477,4690
1,4721,5478,4722
1,5481,5484,4761
1,4689,5479,5477
1,5437,5495,5491
1,4761,5484,4760
1,4688,5479,4689
1,5484,5485,4760
1,5473,5480,5441
1,4688,5481,5479
1,4760,5485,4759
1,5412,5495,5443
1,5437,5491,5401
1,4687,5481,4688
1,5485,5488,4759
1,4795,5482,4794
1,4657,5499,4654
1,4687,5484,5481
1,4759,5488,4758
1,5400,5480,5473
1,4686,5484,4687
1,5488,5490,4758
1,4758,5490,4757
1,4686,5485,5484
1,4685,5485,4686
1,5490,5494,4757
1,4757,5494,4756
1,4719,5486,4720
1,4685,5488,5485
1,5494,5496,4756
1,4684,5488,4685
1,4756,5496,4755
1,4684,5490,5488
1,5496,5497,4755
1,4683,5490,4684
1,5442,5491,5412
1,4755,5497,4754
1,5401,5483,5438
1,4683,5494,5490
1,4793,5493,4792
1,5497,5499,4754
1,4754,5499,4657
1,4682,5494,4683
1,4682,5496,5494
1,4681,5496,4682
1,4681,5497,5496
1,4654,5499,4680
1,4717,5498,4718
1,4680,5499,5497
1,4680,5497,4681
1,5483,5491,5442
1,5401,5491,5483
1,5402,5495,5437
1,5448,5487,5403
1,5455,5487,5449
1,5403,5487,5455
1,5448,5489,5046
1,5044,5492,5405
1,5405,5487,5448
1,5658,5725,5534
1,5589,5598,5552
1,5535,5726,5655
1,5659,5725,5658
1,5536,5728,5651
1,5647,5729,5537
1,5500,5727,5590
1,5552,5592,5589
1,5655,5726,5656
1,5651,5728,5652
1,5648,5729,5647
1,5659,5759,5008
1,5665,5766,5020
1,5025,5760,5642
1,4970,5762,5638
1,5013,5770,5628
1,5648,5756,4996
1,5620,5779,5032
1,5625,5777,4977
1,4958,5775,5670
1,5633,5763,4965
1,5037,5757,5652
1,5001,5780,5676
1,4982,5758,5656
1,5007,5725,5659
1,5656,5726,4983
1,5652,5728,5038
1,4995,5729,5648
1,5533,5643,5641
1,5532,5639,5637
1,5664,5666,5530
1,5529,5629,5627
1,5590,5733,5500
1,5632,5634,5531
1,4995,5648,4996
1,5528,5671,5669
1,5007,5659,5008
1,5037,5652,5038
1,5025,5642,5026
1,4982,5656,4983
1,4970,5638,4971
1,5624,5626,5527
1,5678,5680,5524
1,5019,5665,5020
1,5013,5628,5014
1,5619,5621,5526
1,5679,5781,4989
1,4964,5633,4965
1,5525,5677,5675
1,4958,5670,4959
1,4988,5679,4989
1,4976,5625,4977
1,5031,5620,5032
1,5001,5676,5002
1,5653,5728,5536
1,5654,5726,5535
1,5537,5729,5650
1,5727,5732,5590
1,5589,5592,5502
1,5534,5725,5657
1,5502,5593,5589
1,4956,5732,5591
1,5641,5643,5642
1,5637,5639,5638
1,5665,5666,5664
1,4974,5753,5564
1,5627,5629,5628
1,5029,5752,5563
1,5561,5776,4987
1,5032,5779,5586
1,5633,5634,5632
1,5587,5780,5001
1,5590,5732,4956
1,4977,5777,5585
1,5562,5751,5004
1,5563,5773,5030
1,5003,5765,5562
1,5564,5772,4975
1,5584,5775,4958
1,5567,5774,5018
1,5669,5671,5670
1,5015,5769,5566
1,4960,5764,5565
1,4986,5750,5561
1,5568,5771,4963
1,5625,5626,5624
1,5679,5680,5678
1,4972,5768,5569
1,5020,5766,5582
1,5027,5767,5570
1,5620,5621,5619
1,5583,5770,5013
1,5501,5594,5591
1,4965,5763,5581
1,5675,5677,5676
1,5560,5748,4992
1,5598,5697,5552
1,5580,5762,4970
1,5008,5759,5578
1,5579,5760,5025
1,4998,5747,5559
1,5573,5728,5653
1,5558,5746,5035
1,5572,5726,5654
1,5557,5745,4980
1,5650,5729,5574
1,5577,5758,4982
1,4996,5756,5575
1,5615,5753,4974
1,5576,5757,5037
1,5614,5752,5029
1,5010,5744,5556
1,5004,5751,5613
1,4989,5588,4990
1,5000,5587,5001
1,5032,5586,5033
1,4977,5585,4978
1,4957,5584,4958
1,5012,5583,5013
1,5020,5582,5021
1,4965,5581,4966
1,4969,5580,4970
1,5024,5579,5025
1,5008,5578,5009
1,4981,5577,4982
1,5036,5576,5037
1,4996,5575,4997
1,4993,5574,4994
1,5039,5573,5040
1,4984,5572,4985
1,5005,5571,5006
1,5027,5570,5028
1,4972,5569,4973
1,4962,5568,4963
1,5017,5567,5018
1,5015,5566,5016
1,4960,5565,4961
1,4974,5564,4975
1,5029,5563,5030
1,5003,5562,5004
1,4986,5561,4987
1,4991,5560,4992
1,4998,5559,4999
1,5034,5558,5035
1,4979,5557,4980
1,5010,5556,5011
1,5022,5555,5023
1,4967,5554,4968
1,5657,5725,5571
1,5555,5743,5023
1,5612,5750,4986
1,5591,5594,5584
1,5611,5749,5041
1,5554,5742,4968
1,5702,5704,5503
1,4992,5748,5610
1,5504,5701,5616
1,5731,5733,5590
1,4967,5741,5554
1,5608,5747,4998
1,5614,5711,5506
1,5022,5739,5555
1,5035,5746,5607
1,5507,5698,5613
1,5556,5740,5011
1,4980,5745,5606
1,4987,5776,5680
1,5615,5699,5505
1,5018,5774,5666
1,5612,5710,5508
1,5643,5767,5027
1,5611,5709,5509
1,5629,5769,5015
1,5639,5768,4972
1,5605,5744,5010
1,5030,5773,5621
1,4975,5772,5626
1,4963,5771,5634
1,5677,5765,5003
1,5023,5743,5604
1,5671,5764,4960
1,4968,5742,5603
1,4979,5738,5557
1,5510,5720,5610
1,5512,5694,5607
1,5602,5741,4967
1,5513,5693,5606
1,5601,5739,5022
1,5034,5736,5558
1,5559,5737,4999
1,5011,5740,5600
1,5608,5696,5511
1,4743,5553,4744
1,5042,5598,5589
1,5516,5691,5603
1,5599,5738,4979
1,5602,5708,5517
1,5605,5692,5514
1,5597,5736,5034
1,5601,5707,5518
1,4999,5737,5596
1,5515,5719,5604
1,4989,5781,5588
1,4991,5735,5560
1,5567,5704,5702
1,5616,5701,5568
1,5596,5685,5587
1,5586,5705,5597
1,5570,5711,5614
1,5613,5698,5571
1,5585,5706,5599
1,5595,5735,4991
1,5599,5706,5520
1,5572,5710,5612
1,5573,5709,5611
1,5582,5707,5601
1,5581,5708,5602
1,5603,5691,5580
1,5607,5694,5576
1,5606,5693,5577
1,5597,5705,5521
1,5519,5718,5600
1,5522,5685,5596
1,5041,5749,5598
1,5588,5682,5595
1,5569,5699,5615
1,5600,5718,5583
1,5610,5720,5574
1,5604,5719,5579
1,5575,5696,5608
1,5578,5692,5605
1,5595,5682,5523
1,4961,5754,5616
1,5016,5755,5704
1,5565,5754,4961
1,5566,5755,5016
1,4957,5591,5584
1,5042,5589,5043
1,4956,5591,4957
1,112,5734,111
1,5642,5643,5026
1,5638,5639,4971
1,4988,5680,5679
1,5019,5666,5665
1,5628,5629,5014
1,4744,5731,4656
1,4964,5634,5633
1,5676,5677,5002
1,5031,5621,5620
1,4976,5626,5625
1,5670,5671,4959
1,4990,5595,4991
1,4999,5596,5000
1,5033,5597,5034
1,4978,5599,4979
1,5011,5600,5012
1,5021,5601,5022
1,4966,5602,4967
1,4968,5603,4969
1,5023,5604,5024
1,5009,5605,5010
1,4980,5606,4981
1,5035,5607,5036
1,4997,5608,4998
1,4992,5610,4993
1,5040,5611,5041
1,4985,5612,4986
1,5004,5613,5005
1,5028,5614,5029
1,4973,5615,4974
1,4961,5616,4962
1,5016,5704,5017
1,5006,5725,5007
1,4983,5726,4984
1,5038,5728,5039
1,4994,5729,4995
1,5588,5595,4990
1,5000,5596,5587
1,5586,5597,5033
1,5585,5599,4978
1,5012,5600,5583
1,5582,5601,5021
1,5581,5602,4966
1,4969,5603,5580
1,4955,5590,4956
1,5024,5604,5579
1,5578,5605,5009
1,4981,5606,5577
1,5036,5607,5576
1,5575,5608,4997
1,4993,5610,5574
1,5573,5611,5040
1,5572,5612,4985
1,5005,5613,5571
1,5570,5614,5028
1,5569,5615,4973
1,4962,5616,5568
1,5017,5704,5567
1,5589,5593,5043
1,8,5782,112
1,5571,5725,5006
1,4984,5726,5572
1,5039,5728,5573
1,5574,5729,4994
1,4954,5501,4658
1,4955,5731,5590
1,5598,5749,5697
1,4656,5731,4955
1,5043,5782,8
1,4817,5502,4818
1,5041,5598,5042
1,4987,5680,4988
1,4818,5592,4819
1,5002,5677,5003
1,5030,5621,5031
1,4975,5626,4976
1,4959,5671,4960
1,5014,5629,5015
1,4963,5634,4964
1,5018,5666,5019
1,5594,5609,5584
1,4817,5778,5502
1,4971,5639,4972
1,5026,5643,5027
1,4953,5594,4954
1,5617,5682,5588
1,5622,5705,5586
1,5553,5733,5731
1,4884,5618,4885
1,4865,5630,4866
1,4933,5636,4934
1,4846,5640,4847
1,4914,5645,4915
1,4827,5646,4828
1,4895,5650,4896
1,4876,5657,4877
1,4944,5662,4945
1,4857,5663,4858
1,4925,5672,4926
1,4838,5673,4839
1,4906,5681,4907
1,4887,5684,4888
1,4868,5688,4869
1,4893,5647,4894
1,4825,5651,4826
1,4912,5655,4913
1,4942,5632,4943
1,4950,5669,4951
1,4923,5624,4924
1,4836,5619,4837
1,4882,5675,4883
1,4901,5682,4902
1,4866,5718,4867
1,4871,5692,4872
1,4847,5719,4848
1,4890,5696,4891
1,4896,5720,4897
1,4928,5699,4929
1,4860,5703,4861
1,4947,5700,4948
1,4926,5721,4927
1,4839,5722,4840
1,4907,5723,4908
1,4869,5724,4870
1,5587,5685,5618
1,5623,5706,5585
1,5502,5778,5734
1,4952,5609,4953
1,5591,5732,5501
1,5631,5707,5582
1,4819,5552,4820
1,4903,5551,4904
1,4883,5550,4884
1,4835,5549,4836
1,4922,5548,4923
1,4951,5547,4952
1,4864,5546,4865
1,4854,5545,4855
1,4941,5544,4942
1,4932,5543,4933
1,4845,5542,4846
1,4873,5541,4874
1,4913,5540,4914
1,4826,5539,4827
1,4892,5538,4893
1,4894,5537,4895
1,4824,5536,4825
1,4911,5535,4912
1,4875,5534,4876
1,4843,5533,4844
1,4930,5532,4931
1,4943,5531,4944
1,4856,5530,4857
1,4862,5529,4863
1,4949,5528,4950
1,4924,5527,4925
1,4837,5526,4838
1,4881,5525,4882
1,4905,5524,4906
1,4900,5523,4901
1,4886,5522,4887
1,4832,5521,4833
1,4919,5520,4920
1,4867,5519,4868
1,4851,5518,4852
1,4938,5517,4939
1,4935,5516,4936
1,4848,5515,4849
1,4870,5514,4871
1,4916,5513,4917
1,4829,5512,4830
1,4889,5511,4890
1,4897,5510,4898
1,4821,5509,4822
1,4908,5508,4909
1,4878,5507,4879
1,4840,5506,4841
1,4927,5505,4928
1,4946,5504,4947
1,4859,5503,4860
1,4902,5617,4903
1,4834,5622,4835
1,4921,5623,4922
1,4853,5631,4854
1,4940,5635,4941
1,4872,5644,4873
1,4891,5649,4892
1,4823,5653,4824
1,4910,5654,4911
1,4842,5660,4843
1,4929,5661,4930
1,4861,5667,4862
1,4948,5668,4949
1,4880,5674,4881
1,4899,5683,4900
1,4831,5686,4832
1,4918,5687,4919
1,4850,5689,4851
1,4937,5690,4938
1,4874,5658,4875
1,4844,5641,4845
1,4931,5637,4932
1,4855,5664,4856
1,4863,5627,4864
1,4820,5697,4821
1,4904,5678,4905
1,4885,5685,4886
1,4833,5705,4834
1,4920,5706,4921
1,4852,5707,4853
1,4939,5708,4940
1,4934,5691,4935
1,4915,5693,4916
1,4828,5694,4829
1,4822,5709,4823
1,4909,5710,4910
1,4877,5698,4878
1,4841,5711,4842
1,4945,5701,4946
1,4858,5702,4859
1,4879,5712,4880
1,4898,5713,4899
1,4830,5714,4831
1,4917,5715,4918
1,4888,5695,4889
1,4849,5716,4850
1,4936,5717,4937
1,5635,5708,5581
1,7,5778,4817
1,5583,5718,5630
1,5580,5691,5636
1,5644,5692,5578
1,5577,5693,5645
1,5579,5719,5640
1,5576,5694,5646
1,5045,5730,5044
1,5593,5734,112
1,5653,5709,5573
1,4743,5761,5553
1,5654,5710,5572
1,5649,5696,5575
1,5660,5711,5570
1,5571,5698,5657
1,5574,5720,5650
1,4655,5761,4743
1,5044,5761,4655
1,5661,5699,5569
1,5568,5701,5662
1,5674,5712,5562
1,5567,5702,5663
1,5667,5703,5566
1,5683,5713,5560
1,5668,5700,5565
1,5046,5500,5045
1,5686,5714,5558
1,5687,5715,5557
1,5689,5716,5555
1,5690,5717,5554
1,5533,5767,5643
1,5559,5695,5684
1,5564,5721,5672
1,5563,5722,5673
1,5532,5768,5639
1,5561,5723,5681
1,5556,5724,5688
1,5666,5774,5530
1,5634,5771,5531
1,5502,5592,4818
1,5529,5769,5629
1,5502,5734,5593
1,5528,5764,5671
1,5626,5772,5527
1,5621,5773,5526
1,4658,5727,5046
1,5525,5765,5677
1,5680,5776,5524
1,4819,5592,5552
1,4953,5609,5594
1,5630,5718,4866
1,5640,5719,4847
1,5650,5720,4896
1,5672,5721,4926
1,5673,5722,4839
1,5681,5723,4907
1,5688,5724,4869
1,5547,5609,4952
1,5550,5618,4884
1,5546,5630,4865
1,5543,5636,4933
1,5542,5640,4846
1,5540,5645,4914
1,5539,5646,4827
1,5537,5650,4895
1,5534,5657,4876
1,5531,5662,4944
1,5530,5663,4857
1,5527,5672,4925
1,5526,5673,4838
1,5524,5681,4906
1,5522,5684,4887
1,5519,5688,4868
1,4883,5675,5550
1,5549,5619,4836
1,5548,5624,4923
1,4951,5669,5547
1,5544,5632,4942
1,4913,5655,5540
1,4826,5651,5539
1,5538,5647,4893
1,4894,5647,5537
1,5536,5651,4825
1,5535,5655,4912
1,4943,5632,5531
1,5528,5669,4950
1,4924,5624,5527
1,4837,5619,5526
1,5525,5675,4882
1,5523,5682,4901
1,4867,5718,5519
1,4848,5719,5515
1,5514,5692,4871
1,5511,5696,4890
1,4897,5720,5510
1,4870,5724,5514
1,5505,5699,4928
1,4908,5723,5508
1,4840,5722,5506
1,5504,5700,4947
1,4927,5721,5505
1,5503,5703,4860
1,4902,5682,5617
1,5618,5685,4885
1,5636,5691,4934
1,4872,5692,5644
1,5645,5693,4915
1,4891,5696,5649
1,5646,5694,4828
1,5657,5698,4877
1,4929,5699,5661
1,5662,5701,4945
1,4861,5703,5667
1,5663,5702,4858
1,4948,5700,5668
1,5684,5695,4888
1,4954,5594,5501
1,4903,5617,5551
1,4835,5622,5549
1,4922,5623,5548
1,4854,5631,5545
1,4941,5635,5544
1,4873,5644,5541
1,4892,5649,5538
1,4824,5653,5536
1,4911,5654,5535
1,4843,5660,5533
1,4930,5661,5532
1,4862,5667,5529
1,4949,5668,5528
1,4881,5674,5525
1,4900,5683,5523
1,4832,5686,5521
1,4919,5687,5520
1,4851,5689,5518
1,4938,5690,5517
1,5552,5697,4820
1,5551,5678,4904
1,4864,5627,5546
1,5545,5664,4855
1,4932,5637,5543
1,4845,5641,5542
1,5541,5658,4874
1,4875,5658,5534
1,5533,5641,4844
1,5532,5637,4931
1,4856,5664,5530
1,5529,5627,4863
1,4905,5678,5524
1,4821,5697,5509
1,4886,5685,5522
1,5521,5705,4833
1,5520,5706,4920
1,5518,5707,4852
1,5517,5708,4939
1,4935,5691,5516
1,4916,5693,5513
1,4829,5694,5512
1,5509,5709,4822
1,5508,5710,4909
1,4878,5698,5507
1,5516,5717,4936
1,5515,5716,4849
1,5506,5711,4841
1,5513,5715,4917
1,5512,5714,4830
1,4889,5695,5511
1,5510,5713,4898
1,5507,5712,4879
1,4946,5701,5504
1,4859,5702,5503
1,4834,5705,5622
1,4921,5706,5623
1,4853,5707,5631
1,4940,5708,5635
1,4823,5709,5653
1,4910,5710,5654
1,4842,5711,5660
1,4880,5712,5674
1,4899,5713,5683
1,4831,5714,5686
1,4918,5715,5687
1,4850,5716,5689
1,4937,5717,5690
1,5501,5727,4658
1,5704,5755,5503
1,5616,5754,5504
1,5553,5731,4744
1,5523,5735,5595
1,5596,5737,5522
1,5521,5736,5597
1,5520,5738,5599
1,5500,5730,5045
1,5600,5740,5519
1,5518,5739,5601
1,5517,5741,5602
1,5603,5742,5516
1,5604,5743,5515
1,5514,5744,5605
1,5606,5745,5513
1,5551,5679,5678
1,5627,5628,5546
1,5545,5665,5664
1,5637,5638,5543
1,5641,5642,5542
1,5541,5659,5658
1,5593,5782,5043
1,5675,5676,5550
1,5549,5620,5619
1,5548,5625,5624
1,5669,5670,5547
1,5544,5633,5632
1,5655,5656,5540
1,5651,5652,5539
1,5538,5648,5647
1,5607,5746,5512
1,5511,5747,5608
1,5610,5748,5510
1,5509,5749,5611
1,5508,5750,5612
1,5613,5751,5507
1,5506,5752,5614
1,5505,5753,5615
1,5564,5753,5721
1,5712,5751,5562
1,5563,5752,5722
1,5734,5778,111
1,5046,5727,5500
1,5561,5750,5723
1,5713,5748,5560
1,112,5782,5593
1,5559,5747,5695
1,5714,5746,5558
1,5715,5745,5557
1,5501,5732,5727
1,5703,5755,5566
1,5716,5743,5555
1,5556,5744,5724
1,5700,5754,5565
1,5717,5742,5554
1,5503,5755,5703
1,5504,5754,5700
1,5554,5741,5690
1,111,5778,7
1,5555,5739,5689
1,5688,5740,5556
1,5557,5738,5687
1,5558,5736,5686
1,5684,5737,5559
1,5560,5735,5683
1,5681,5776,5561
1,5562,5765,5674
1,5673,5773,5563
1,5683,5735,5523
1,5672,5772,5564
1,5565,5764,5668
1,5566,5769,5667
1,5686,5736,5521
1,5687,5738,5520
1,5522,5737,5684
1,5663,5774,5567
1,5617,5781,5551
1,5662,5771,5568
1,5569,5768,5661
1,5730,5761,5044
1,5541,5759,5659
1,5538,5756,5648
1,5689,5739,5518
1,5570,5767,5660
1,5545,5766,5665
1,5642,5760,5542
1,5652,5757,5539
1,5690,5741,5517
1,5519,5740,5688
1,5638,5762,5543
1,5588,5781,5617
1,5656,5758,5540
1,5544,5763,5633
1,5628,5770,5546
1,5670,5775,5547
1,5548,5777,5625
1,5549,5779,5620
1,5516,5742,5717
1,5515,5743,5716
1,5676,5780,5550
1,5500,5733,5730
1,5724,5744,5514
1,5513,5745,5715
1,5512,5746,5714
1,5695,5747,5511
1,5575,5756,5649
1,5553,5761,5730
1,5510,5748,5713
1,5697,5749,5509
1,5646,5757,5576
1,5645,5758,5577
1,5723,5750,5508
1,5507,5751,5712
1,5578,5759,5644
1,5722,5752,5506
1,5721,5753,5505
1,5640,5760,5579
1,5581,5763,5635
1,5636,5762,5580
1,5551,5781,5679
1,5582,5766,5631
1,5730,5733,5553
1,5609,5775,5584
1,5649,5756,5538
1,5539,5757,5646
1,5630,5770,5583
1,5540,5758,5645
1,5585,5777,5623
1,5586,5779,5622
1,5644,5759,5541
1,5668,5764,5528
1,5674,5765,5525
1,5660,5767,5533
1,5661,5768,5532
1,5542,5760,5640
1,5667,5769,5529
1,5618,5780,5587
1,5531,5771,5662
1,5527,5772,5672
1,5526,5773,5673
1,5543,5762,5636
1,5530,5774,5663
1,5524,5776,5681
1,5635,5763,5544
1,5631,5766,5545
1,5546,5770,5630
1,5547,5775,5609
1,5623,5777,5548
1,5622,5779,5549
1,5550,5780,5618
0,4659,4656,4955
0,5135,8,14
0,5043,8,5135
0,5047,4659,4955
0,4956,5047,4955
0,4957,5048,4956
0,5048,5047,4956
0,4958,5049,4957
0,4957,5049,5048
0,4959,5050,4958
0,4958,5050,5049
0,4960,5051,4959
0,5051,5050,4959
0,4961,5052,4960
0,5052,5051,4960
0,4962,5053,4961
0,4961,5053,5052
0,4963,5054,4962
0,5054,5053,4962
0,4964,5055,4963
0,5055,5054,4963
0,4965,5056,4964
0,4964,5056,5055
0,4966,5057,4965
0,4965,5057,5056
0,4967,5058,4966
0,4966,5058,5057
0,4968,5059,4967
0,4967,5059,5058
0,4969,5060,4968
0,4968,5060,5059
0,4970,5061,4969
0,4969,5061,5060
0,4971,5062,4970
0,4970,5062,5061
0,4972,5063,4971
0,4971,5063,5062
0,4973,5064,4972
0,4972,5064,5063
0,4974,5065,4973
0,4973,5065,5064
0,4975,5066,4974
0,4974,5066,5065
0,4975,4976,5067
0,4975,5067,5066
0,4976,4977,5068
0,5067,4976,5068
0,4977,4978,5069
0,5068,4977,5069
0,4978,4979,5070
0,5069,4978,5070
0,4979,4980,5071
0,5070,4979,5071
0,4980,4981,5072
0,5071,4980,5072
0,4981,4982,5073
0,5072,4981,5073
0,4982,4983,5074
0,5073,4982,5074
0,4983,4984,5075
0,5074,4983,5075
0,4984,4985,5076
0,5075,4984,5076
0,4985,4986,5077
0,5076,4985,5077
0,4986,4987,5078
0,5077,4986,5078
0,4987,4988,5079
0,5078,4987,5079
0,5080,4988,4989
0,5079,4988,5080
0,4990,5081,4989
0,5081,5080,4989
0,4991,5082,4990
0,5082,5081,4990
0,4992,5083,4991
0,5083,5082,4991
0,4993,5084,4992
0,5084,5083,4992
0,4994,5085,4993
0,5085,5084,4993
0,4995,5086,4994
0,5086,5085,4994
0,4996,5087,4995
0,5087,5086,4995
0,4997,5088,4996
0,5088,5087,4996
0,4998,5089,4997
0,5089,5088,4997
0,4999,5090,4998
0,5090,5089,4998
0,5000,5091,4999
0,5091,5090,4999
0,5001,5092,5000
0,5092,5091,5000
0,5002,5093,5001
0,5093,5092,5001
0,5003,5094,5002
0,5094,5093,5002
0,5004,5095,5003
0,5095,5094,5003
0,5005,5096,5004
0,5096,5095,5004
0,5006,5097,5005
0,5097,5096,5005
0,5007,5098,5006
0,5098,5097,5006
0,5008,5099,5007
0,5099,5098,5007
0,5009,5100,5008
0,5100,5099,5008
0,5010,5101,5009
0,5101,5100,5009
0,5011,5102,5010
0,5102,5101,5010
0,5012,5103,5011
0,5011,5103,5102
0,5013,5104,5012
0,5012,5104,5103
0,5014,5105,5013
0,5013,5105,5104
0,5015,5106,5014
0,5014,5106,5105
0,5016,5107,5015
0,5015,5107,5106
0,5017,5108,5016
0,5016,5108,5107
0,5018,5109,5017
0,5017,5109,5108
0,5019,5110,5018
0,5018,5110,5109
0,5020,5111,5019
0,5019,5111,5110
0,5021,5112,5020
0,5020,5112,5111
0,5022,5113,5021
0,5021,5113,5112
0,5023,5114,5022
0,5022,5114,5113
0,5024,5115,5023
0,5023,5115,5114
0,5025,5116,5024
0,5024,5116,5115
0,5026,5117,5025
0,5025,5117,5116
0,5027,5118,5026
0,5026,5118,5117
0,5028,5119,5027
0,5027,5119,5118
0,5029,5120,5028
0,5028,5120,5119
0,5030,5121,5029
0,5029,5121,5120
0,5031,5122,5030
0,5030,5122,5121
0,5032,5123,5031
0,5031,5123,5122
0,5033,5124,5032
0,5032,5124,5123
0,5034,5125,5033
0,5033,5125,5124
0,5035,5126,5034
0,5034,5126,5125
0,5036,5127,5035
0,5035,5127,5126
0,5037,5128,5036
0,5036,5128,5127
0,5038,5129,5037
0,5037,5129,5128
0,5039,5130,5038
0,5038,5130,5129
0,5040,5131,5039
0,5039,5131,5130
0,5041,5132,5040
0,5040,5132,5131
0,5042,5133,5041
0,5041,5133,5132
0,5043,5134,5042
0,5042,5134,5133
0,5043,5135,5134
0,5047,4660,4659
0,5136,4660,5047
0,14,15,5135
0,15,5224,5135
0,5047,5048,5136
0,5049,5137,5048
0,5048,5137,5136
0,5050,5138,5049
0,5138,5137,5049
0,5051,5139,5050
0,5139,5138,5050
0,5140,5051,5052
0,5140,5139,5051
0,5053,5141,5052
0,5052,5141,5140
0,5054,5142,5053
0,5142,5141,5053
0,5055,5143,5054
0,5143,5142,5054
0,5056,5144,5055
0,5144,5143,5055
0,5057,5145,5056
0,5145,5144,5056
0,5058,5146,5057
0,5057,5146,5145
0,5059,5147,5058
0,5058,5147,5146
0,5060,5148,5059
0,5059,5148,5147
0,5061,5149,5060
0,5060,5149,5148
0,5062,5150,5061
0,5061,5150,5149
0,5063,5151,5062
0,5151,5150,5062
0,5064,5152,5063
0,5063,5152,5151
0,5064,5065,5153
0,5064,5153,5152
0,5065,5066,5154
0,5153,5065,5154
0,5066,5067,5156
0,5154,5066,5155
0,5155,5066,5156
0,5067,5068,5156
0,5068,5069,5157
0,5156,5068,5157
0,5069,5070,5158
0,5157,5069,5158
0,5070,5071,5159
0,5158,5070,5159
0,5071,5072,5160
0,5159,5071,5160
0,5072,5073,5161
0,5160,5072,5161
0,5073,5074,5162
0,5161,5073,5162
0,5074,5075,5163
0,5162,5074,5163
0,5075,5076,5164
0,5163,5075,5164
0,5076,5077,5165
0,5164,5076,5165
0,5077,5078,5166
0,5165,5077,5166
0,5078,5079,5167
0,5166,5078,5167
0,5079,5080,5168
0,5167,5079,5168
0,5169,5080,5081
0,5168,5080,5169
0,5082,5170,5081
0,5170,5169,5081
0,5083,5171,5082
0,5171,5170,5082
0,5084,5173,5083
0,5172,5171,5083
0,5173,5172,5083
0,5085,5174,5084
0,5084,5174,5173
0,5086,5175,5085
0,5085,5175,5174
0,5087,5176,5086
0,5176,5175,5086
0,5088,5177,5087
0,5177,5176,5087
0,5089,5178,5088
0,5088,5178,5177
0,5090,5179,5089
0,5179,5178,5089
0,5091,5180,5090
0,5180,5179,5090
0,5092,5181,5091
0,5181,5180,5091
0,5093,5182,5092
0,5182,5181,5092
0,5094,5183,5093
0,5183,5182,5093
0,5095,5184,5094
0,5184,5183,5094
0,5096,5185,5095
0,5185,5184,5095
0,5097,5185,5096
0,5098,5187,5097
0,5186,5185,5097
0,5187,5186,5097
0,5099,5188,5098
0,5188,5187,5098
0,5100,5189,5099
0,5189,5188,5099
0,5101,5190,5100
0,5190,5189,5100
0,5102,5191,5101
0,5191,5190,5101
0,5103,5191,5102
0,5104,5192,5103
0,5103,5192,5191
0,5105,5193,5104
0,5104,5193,5192
0,5106,5194,5105
0,5105,5194,5193
0,5107,5196,5106
0,5106,5195,5194
0,5106,5196,5195
0,5108,5197,5107
0,5107,5197,5196
0,5109,5198,5108
0,5108,5198,5197
0,5110,5199,5109
0,5109,5199,5198
0,5111,5200,5110
0,5110,5200,5199
0,5112,5201,5111
0,5111,5201,5200
0,5113,5202,5112
0,5112,5202,5201
0,5114,5203,5113
0,5113,5203,5202
0,5115,5204,5114
0,5114,5204,5203
0,5116,5205,5115
0,5115,5205,5204
0,5117,5206,5116
0,5116,5206,5205
0,5118,5207,5117
0,5117,5207,5206
0,5119,5208,5118
0,5118,5208,5207
0,5120,5209,5119
0,5119,5209,5208
0,5121,5210,5120
0,5120,5210,5209
0,5122,5211,5121
0,5121,5211,5210
0,5123,5212,5122
0,5122,5212,5211
0,5124,5213,5123
0,5123,5213,5212
0,5125,5214,5124
0,5124,5214,5213
0,5126,5215,5125
0,5125,5215,5214
0,5127,5216,5126
0,5126,5216,5215
0,5128,5217,5127
0,5127,5217,5216
0,5129,5218,5128
0,5128,5218,5217
0,5130,5219,5129
0,5129,5219,5218
0,5131,5220,5130
0,5130,5220,5219
0,5132,5221,5131
0,5131,5221,5220
0,5133,5222,5132
0,5132,5222,5221
0,5134,5223,5133
0,5133,5223,5222
0,5135,5224,5134
0,5134,5224,5223
0,5136,4661,4660
0,5225,4661,5136
0,16,5313,15
0,15,5313,5224
0,5137,5225,5136
0,5138,5226,5137
0,5226,5225,5137
0,5139,5227,5138
0,5227,5226,5138
0,5140,5228,5139
0,5228,5227,5139
0,5141,5229,5140
0,5140,5229,5228
0,5142,5230,5141
0,5230,5229,5141
0,5143,5231,5142
0,5231,5230,5142
0,5144,5232,5143
0,5232,5231,5143
0,5145,5233,5144
0,5144,5233,5232
0,5146,5234,5145
0,5145,5234,5233
0,5147,5235,5146
0,5146,5235,5234
0,5148,5236,5147
0,5147,5236,5235
0,5149,5237,5148
0,5148,5237,5236
0,5150,5238,5149
0,5149,5238,5237
0,5151,5239,5150
0,5150,5239,5238
0,5152,5240,5151
0,5151,5240,5239
0,5153,5241,5152
0,5152,5241,5240
0,5153,5154,5242
0,5153,5242,5241
0,5154,5155,5243
0,5242,5154,5243
0,5244,5155,5156
0,5243,5155,5244
0,5156,5157,5245
0,5156,5245,5244
0,5157,5158,5246
0,5245,5157,5246
0,5158,5159,5247
0,5246,5158,5247
0,5159,5160,5248
0,5247,5159,5248
0,5160,5161,5250
0,5248,5160,5249
0,5249,5160,5250
0,5161,5162,5251
0,5250,5161,5251
0,5162,5163,5251
0,5163,5164,5252
0,5251,5163,5252
0,5164,5165,5253
0,5252,5164,5253
0,5165,5166,5254
0,5253,5165,5254
0,5166,5167,5255
0,5254,5166,5255
0,5167,5168,5256
0,5255,5167,5256
0,5168,5169,5257
0,5256,5168,5257
0,5258,5169,5170
0,5257,5169,5258
0,5171,5259,5170
0,5259,5258,5170
0,5172,5260,5171
0,5260,5259,5171
0,5173,5261,5172
0,5261,5260,5172
0,5174,5262,5173
0,5262,5261,5173
0,5175,5263,5174
0,5263,5262,5174
0,5176,5264,5175
0,5264,5263,5175
0,5177,5265,5176
0,5265,5264,5176
0,5178,5266,5177
0,5266,5265,5177
0,5179,5267,5178
0,5267,5266,5178
0,5180,5268,5179
0,5268,5267,5179
0,5181,5269,5180
0,5269,5268,5180
0,5182,5270,5181
0,5270,5269,5181
0,5183,5271,5182
0,5271,5270,5182
0,5184,5272,5183
0,5272,5271,5183
0,5185,5273,5184
0,5273,5272,5184
0,5186,5274,5185
0,5274,5273,5185
0,5187,5275,5186
0,5275,5274,5186
0,5188,5276,5187
0,5276,5275,5187
0,5189,5277,5188
0,5277,5276,5188
0,5190,5278,5189
0,5278,5277,5189
0,5191,5279,5190
0,5279,5278,5190
0,5192,5280,5191
0,5280,5279,5191
0,5193,5281,5192
0,5192,5281,5280
0,5194,5282,5193
0,5193,5282,5281
0,5195,5283,5194
0,5283,5282,5194
0,5196,5284,5195
0,5195,5284,5283
0,5197,5285,5196
0,5196,5285,5284
0,5198,5286,5197
0,5197,5286,5285
0,5199,5287,5198
0,5198,5287,5286
0,5200,5288,5199
0,5199,5288,5287
0,5201,5289,5200
0,5200,5289,5288
0,5202,5290,5201
0,5201,5290,5289
0,5203,5291,5202
0,5202,5291,5290
0,5204,5292,5203
0,5203,5292,5291
0,5205,5293,5204
0,5204,5293,5292
0,5206,5294,5205
0,5205,5294,5293
0,5207,5295,5206
0,5206,5295,5294
0,5208,5296,5207
0,5207,5296,5295
0,5209,5297,5208
0,5208,5297,5296
0,5210,5298,5209
0,5209,5298,5297
0,5211,5299,5210
0,5210,5299,5298
0,5212,5300,5211
0,5211,5300,5299
0,5213,5301,5212
0,5212,5301,5300
0,5214,5302,5213
0,5213,5302,5301
0,5215,5303,5214
0,5214,5303,5302
0,5216,5304,5215
0,5215,5304,5303
0,5217,5305,5216
0,5216,5305,5304
0,5218,5306,5217
0,5217,5306,5305
0,5219,5307,5218
0,5218,5307,5306
0,5220,5308,5219
0,5219,5308,5307
0,5221,5309,5220
0,5220,5309,5308
0,5222,5310,5221
0,5221,5310,5309
0,5223,5311,5222
0,5222,5311,5310
0,5224,5312,5223
0,5223,5312,5311
0,5224,5313,5312
2,5793,5859,5803
2,5823,5860,5797
2,5830,5831,5788
2,5803,5878,5793
2,5797,5877,5823
2,5831,5845,5833
2,5800,5806,5804
2,5824,5826,5801
2,5784,5811,5810
2,5816,5884,5792
2,5788,5872,5830
2,5792,5856,5816
2,5829,5845,5831
2,5786,5820,5817
2,5817,5819,5786
2,5800,5874,5806
2,5341,5884,5871
2,5826,5875,5801
2,5810,5879,5784
2,5871,5884,5815
2,5831,5832,5788
2,5785,5807,5806
2,5826,5827,5790
2,5784,5812,5811
2,5785,5810,5807
2,5815,5884,5816
2,5827,5830,5790
2,5814,5820,5813
2,5833,5847,5834
2,5817,5820,5814
2,5822,5860,5823
2,5803,5859,5802
2,5828,5877,5849
2,5848,5878,5808
2,5804,5857,5800
2,5845,5876,5833
2,5801,5858,5824
2,5808,5873,5848
2,5855,5883,5834
2,5833,5876,5847
2,5816,5856,5818
2,5820,5821,5813
2,5783,5885,5819
2,5807,5810,5809
2,5810,5811,5809
2,5834,5886,5855
2,5819,5882,5783
2,5831,5833,5832
2,5849,5880,5828
2,5812,5813,5811
2,5793,5878,5848
2,5849,5877,5797
2,5833,5834,5832
2,5812,5814,5813
2,5840,5865,5861
2,5851,5865,5863
2,5862,5866,5324
2,5806,5874,5785
2,5790,5875,5826
2,5822,5823,5799
2,5357,5822,5799
2,5848,5873,5791
2,5798,5803,5802
2,5823,5824,5799
2,5798,5804,5803
2,5812,5815,5814
2,5823,5825,5824
2,5804,5805,5803
2,5798,5802,683
2,5356,5822,5357
2,684,5798,683
2,5357,5799,5358
2,5825,5826,5824
2,5804,5806,5805
2,5825,5827,5826
2,5806,5807,5805
2,683,5802,682
2,5825,5828,5827
2,5807,5808,5805
2,5815,5816,5814
2,5828,5829,5827
2,5807,5809,5808
2,5829,5830,5827
2,5829,5831,5830
2,5816,5817,5814
2,5819,5885,5786
2,5816,5818,5817
2,5818,5819,5817
2,5787,5837,5836
2,5837,5838,5836
2,5346,5787,5345
2,5351,5788,5350
2,5349,5789,5348
2,5320,5786,5321
2,5330,5796,5331
2,5316,5848,5317
2,5332,5849,5797
2,5328,5795,5329
2,5317,5848,5791
2,5325,5794,5326
2,5793,5848,5316
2,5353,5790,5352
2,5343,5792,5342
2,5330,5844,5796
2,5331,5849,5332
2,5795,5844,5329
2,5315,5793,5316
2,5317,5791,5318
2,5332,5797,5333
2,5796,5849,5331
2,5322,5783,5323
2,5340,5784,5339
2,5338,5785,5337
2,5329,5844,5330
2,5787,5836,5835
2,5787,5852,5837
2,5837,5852,5841
2,5347,5852,5346
2,5343,5850,5792
2,5344,5850,5343
2,5346,5852,5787
2,5836,5853,5835
2,5789,5854,5348
2,5794,5851,5326
2,5326,5851,5327
2,5345,5835,5344
2,5787,5835,5345
2,5347,5854,5852
2,5838,5843,5839
2,5837,5841,5840
2,5348,5854,5347
2,5835,5850,5344
2,5835,5853,5850
2,5327,5846,5328
2,5328,5846,5795
2,5852,5854,5841
2,5838,5839,5836
2,5837,5840,5838
2,5839,5853,5836
2,5327,5851,5846
2,5789,5855,5854
2,5841,5842,5840
2,5854,5855,5841
2,5846,5847,5795
2,5841,5855,5842
2,5844,5845,5796
2,5336,5800,5335
2,5355,5801,5354
2,5832,5868,5788
2,5786,5870,5820
2,5853,5856,5850
2,5850,5856,5792
2,5830,5872,5790
2,5824,5858,5799
2,5798,5857,5804
2,685,5857,684
2,5358,5858,5359
2,5843,5866,5862
2,5861,5865,5794
2,5863,5865,5842
2,5314,5859,5315
2,5333,5860,5334
2,5853,5867,5856
2,5820,5870,5821
2,5323,5862,5324
2,5840,5861,5838
2,5851,5863,5846
2,5843,5864,5839
2,5325,5866,5794
2,5856,5867,5818
2,5349,5868,5789
2,5788,5868,5350
2,5785,5879,5810
2,5320,5870,5786
2,684,5857,5798
2,5799,5858,5358
2,5315,5859,5793
2,5797,5860,5333
2,5784,5871,5812
2,5790,5872,5352
2,5351,5872,5788
2,5847,5876,5795
2,5844,5876,5845
2,5785,5874,5337
2,5353,5875,5790
2,5823,5877,5825
2,5805,5878,5803
2,5336,5874,5800
2,5801,5875,5354
2,5789,5883,5855
2,5862,5864,5843
2,5794,5866,5861
2,5838,5861,5843
2,5783,5862,5323
2,5846,5863,5847
2,682,5887,17
2,17,5887,5314
2,4662,5888,5356
2,5334,5888,4662
2,5784,5879,5339
2,5338,5879,5785
2,5794,5865,5851
2,5842,5865,5840
2,5324,5866,5325
2,5811,5869,5809
2,5791,5881,5318
2,5796,5880,5849
2,5342,5884,5341
2,5786,5885,5321
2,5322,5885,5783
2,5813,5869,5811
2,5341,5871,5340
2,5870,5881,5821
2,5359,5889,4663
2,18,5890,685
2,4663,5889,5355
2,5335,5890,18
2,5839,5867,5853
2,5350,5868,5349
2,5821,5869,5813
2,5847,5886,5834
2,5340,5871,5784
2,5319,5870,5320
2,5783,5864,5862
2,5861,5866,5843
2,5812,5871,5815
2,5864,5867,5839
2,5829,5880,5845
2,5863,5886,5847
2,5869,5873,5809
2,5828,5880,5829
2,5319,5881,5870
2,5855,5886,5842
2,5352,5872,5351
2,5868,5883,5789
2,5809,5873,5808
2,5337,5874,5336
2,5354,5875,5353
2,5795,5876,5844
2,5791,5891,5881
2,5783,5882,5864
2,5825,5877,5828
2,5808,5878,5805
2,5818,5882,5819
2,5339,5879,5338
2,5834,5883,5832
2,5845,5880,5796
2,5318,5881,5319
2,685,5890,5857
2,5858,5889,5359
2,5792,5884,5342
2,5321,5885,5322
2,5860,5888,5334
2,5314,5887,5859
2,5802,5887,682
2,5356,5888,5822
2,5355,5889,5801
2,5800,5890,5335
2,5869,5891,5873
2,5832,5883,5868
2,5857,5890,5800
2,5801,5889,5858
2,5867,5882,5818
2,5864,5882,5867
2,5859,5887,5802
2,5822,5888,5860
2,5842,5886,5863
2,5881,5891,5821
2,5821,5891,5869
2,5873,5891,5791
1,6131,7594,7592
1,6197,8499,6199
1,8124,8803,8586
1,7431,8493,8068
1,7662,8504,8131
1,8102,8290,7151
1,7824,8309,7514
1,5907,7564,7563
1,6793,7571,7274
1,8479,8790,8733
1,8136,8699,8141
1,7125,9097,7829
1,7605,7702,5956
1,5935,8251,8249
1,7780,7798,7395
1,7835,8971,7363
1,5982,7819,5980
1,6049,7819,5982
1,8355,8986,7223
1,4894,8002,5897
1,7980,8703,7440
1,7320,8565,7769
1,8131,8504,5931
1,8132,9071,4932
1,7731,8469,7358
1,7097,8199,7785
1,6193,7974,6202
1,8444,8560,6940
1,7562,8772,8710
1,6191,7974,6193
1,7669,7702,7605
1,7180,7798,7780
1,6557,8780,7694
1,7358,7772,7731
1,7528,8971,7835
1,7125,7829,7234
1,4933,8132,4932
1,6703,8558,7896
1,8101,8289,7079
1,8770,9060,7809
1,7982,8703,7980
1,8661,8728,6499
1,6911,9183,7793
1,8625,8711,8425
1,6703,7896,7894
1,7794,7796,6706
1,7246,8335,7827
1,6908,8487,7600
1,6798,8573,7909
1,8481,8876,8819
1,7686,9067,8365
1,8049,8788,7516
1,8586,8803,7127
1,7567,8099,6947
1,7566,9046,6276
1,8122,8416,6489
1,6297,8079,7545
1,6833,8809,8097
1,8074,8219,7213
1,7557,8219,8074
1,8100,8102,7010
1,7686,8365,7737
1,7769,8565,7770
1,4760,8237,4761
1,6450,8148,7870
1,8634,8837,7334
1,6911,7793,6914
1,7789,8633,7396
1,7454,8590,8180
1,6276,8333,7566
1,5933,7724,7689
1,7572,7815,6391
1,8170,8312,7443
1,6112,8473,6107
1,6490,7710,7709
1,6504,8819,8341
1,6820,7862,7861
1,5952,7773,5339
1,6499,8728,8461
1,6178,7905,6176
1,7508,8986,8355
1,8068,8493,5913
1,7280,8670,8437
1,5893,9060,8770
1,6131,7757,7594
1,6954,8747,8243
1,8149,8722,7448
1,7600,8487,7389
1,7796,8372,6706
1,7516,8830,8695
1,7843,8095,7252
1,7516,8695,8049
1,5908,8484,7559
1,7785,8442,7097
1,7246,8832,8335
1,8074,8334,7557
1,7893,8622,7894
1,7732,7764,7140
1,6391,7818,7572
1,8457,8679,7588
1,6487,8090,8088
1,6104,7837,6110
1,8169,8609,8246
1,6051,8679,8457
1,5950,9224,8146
1,5928,8309,7824
1,7079,8290,8101
1,7151,9021,8102
1,7909,8573,7908
1,7692,8188,7430
1,7570,8449,8198
1,8334,8855,7557
1,7699,7701,5921
1,8695,8830,6380
1,7252,8096,7843
1,7826,8833,5903
1,7929,8790,7927
1,7583,8493,7473
1,8088,8089,6487
1,7886,8809,7885
1,8341,8867,6504
1,7291,8506,8359
1,8141,8699,6571
1,6734,7863,6736
1,8312,8837,8634
1,8197,8904,6431
1,6492,7779,7778
1,7545,8375,6297
1,8437,8670,8203
1,8164,8737,7248
1,745,7821,746
1,6506,8740,8020
1,5903,8946,7826
1,4831,7848,4830
1,7894,8622,6703
1,7544,8410,7122
1,6398,7905,6178
1,4895,8002,4894
1,5897,8002,8000
1,6820,7861,7860
1,6860,9004,8501
1,7885,8809,7883
1,7317,7764,7732
1,8000,8256,5897
1,7563,7942,5907
1,6947,8167,7567
1,6928,7982,6929
1,8700,8702,8260
1,6793,7822,7571
1,8243,8747,8244
1,7544,8546,5914
1,7682,8784,8210
1,7031,8188,7692
1,8098,8678,7712
1,7573,9210,7308
1,7097,8442,7381
1,8180,8948,7454
1,7928,7929,7927
1,7040,8290,7042
1,8832,9038,6562
1,5914,9020,7544
1,7601,7706,6127
1,7248,9128,8164
1,6706,8373,7794
1,6845,8576,8025
1,8246,8609,5895
1,7846,8409,8286
1,6490,7711,7710
1,7852,8032,6821
1,8029,8653,6500
1,7793,8579,6914
1,6773,7863,6734
1,6492,7802,7779
1,8263,8818,8805
1,7972,8113,6747
1,7829,7830,7234
1,7666,8843,7759
1,7308,7814,7573
1,8020,8032,7852
1,8198,8449,6463
1,6914,8579,7361
1,5960,8779,8003
1,6507,8810,8785
1,6110,7837,7733
1,8710,8772,7365
1,8020,8740,8033
1,8016,8709,7251
1,8839,8841,6711
1,7870,8381,6450
1,7936,8700,8260
1,7661,8248,7705
1,8442,8686,7381
1,7603,7604,5956
1,8146,9224,7704
1,8785,8810,7889
1,7606,7690,7610
1,7591,8985,5958
1,6496,7808,7804
1,7549,8718,8600
1,7559,9002,5908
1,7689,7725,5933
1,7842,8846,5927
1,8879,8926,8595
1,7706,8727,8717
1,8266,9115,7503
1,8307,8882,8503
1,7794,8373,7795
1,8424,8913,8128
1,7884,8809,8778
1,8056,8712,8688
1,7359,8157,6893
1,8006,8599,6074
1,4839,7774,4838
1,7251,8709,7762
1,4747,7603,5956
1,8131,8769,6433
1,7816,8905,5916
1,6107,8473,7837
1,7830,7951,7234
1,5958,8856,7591
1,8003,8847,5960
1,5339,7773,5340
1,7705,8248,7643
1,8196,8654,8010
1,8210,8996,7682
1,7961,8841,8839
1,7782,8681,6354
1,6281,8330,7897
1,7587,8903,6832
1,8049,8528,7201
1,6747,8113,6724
1,8733,8790,7929
1,7524,8904,8197
1,8149,9075,8849
1,7788,8266,7503
1,5909,8312,8170
1,7682,8783,7690
1,6127,7707,7601
1,7811,8981,8667
1,4802,8216,4803
1,7017,8244,7014
1,7811,8667,7810
1,8819,8876,7917
1,5916,8721,7816
1,6362,7766,5967
1,8425,8861,8625
1,6033,9042,7584
1,5921,7812,7699
1,5910,9059,7711
1,7396,9037,7789
1,6910,9183,6911
1,7550,8718,7549
1,8056,8688,8055
1,6480,8901,8880
1,7846,8910,8409
1,8335,8832,6562
1,7315,8560,8444
1,4838,7774,5943
1,7786,8502,7784
1,7582,7866,6980
1,5923,8421,7775
1,7284,9129,7768
1,6980,9229,7582
1,6832,8852,7587
1,8880,8901,8115
1,7584,9066,6033
1,8097,8809,7886
1,6197,9212,8499
1,7604,7690,7606
1,6107,7837,6104
1,5937,8305,7590
1,7712,9059,8098
1,8156,8157,7359
1,6164,8330,6281
1,7602,8727,7706
1,7720,7736,6644
1,7725,8008,7259
1,8501,9004,8080
1,7949,8725,5925
1,5938,8906,7838
1,6433,8875,8131
1,6929,7982,6932
1,7990,9221,7991
1,8249,8572,5935
1,8503,8882,7490
1,8586,8789,8124
1,8143,8911,6769
1,5329,7800,5328
1,8105,9221,7990
1,8763,8787,7750
1,4830,7848,5917
1,7654,8110,7671
1,7753,8918,5960
1,8436,9114,7253
1,6762,8105,7990
1,7705,8249,7661
1,7291,8359,8207
1,6041,8502,7786
1,7723,8825,6428
1,6199,8499,6493
1,7588,9204,6482
1,7690,8784,7682
1,6493,8499,7977
1,8533,8838,8803
1,8461,8728,5926
1,6644,7736,6458
1,5976,7761,5974
1,7883,8809,7884
1,7430,8188,7840
1,8213,8758,8145
1,7010,8532,8100
1,7801,8653,8029
1,9011,9083,8073
1,7770,8565,6538
1,8720,8753,8183
1,7544,9020,8410
1,7599,8722,763
1,8849,9075,8345
1,8576,8982,8025
1,8474,9130,7991
1,7909,8260,6798
1,8048,8528,8049
1,6406,8776,8743
1,763,9057,7599
1,7917,7939,7932
1,6176,7905,7904
1,8190,8452,8235
1,7937,8324,7249
1,6001,7885,5999
1,7845,9062,7541
1,5927,8862,7842
1,6817,8255,8001
1,6362,8640,7766
1,6396,7885,6001
1,7014,8244,7012
1,6943,8532,6941
1,8495,9161,8078
1,7716,8782,8115
1,6482,8457,7588
1,8743,8776,7698
1,8739,8920,6411
1,8056,8643,6890
1,6354,8732,7782
1,6290,8495,8078
1,8728,8842,5926
1,8157,9129,7284
1,7301,8096,7252
1,5932,8485,8166
1,8146,8529,5950
1,4761,8237,5949
1,7719,8679,6051
1,8692,8731,6508
1,7590,8620,5937
1,8117,8617,8116
1,8773,8872,6413
1,8167,8713,7568
1,7296,8617,8117
1,6668,7928,6670
1,6087,8647,7579
1,7583,9065,8493
1,7759,8677,7666
1,8359,8506,6256
1,8805,8818,7150
1,4932,9071,5939
1,6886,7928,6668
1,7308,9210,7602
1,5904,8722,8149
1,7567,8167,7568
1,6893,8157,7284
1,7406,8724,8690
1,6306,8836,7765
1,6303,8633,7789
1,8255,8256,8001
1,6747,7976,7972
1,7149,8024,7688
1,7122,8410,7565
1,6489,8817,8122
1,6685,8350,6683
1,7958,8828,8827
1,7540,8739,8276
1,7873,8510,8231
1,8256,8661,8467
1,6281,9011,8073
1,8315,9128,7248
1,7759,8843,6363
1,5935,8940,8251
1,7151,8290,7040
1,8829,8945,8756
1,6932,7982,7981
1,7115,8654,8196
1,7841,8095,7843
1,746,7821,5930
1,7279,8151,7693
1,7870,8148,7868
1,6428,9008,7723
1,6772,8401,7889
1,6644,7841,7720
1,8128,8913,7301
1,6820,7860,6738
1,7991,8947,8474
1,7597,8664,6405
1,7828,8872,8773
1,9062,9085,7541
1,6387,8372,6785
1,5961,7800,5329
1,8664,8933,6870
1,7859,8731,8692
1,7307,7707,7309
1,4760,8239,8237
1,8916,8966,7915
1,6876,8632,8055
1,7259,8148,7725
1,6502,8790,8479
1,7876,8238,7266
1,7238,9097,7125
1,5956,7702,4748
1,5960,8847,7753
1,8231,8510,8022
1,8575,8643,8059
1,8912,8991,6031
1,6772,7889,7888
1,6051,8801,7719
1,8362,8725,7949
1,7738,7784,6477
1,6567,8469,7731
1,8484,8777,7735
1,8358,8780,6557
1,7579,9111,6087
1,7010,8444,6940
1,7726,8724,7406
1,6291,8886,6290
1,7231,8303,7941
1,7941,8303,7341
1,6738,7860,6740
1,7711,8900,5910
1,7884,8980,8970
1,5980,7819,6391
1,6362,8562,7847
1,8276,8739,6411
1,8096,8949,7844
1,7298,8129,8107
1,7578,8855,6135
1,5964,8701,7580
1,7623,8433,8275
1,7281,8748,8690
1,8235,8452,7253
1,7253,9114,8235
1,8203,8670,7529
1,7600,8491,6908
1,7303,8758,8213
1,7301,8913,8096
1,8464,8781,8676
1,7784,8502,6477
1,7461,8585,7818
1,8827,8828,6826
1,8582,8681,8071
1,7592,8473,6131
1,7692,7910,7031
1,4751,7759,6363
1,5974,7761,6138
1,7898,7901,6784
1,8122,8687,8416
1,5908,8777,8484
1,6609,8229,6611
1,8140,8911,8143
1,7878,8926,8879
1,8421,8961,7775
1,7981,7992,6932
1,5976,7815,7761
1,7977,8754,6493
1,6519,8691,8038
1,7551,8963,6288
1,5967,7766,6514
1,7562,9201,8772
1,6412,9115,8266
1,7734,7833,7314
1,8068,8894,6485
1,8732,8738,7782
1,7782,8738,7781
1,6267,8238,7876
1,8289,8441,7079
1,7653,8110,7654
1,8952,8975,5899
1,7695,9059,5910
1,8115,8782,6231
1,5968,8562,6362
1,8216,8896,5916
1,7938,8324,7937
1,6496,7809,7808
1,8970,8980,6852
1,8121,8420,5894
1,8386,8737,8164
1,7693,8243,7279
1,5952,8636,7773
1,6017,7963,6015
1,7529,8764,8203
1,8977,9097,8212
1,8138,8140,6802
1,4803,8216,5916
1,8155,8156,7359
1,8481,8819,6504
1,6135,8922,7578
1,745,9116,7821
1,7473,8493,7431
1,6288,9006,7551
1,7795,8240,8195
1,8093,8975,8952
1,7663,8504,7662
1,7324,7815,7572
1,6467,8815,8006
1,7765,8753,8720
1,6644,8095,7841
1,7688,8821,7149
1,7691,8236,7663
1,6485,9033,8068
1,7948,8621,6382
1,7806,8942,7983
1,7663,8275,7691
1,6398,7906,7905
1,7361,8579,8279
1,6017,7964,7963
1,6736,7863,6820
1,6769,9028,8143
1,6450,8402,8148
1,6055,7882,7881
1,6074,8759,8006
1,8647,8723,7579
1,7758,8027,7596
1,8107,8169,7298
1,8309,9047,7514
1,8676,8796,7407
1,6538,8407,7770
1,6890,8712,8056
1,7694,9052,6557
1,5912,8266,7788
1,7571,9172,7274
1,5916,8896,8721
1,6370,8704,7781
1,6564,7833,6795
1,6724,8113,6726
1,8846,8949,4824
1,6354,8681,8582
1,7751,8763,7750
1,8159,8409,7371
1,6176,7904,6174
1,8102,8444,7010
1,8144,8145,7362
1,6251,8983,8208
1,8026,8075,6509
1,7042,8290,7079
1,8148,8402,7725
1,8001,8256,8000
1,8215,8216,6425
1,8573,8765,7908
1,7736,7940,6458
1,7421,8754,7977
1,6055,7883,7882
1,8038,8715,6519
1,8207,8396,7291
1,8803,8838,7127
1,8605,8869,7480
1,8676,8781,8019
1,8208,8965,6251
1,8101,8290,8102
1,8632,8638,8053
1,7448,8722,7599
1,7580,8897,5964
1,6520,8723,8647
1,6849,7926,7925
1,7795,8373,8240
1,8018,8507,8273
1,6500,8466,8029
1,7818,8585,7572
1,7789,8392,6303
1,7999,8888,5945
1,8398,9023,8953
1,7739,8941,8213
1,6928,8703,7982
1,7560,8182,7875
1,9036,9056,7540
1,6131,8473,6112
1,8273,8507,7306
1,6138,7761,7760
1,7804,8976,6496
1,8140,8143,8142
1,7952,8380,7888
1,7946,8991,8912
1,6912,8477,7783
1,7643,8248,7628
1,8006,8759,6467
1,8569,8633,8041
1,8260,8702,6798
1,7990,8267,6762
1,7951,8693,7434
1,6411,8920,8274
1,5954,8908,7684
1,7540,9056,7390
1,7707,8537,8082
1,8099,8532,6947
1,8212,9097,7238
1,6795,7833,7734
1,7728,8889,5929
1,8213,8978,7739
1,6594,7776,5357
1,6233,8724,7726
1,6906,9009,8219
1,6514,8658,8606
1,7796,9038,8832
1,8665,8735,7496
1,6849,7927,7926
1,7866,8521,7867
1,7361,8279,8133
1,8005,8599,8006
1,7832,9060,8448
1,7800,8564,5328
1,8055,8688,6876
1,7305,8432,8022
1,6514,7766,7744
1,5944,8949,8096
1,7587,8852,6837
1,6389,8332,6395
1,7684,9159,5954
1,7787,8642,6468
1,5933,9162,7724
1,7937,8682,7935
1,6425,8216,4802
1,8001,8288,6817
1,6885,8088,7850
1,7930,8408,8092
1,7908,8765,8326
1,7381,8686,7740
1,5906,9193,7767
1,8320,8808,4845
1,7765,8836,7764
1,7760,9200,6138
1,8509,8599,7738
1,5907,9079,7564
1,8097,8927,6833
1,7801,8029,7269
1,7843,8096,7844
1,6396,7886,7885
1,7910,8500,7003
1,7755,8060,7920
1,7601,7707,7307
1,7407,8796,7383
1,8237,8239,8236
1,6890,8643,8575
1,7780,8751,7180
1,8467,8661,6499
1,8026,8718,8075
1,7349,8990,7729
1,7838,8906,8303
1,6477,8509,7738
1,7575,9089,7574
1,8519,8881,8815
1,7161,8698,8285
1,8286,8655,7846
1,8800,8954,6228
1,7694,8780,8027
1,7628,8637,7612
1,6405,8807,7597
1,7790,8552,6438
1,7227,9048,8234
1,7352,8621,7948
1,5945,8947,7999
1,7709,8792,6490
1,7389,8487,7783
1,8082,8537,6483
1,7664,8044,7650
1,6804,7858,7857
1,7888,8380,6772
1,7849,8875,6433
1,8219,9072,6906
1,7761,7815,7324
1,6802,8139,8138
1,8020,8033,8032
1,6307,8139,6328
1,7354,8298,8154
1,6375,8142,6457
1,8764,8971,6846
1,5894,8962,8121
1,7438,8630,8222
1,7931,8793,8341
1,7835,9122,7528
1,5948,8966,8916
1,7809,9060,7811
1,6886,7929,7928
1,8395,8750,6551
1,6055,7881,5997
1,8291,8885,7683
1,7781,8704,7401
1,7314,8484,7734
1,4845,9142,8320
1,6837,9051,7587
1,7582,8521,7866
1,7765,8720,6306
1,7977,8923,7421
1,6690,7918,7143
1,6683,8350,6784
1,8285,9164,7161
1,7371,8410,8159
1,8107,8129,8106
1,8166,8485,8161
1,9089,9090,7574
1,8222,8630,6848
1,7776,7777,7526
1,7595,8673,7593
1,8549,9039,8992
1,7279,8244,7017
1,8169,8246,7298
1,7707,8082,7309
1,7435,8871,8652
1,6151,8762,7758
1,6174,7904,6278
1,6849,7925,6672
1,7664,8045,8044
1,4746,7603,4747
1,7740,9229,6980
1,7914,7919,7918
1,8106,8129,6777
1,7698,8776,8112
1,6290,8886,8495
1,6876,8638,8632
1,6844,7823,7519
1,7814,8397,7573
1,7791,8829,8756
1,7868,8148,7259
1,7208,8711,8625
1,5910,9227,7695
1,8217,8834,8354
1,7729,9135,7349
1,8519,8815,6467
1,6293,7938,6190
1,7362,8308,8144
1,6074,8599,8509
1,7701,9139,5921
1,6611,8229,6622
1,7740,9209,7381
1,5358,7817,6594
1,8682,9196,7935
1,6582,8678,8098
1,7818,8034,7461
1,8316,8691,8377
1,8523,8663,6561
1,8410,9020,8159
1,7758,9025,6151
1,8195,8318,7795
1,7623,8275,8194
1,8224,8397,7814
1,8977,9010,6461
1,8088,9096,7850
1,7317,7765,7764
1,8953,9023,7179
1,7180,8751,6560
1,8234,9114,7227
1,7518,8954,8800
1,6054,7962,7960
1,6166,8330,6164
1,6941,8532,7010
1,8275,8433,7691
1,6054,7960,7959
1,7473,9044,7583
1,7692,8500,7910
1,7897,9011,6281
1,6412,8924,7703
1,7918,7919,7143
1,7757,9025,7758
1,7862,7865,7861
1,6726,8567,6728
1,6785,8372,7246
1,7529,8971,8764
1,6457,8142,7419
1,7140,8644,7732
1,7597,8933,8664
1,7900,7902,7901
1,8399,8909,8877
1,7871,8332,6551
1,8992,9039,7474
1,7726,9102,6233
1,7689,8008,7725
1,6113,7964,6019
1,6564,8338,7833
1,7945,8188,8187
1,6694,8060,7232
1,8352,8869,8605
1,8312,8634,7443
1,7830,8693,7951
1,7594,7757,7596
1,8727,8881,6101
1,8606,8658,7752
1,8048,8049,6364
1,7396,8633,8569
1,8486,9080,9022
1,8022,8432,8021
1,8497,8998,8984
1,6582,8411,7994
1,7733,8668,6110
1,8341,8793,5947
1,6109,8104,7173
1,5931,8769,8131
1,8842,8925,8460
1,6003,8225,6396
1,7479,8750,8395
1,7875,8182,7874
1,8025,8577,6845
1,8145,8229,7362
1,6425,9179,8215
1,8690,8748,7406
1,7604,7605,5956
1,7732,8355,6587
1,8407,8611,7348
1,7807,9078,8084
1,6804,7857,7856
1,6391,7815,5978
1,8226,8515,8357
1,7260,8278,7942
1,5926,8842,8460
1,6464,8735,8665
1,8062,8435,6509
1,7932,8819,7917
1,6151,8659,7834
1,6059,7851,7247
1,6288,8051,8050
1,5999,7885,6055
1,7595,8780,8358
1,8336,8608,7668
1,8075,8718,7550
1,6509,8435,8026
1,8136,8141,8138
1,7855,8367,6380
1,8350,8622,7893
1,8239,8504,8236
1,6303,8392,6211
1,6832,9191,7978
1,8273,8663,8523
1,6180,8603,6398
1,7974,9220,6202
1,5929,8936,7728
1,7776,9165,7777
1,7574,9090,6029
1,8046,8048,6364
1,7744,8658,6514
1,6953,8012,8011
1,6947,8532,6943
1,7425,8642,7787
1,5914,8126,5351
1,8248,8637,7628
1,6328,8139,6802
1,6670,7928,6849
1,8377,9159,8316
1,6049,8934,7819
1,4750,7759,4751
1,7232,8060,7755
1,8341,8819,7932
1,7683,9104,8291
1,6827,8926,7979
1,7497,8265,8264
1,8128,8696,8424
1,6784,8350,7898
1,6482,9204,7394
1,6828,8206,8205
1,7259,8008,6825
1,7591,8620,7590
1,8357,8515,6235
1,7359,8304,8155
1,6288,8050,6156
1,8098,8411,6582
1,6821,8340,7852
1,6842,7856,7266
1,7866,7867,6976
1,7269,8030,7801
1,7983,8942,6637
1,8120,8121,8087
1,7559,8484,7314
1,6851,8363,6792
1,760,8066,761
1,6828,8207,8206
1,7978,9195,6832
1,5930,7821,7820
1,6027,8299,7839
1,8354,8834,6556
1,8603,8768,7907
1,8915,8937,7157
1,6551,8332,6389
1,6150,8659,6151
1,7390,9034,7600
1,7900,7901,7899
1,8061,8966,5948
1,8984,8998,7743
1,4831,8792,7848
1,7183,8231,8230
1,7874,8182,7176
1,6293,8324,7938
1,7850,8306,6885
1,6706,8372,6387
1,8151,8454,7693
1,8113,8567,6726
1,7942,8278,8066
1,8656,8677,8322
1,7757,9230,9025
1,6311,8058,6203
1,7223,8986,7224
1,7891,7899,7898
1,7859,8666,7876
1,7822,8405,7571
1,6953,8011,6956
1,6395,8332,6558
1,8090,9096,8088
1,6825,8008,6880
1,6019,7964,6017
1,8356,8641,7955
1,7362,8229,6609
1,8595,8926,6827
1,7757,7758,7596
1,5958,9128,8315
1,7877,7879,7878
1,7060,8441,7123
1,7723,8955,5905
1,6821,8032,8031
1,7581,8628,7447
1,7935,7936,7934
1,6972,8012,6951
1,7703,8924,5918
1,7244,8405,7822
1,8093,8716,8092
1,7844,8949,8846
1,6217,8749,8541
1,8985,9128,5958
1,6666,8408,6886
1,7563,8505,7942
1,8544,9148,8707
1,6393,7879,7877
1,7778,8434,6492
1,6637,8378,7983
1,8210,8784,8211
1,8190,8235,6996
1,6740,7860,6804
1,7844,8846,7842
1,7390,9056,9034
1,8358,8673,7595
1,6834,8641,8356
1,7699,7812,7535
1,7666,8677,8656
1,6058,7853,5989
1,7964,8730,7963
1,9019,9029,8204
1,8134,8391,8135
1,6551,8750,7871
1,8483,9135,7730
1,7130,7939,7917
1,8268,8412,7250
1,5347,8655,8286
1,6396,8225,7887
1,7975,8035,7966
1,7901,8361,6784
1,7826,7911,7207
1,8922,8967,7578
1,5997,7881,5995
1,7214,8292,7216
1,6278,7899,7890
1,5936,8860,8757
1,7048,8454,8151
1,6438,9188,7790
1,8212,9010,8977
1,6688,7918,6690
1,7703,9115,6412
1,6029,9138,7574
1,8668,9140,6110
1,7941,8639,7231
1,8155,8304,6713
1,7857,7876,7266
1,7417,8111,7414
1,7912,7913,6831
1,7856,7857,7266
1,7943,7947,7944
1,6648,8902,8104
1,7231,8639,6641
1,6672,7925,6674
1,6505,9022,8061
1,7265,8071,8070
1,7144,8168,7441
1,6015,7963,6054
1,7520,8937,8915
1,8013,8196,8012
1,7731,8948,6567
1,7250,8710,7365
1,8604,8716,8093
1,6398,8603,7907
1,7953,7955,7954
1,8100,8532,8099
1,6788,7922,7921
1,6433,8987,7849
1,7864,9081,8036
1,6844,8094,7823
1,5356,7776,7526
1,7727,8310,8221
1,8352,9110,7869
1,7374,8228,7799
1,7940,8400,6341
1,8757,8860,8111
1,6413,8403,8040
1,6311,8059,8058
1,6400,7935,7933
1,8257,8555,7469
1,6828,8205,6526
1,6190,7938,6188
1,7521,8215,8172
1,7591,8856,8620
1,7535,7812,7533
1,7086,8268,7250
1,8011,8196,8010
1,7746,8860,7753
1,5984,7851,6059
1,7104,7814,7308
1,7966,8035,7965
1,6799,7603,4746
1,8116,8617,6319
1,5964,8897,7772
1,5978,7815,5976
1,8069,8681,7782
1,6393,7877,5993
1,6972,8233,8014
1,6748,7966,7965
1,7650,8044,7649
1,6285,8139,6307
1,6828,8396,8207
1,7890,7899,7891
1,6972,8013,8012
1,7933,7935,7934
1,7423,7947,7943
1,761,8066,6409
1,6302,8055,8054
1,6744,7856,6842
1,6397,7955,7953
1,6117,8218,6120
1,6380,8367,6351
1,7113,8187,7037
1,7374,8441,8289
1,7831,8269,6797
1,7988,8091,7985
1,7912,7916,7913
1,7758,8762,8027
1,8323,8619,7652
1,7786,8964,6041
1,7783,8477,8241
1,7203,8031,7254
1,6989,8313,6991
1,6191,8806,7974
1,8117,8602,7296
1,8204,9029,8437
1,6765,7985,7984
1,7942,8505,7260
1,8877,8909,7408
1,7578,8967,8348
1,7854,8299,6023
1,6820,7863,7862
1,7736,8400,7940
1,5905,8825,7723
1,8079,8081,7545
1,7999,8105,7996
1,7767,8820,5906
1,7423,7943,7101
1,7932,7939,6869
1,7209,7952,7888
1,7902,8361,7901
1,7649,8044,8043
1,5356,7526,4662
1,7899,7901,7898
1,7253,9050,8436
1,8430,9106,8798
1,6810,8031,7203
1,7720,7841,7721
1,7265,8070,6843
1,6278,7890,6172
1,7883,7884,7882
1,6705,7996,7995
1,5966,8227,5969
1,8135,8391,7293
1,8112,9108,7698
1,6168,8578,6166
1,8319,9147,5942
1,6113,8252,7964
1,8233,8234,8014
1,6686,7912,6831
1,7985,8091,7984
1,7753,8860,8438
1,6858,8120,8087
1,6336,8342,6338
1,7734,8484,7735
1,6110,9140,8154
1,6397,7953,6009
1,6633,8269,7181
1,5963,5965,5962
1,6070,8403,6413
1,7475,8594,7823
1,6625,8378,6637
1,6400,7933,6186
1,6799,7659,7603
1,7653,8329,8110
1,7859,8692,8666
1,6682,7939,7130
1,6802,8142,6375
1,7799,8441,7374
1,8902,9133,8104
1,6599,8059,6596
1,6886,8408,7930
1,7996,8105,7995
1,6762,8267,6656
1,7330,8005,7148
1,7841,7842,7721
1,8133,8478,7361
1,6788,7921,6676
1,8255,8661,8256
1,6120,8218,6405
1,6054,7959,6013
1,6317,8046,6364
1,7945,8187,7113
1,7783,8487,6912
1,6302,8054,6196
1,6748,7965,6730
1,6072,8114,6137
1,5918,9087,7703
1,7840,8550,7839
1,6135,8855,8334
1,6511,8338,6564
1,7858,7859,7857
1,6405,8664,6129
1,6406,8714,7948
1,8448,8928,7832
1,5957,8209,734
1,7551,9006,8073
1,7026,7814,7104
1,6817,8288,6606
1,6588,8041,6584
1,8092,8408,8091
1,6337,8611,6335
1,7581,8669,8628
1,6959,8010,8009
1,6973,8016,7251
1,7207,7911,7204
1,5966,5967,5965
1,9022,9080,7755
1,6063,8230,6057
1,7149,8025,8024
1,6777,8370,8106
1,7992,8458,6997
1,6408,8022,8021
1,7771,8946,5903
1,7197,8094,6751
1,7981,8458,7992
1,5967,6514,5965
1,7684,8529,8146
1,5968,6362,5967
1,6765,7984,6660
1,6146,8318,8195
1,7400,8069,7782
1,6951,8012,6953
1,7983,9001,7806
1,6410,7993,6215
1,7774,8835,5943
1,7641,8042,7686
1,7229,8342,6336
1,6582,7994,6517
1,6996,8234,8233
1,8142,8143,7419
1,6108,8104,6109
1,6416,8062,6509
1,6996,8235,8234
1,8144,8308,6247
1,734,8209,733
1,7023,8224,6984
1,6438,8552,5344
1,7668,8940,8336
1,6410,8041,7993
1,6792,8363,6793
1,7907,8768,7909
1,5351,8126,5352
1,8256,8467,5897
1,6048,8017,6043
1,6976,7867,6979
1,8767,8866,8482
1,7690,8783,7610
1,7568,8243,7693
1,6705,7995,6652
1,7931,7932,6869
1,7772,9016,5964
1,6435,8124,8123
1,6408,8021,6047
1,7705,8250,8249
1,7554,8023,7258
1,8121,8962,8087
1,8556,8972,8036
1,8017,8507,8018
1,6992,7910,7003
1,6445,8039,6550
1,7217,8165,7591
1,8138,8141,8140
1,4745,6799,4746
1,7119,7951,7434
1,6023,8299,6024
1,7869,8869,8352
1,7607,8321,7669
1,7919,8966,8061
1,8057,8643,8056
1,6948,8167,6945
1,7216,8292,7219
1,6991,8313,7021
1,6945,8167,6947
1,6859,8120,6858
1,6097,8298,7189
1,8544,8707,6452
1,7236,8945,8889
1,6058,8736,7853
1,6596,8059,6311
1,7623,8194,7620
1,7079,8441,7060
1,7959,7960,7956
1,7767,9193,8600
1,7689,7724,7417
1,8342,8343,6449
1,8606,9202,5962
1,7604,7606,7605
1,6692,8060,6694
1,6294,8046,6317
1,8172,8214,7521
1,8204,8983,6251
1,8249,8251,7661
1,6874,8030,6591
1,6138,8646,8223
1,8763,9165,7776
1,6396,7887,7886
1,6584,8041,6410
1,7183,8230,6063
1,7649,8043,8042
1,6563,8214,6543
1,5942,8808,8319
1,8059,8643,8058
1,8135,8699,8136
1,6156,8050,6154
1,7975,8036,8035
1,5962,7817,5359
1,7110,8085,7577
1,6398,7907,7906
1,8022,8510,7305
1,7915,8966,7914
1,6352,8197,6431
1,8052,8053,6293
1,8333,9146,8334
1,6594,8763,7776
1,6980,7866,6974
1,8047,8795,8048
1,6615,8083,6621
1,6854,8103,6761
1,6024,8299,6027
1,7377,8241,7129
1,6685,8622,8350
1,7675,8619,8323
1,7739,8978,6254
1,8007,8046,6294
1,8327,9089,7575
1,8166,9117,5932
1,6503,9130,8474
1,7725,8402,5933
1,6363,7797,4752
1,6637,8084,6623
1,8347,9130,6503
1,7480,8869,8750
1,8042,8043,7686
1,7252,8095,6763
1,8061,9022,7920
1,5358,6594,5357
1,6100,7952,7209
1,6959,8009,6960
1,7413,7689,7417
1,8031,8032,7254
1,7823,8094,7197
1,6808,8168,7144
1,6881,8423,8217
1,7768,9061,7284
1,7138,8583,7463
1,8084,8942,7807
1,8217,8423,7370
1,6594,8787,8763
1,7351,8069,7400
1,7988,8092,8091
1,6573,8112,6371
1,7826,8946,7911
1,7783,8241,7377
1,6700,8340,6821
1,6803,8157,8156
1,7634,8042,7641
1,5974,6138,5972
1,6067,8114,6072
1,7921,7931,6869
1,8118,8119,6862
1,8448,9060,5893
1,6153,8007,6294
1,6302,8057,8056
1,6397,7959,7956
1,9146,9205,8334
1,7132,8004,7418
1,7189,8298,7354
1,5954,9159,8377
1,8257,8728,8661
1,8154,8298,6095
1,7711,7712,7710
1,5969,5970,5968
1,7181,8269,7831
1,6591,8030,6592
1,7447,8708,7114
1,7438,8222,8220
1,6598,8152,6602
1,7348,8627,8407
1,6933,7992,6936
1,8140,8142,6802
1,6636,8370,6777
1,9105,9140,7742
1,6969,8181,6964
1,8126,8546,8125
1,8499,9212,8498
1,6803,8156,6549
1,7026,8224,7814
1,7820,8660,5930
1,6203,8058,6200
1,6166,8578,8330
1,7266,8238,7265
1,6408,8231,8022
1,7186,8173,8127
1,8264,8304,7497
1,7019,8151,7279
1,6886,7930,7929
1,7919,7920,7143
1,6526,8205,6528
1,8152,8153,6602
1,6949,8233,6972
1,6824,7868,7259
1,8555,8615,7468
1,8207,8208,8206
1,6283,8137,6285
1,6382,8178,6381
1,5984,6059,6049
1,5957,8210,8209
1,8134,8135,6889
1,7330,8599,8005
1,6393,7880,7879
1,7920,9022,7755
1,7182,7869,7868
1,8238,8566,8071
1,7746,7753,7747
1,5922,7803,7802
1,4663,5963,5962
1,7760,9073,7504
1,7986,8267,7990
1,7176,8182,7175
1,6192,8052,6293
1,8259,9183,6910
1,7103,8019,7423
1,7414,8111,7416
1,5963,5966,5965
1,8990,9156,7729
1,8081,8938,6758
1,6765,8267,7986
1,6558,7182,6824
1,4748,7702,4749
1,7606,7607,7605
1,6435,8123,5353
1,7554,8348,8023
1,6942,8339,8190
1,8078,8079,6297
1,7267,8028,7464
1,7281,8192,6429
1,7476,8175,7185
1,8086,8088,6885
1,6969,8258,8181
1,8024,8943,7672
1,7832,8981,7811
1,6088,8189,6093
1,8736,8854,7853
1,6880,8008,7413
1,8092,8716,7930
1,7186,8127,6782
1,7887,8225,7957
1,5330,8109,5961
1,6059,6060,6049
1,5905,8955,8270
1,5951,7759,4750
1,6418,8062,6416
1,7997,8288,8001
1,7416,8111,7746
1,6915,8478,6917
1,7228,8072,7483
1,6059,6067,6060
1,7023,8397,8224
1,6972,8014,8013
1,6471,8396,6473
1,6592,8030,6813
1,7669,8974,7702
1,6932,7992,6933
1,7825,8683,7826
1,4663,5962,5359
1,6705,8288,7997
1,5907,8066,760
1,7620,8194,7618
1,6128,8134,6889
1,7880,7979,7879
1,7644,8146,7704
1,6335,8611,6538
1,6517,7994,6424
1,6034,8108,6033
1,6443,8039,6445
1,7281,8690,8192
1,7101,7943,7076
1,5966,5968,5967
1,8301,8417,8263
1,6885,8306,6757
1,6406,8743,8714
1,6397,7956,7955
1,6362,8931,8640
1,7907,7908,7906
1,8118,8122,8119
1,5989,7853,5987
1,8055,8632,8054
1,7743,8998,7033
1,6005,8225,6003
1,7960,7961,7956
1,6748,7967,7966
1,6226,8065,6306
1,8321,8322,7669
1,5350,8158,5914
1,7988,8093,8092
1,8377,8691,6519
1,5971,5972,5970
1,7705,9224,8250
1,8541,8972,8556
1,8254,8255,6817
1,7819,8034,7818
1,7801,8030,6874
1,6863,8118,6862
1,5939,9071,7875
1,6320,8116,6319
1,7916,8799,7913
1,8368,8837,6426
1,6916,8477,6913
1,7749,8003,7751
1,6312,8240,6368
1,6127,8537,7707
1,6324,7940,6341
1,5919,8417,8301
1,7919,8061,7920
1,7887,8097,7886
1,7638,8130,7670
1,7053,8623,8228
1,6391,7819,7818
1,5993,7877,5991
1,6956,8011,6959
1,7530,8166,7243
1,7626,8194,7645
1,6067,6072,6068
1,8200,8201,6771
1,6597,8152,6598
1,6200,8058,8057
1,6400,7937,7935
1,6613,8253,6610
1,6968,8016,6973
1,5904,8261,765
1,7877,7878,6058
1,5987,6392,5985
1,7285,8150,7154
1,5980,6391,5978
1,5963,8227,5966
1,6458,7940,6369
1,6278,7900,7899
1,7311,8099,7567
1,8137,8139,6285
1,6025,8147,6022
1,5984,6049,5982
1,6758,9091,8081
1,5334,7149,5333
1,7967,7968,7966
1,6436,8409,8159
1,8044,8989,8043
1,7074,8085,7110
1,8178,8292,7214
1,6067,6068,6060
1,8264,8265,6837
1,7610,8366,7608
1,7913,7915,7914
1,7913,7914,6831
1,8087,8089,8086
1,5949,9190,7737
1,7148,8005,7133
1,7312,8289,8101
1,6077,6520,6078
1,7308,7601,7307
1,6710,8155,6713
1,5977,5978,5976
1,8371,9058,7511
1,6761,8103,6386
1,5979,5980,5978
1,5983,5984,5982
1,5981,5982,5980
1,6302,8056,8055
1,8669,8893,7124
1,8049,8695,6364
1,7863,7864,7862
1,5975,5976,5974
1,6773,9081,7863
1,6009,7953,6007
1,7400,7781,7401
1,7024,8133,7099
1,5921,8389,7812
1,5973,5974,5972
1,7037,8187,7022
1,6567,8179,5337
1,8955,9064,8270
1,8221,8310,6840
1,7923,7924,7922
1,8181,8709,8016
1,6055,7885,7883
1,7521,8214,6563
1,6875,8193,7375
1,6072,6077,6073
1,6412,8266,753
1,7182,7868,6824
1,7602,7706,7601
1,8127,8173,8128
1,6538,8611,8407
1,6612,8083,6615
1,6910,9163,8259
1,8110,9070,7671
1,7922,7931,7921
1,7283,8064,7570
1,7126,8279,7240
1,7769,9124,7320
1,6842,7265,6843
1,6270,8078,6297
1,7059,7063,7023
1,6013,7959,6011
1,8098,9059,7695
1,7285,8612,8150
1,6788,7923,7922
1,6759,8086,6885
1,8012,8196,8011
1,7936,8260,7934
1,6429,8192,6241
1,6751,8094,6630
1,5987,7853,6392
1,8228,8623,7799
1,7064,7132,7063
1,7848,8791,5917
1,5962,9202,7817
1,7133,8004,7132
1,6974,7866,6976
1,7469,8555,7468
1,8005,8006,8004
1,6747,7978,7976
1,7781,8738,6370
1,7297,8246,7507
1,8280,8282,8281
1,6872,8076,7316
1,6414,8280,749
1,6765,7986,7985
1,8014,8015,8013
1,6115,8218,6117
1,7965,8035,6773
1,5919,8284,769
1,7654,7664,7650
1,7258,8023,7241
1,5343,8185,6438
1,6620,8269,6633
1,5930,8287,747
1,7969,7974,7968
1,6415,8075,6523
1,6043,8017,6040
1,7869,7870,7868
1,6829,8129,7298
1,6371,8112,6355
1,7331,7738,7330
1,6047,8021,6045
1,8749,8972,8541
1,6604,8254,6817
1,7986,7987,7985
1,6296,8184,7438
1,7251,7740,6980
1,6705,7997,7996
1,6153,6294,6287
1,5357,7776,5356
1,7413,7417,7414
1,7891,7893,7892
1,7640,8251,7651
1,6702,8031,6810
1,8652,8871,6767
1,7890,7891,6399
1,7839,8299,7429
1,6435,8125,8124
1,6944,8190,6996
1,5929,8889,8186
1,6148,8195,6273
1,6072,6073,6068
1,7997,7998,7996
1,6294,6317,6295
1,6763,8095,6553
1,6574,8294,6323
1,8496,8642,7854
1,7953,7954,6053
1,7086,7250,7163
1,6087,8189,6088
1,7933,7934,6289
1,6273,8240,6312
1,6991,6992,6990
1,7273,8317,6287
1,6468,8642,8496
1,7859,7876,7857
1,6436,8159,8158
1,7218,8165,7217
1,765,8261,766
1,6369,7940,6324
1,7059,7064,7063
1,6714,8264,6837
1,7182,7871,7869
1,7203,7207,7204
1,7130,7916,7912
1,6138,9200,8646
1,6989,6990,6969
1,7117,7425,7116
1,7133,8005,8004
1,7438,8220,6385
1,7081,8191,7119
1,6093,6102,6094
1,753,8266,754
1,7026,7104,7027
1,7064,7133,7132
1,7606,7608,7607
1,7291,8396,6471
1,8218,9113,6405
1,5348,8286,6436
1,6278,7904,7900
1,6317,6350,6318
1,7608,7609,7607
1,6102,6108,6103
1,7351,7400,7399
1,5991,6058,5989
1,7104,7307,7105
1,7494,8363,6851
1,6728,8567,6748
1,6348,6449,6388
1,6936,7992,6997
1,6610,8253,6608
1,6350,6380,6351
1,7232,7754,7233
1,7308,7602,7601
1,6222,8183,6219
1,4747,5956,4748
1,749,8280,750
1,8000,8002,7998
1,6468,8775,7787
1,7943,7944,7113
1,7331,7784,7738
1,7168,8289,7312
1,769,8284,770
1,7099,8279,7126
1,7654,7667,7664
1,6983,7059,7023
1,747,8287,748
1,7282,7330,7148
1,7984,8091,6665
1,7823,8594,7519
1,8041,8633,7993
1,8110,8329,8109
1,6381,8178,6453
1,6536,8110,8109
1,6744,6842,6746
1,7282,7331,7330
1,5991,7877,6058
1,6196,8054,6194
1,6392,8890,7851
1,6132,8317,6648
1,6186,7933,6184
1,8339,8452,8190
1,7775,9096,5923
1,6200,8057,6198
1,5995,6393,5993
1,6077,6078,6073
1,7104,7308,7307
1,7247,8114,6067
1,7995,8105,6762
1,7888,7889,7409
1,6543,8214,6835
1,6587,8355,8325
1,6530,8200,6771
1,7487,7771,7488
1,6989,6991,6990
1,6057,8230,6052
1,6892,8069,7351
1,6991,6993,6992
1,7270,9105,9012
1,7309,8082,7561
1,7361,8478,6915
1,7175,7178,7177
1,6403,6539,6404
1,6215,7993,6213
1,8047,8048,8046
1,7168,7312,7311
1,6003,6396,6001
1,5970,8562,5968
1,6597,6598,6596
1,6087,6088,6086
1,7312,8100,8099
1,5999,6055,5997
1,6740,6804,6742
1,6154,8007,6153
1,7821,9116,7838
1,6595,6596,6311
1,8337,8392,7360
1,7312,8099,7311
1,6973,7251,6980
1,7168,7311,7091
1,6853,8067,6854
1,6142,6153,6141
1,6730,7965,6732
1,6133,6141,6132
1,7117,7426,7425
1,7416,7746,7745
1,7198,8306,7850
1,7076,7943,7113
1,6109,7173,6115
1,7072,7073,7070
1,6440,6441,6113
1,8071,8681,8070
1,7056,7168,7091
1,6093,6094,6092
1,7839,8550,6027
1,6442,6443,6441
1,6447,8039,6443
1,7178,7559,7314
1,6124,6132,6123
1,6607,8308,7362
1,7618,8194,7626
1,7074,7110,7073
1,7132,7418,7134
1,7429,7854,7426
1,7022,7031,6993
1,4749,5951,4750
1,7013,8242,7015
1,8078,8080,8079
1,6843,8070,6892
1,8179,8180,5952
1,8160,8162,7222
1,7967,7969,7968
1,8200,8202,8201
1,6088,6093,6092
1,6287,8317,6141
1,7619,7620,7618
1,6080,6087,6086
1,5929,8186,8185
1,6983,7023,6984
1,5359,7817,5358
1,7254,7825,7207
1,8989,9067,8043
1,6007,7953,6053
1,6585,6586,6584
1,5969,5971,5970
1,7795,8318,7235
1,8194,8275,7645
1,6583,6584,6410
1,8202,8204,8201
1,6966,8181,8016
1,5985,7851,5984
1,8189,8376,6093
1,7103,7423,7101
1,6077,8651,6520
1,6875,7375,6874
1,7645,7663,7662
1,6963,6989,6969
1,7076,7113,7037
1,6162,8073,6160
1,7577,7588,7372
1,6684,7912,6686
1,8086,8089,8088
1,7349,8227,5963
1,6810,7203,7202
1,6593,6874,6591
1,7228,7483,7235
1,7483,7796,7794
1,7206,7487,7345
1,7226,8019,7103
1,7269,8028,7267
1,6700,6821,6702
1,7072,7074,7073
1,6392,7851,5985
1,6623,8084,6614
1,6007,6053,6005
1,6170,6399,6168
1,6294,6295,6287
1,6172,7890,6170
1,6736,6820,6738
1,6180,6398,6178
1,6174,6278,6172
1,7400,7401,7399
1,6686,6831,6688
1,6323,8294,6310
1,6054,7963,7962
1,6793,8363,7822
1,6964,8181,6966
1,6690,7143,6692
1,7061,7117,7116
1,6742,7856,6744
1,6682,7130,6684
1,6184,6289,6182
1,6011,7959,6397
1,6188,6400,6186
1,7704,9224,7705
1,7954,7958,7957
1,6694,7232,6696
1,6678,6869,6680
1,6102,6103,6094
1,6564,6795,6565
1,7123,8441,7799
1,6143,6272,6144
1,6122,6123,6108
1,6986,7026,6995
1,6120,6129,6121
1,6129,6143,6130
1,5983,5985,5984
1,8017,8018,6430
1,6603,8254,6604
1,6862,8120,6859
1,6192,6293,6190
1,7865,9214,7861
1,6132,6648,6123
1,6153,6287,6141
1,6194,8052,6192
1,6366,6403,6402
1,7511,9136,8371
1,5981,5983,5982
1,6795,7397,7146
1,7056,7091,7050
1,7608,7611,7609
1,6011,6397,6009
1,5979,5981,5980
1,6984,8224,6986
1,6382,8621,8292
1,6520,8651,8295
1,7174,7175,6539
1,6600,6603,6601
1,8195,8240,6273
1,6674,6788,6676
1,6680,7939,6682
1,6478,8226,6708
1,7616,7618,7617
1,6813,8030,7269
1,8066,8278,6409
1,6732,7965,6773
1,6849,7928,7927
1,7510,8488,6546
1,5977,5979,5978
1,6598,6600,6599
1,7068,7072,7070
1,7706,9234,6127
1,7181,7289,6819
1,6732,6773,6734
1,6089,8298,6097
1,6503,9041,8347
1,7460,7798,7180
1,7378,7390,7389
1,7979,8994,6827
1,6670,6849,6672
1,7431,8068,8067
1,6317,6318,6295
1,6108,6109,6103
1,6164,6281,6162
1,6440,6442,6441
1,7390,7600,7389
1,7048,8151,7029
1,7378,7389,7377
1,6842,7266,7265
1,6015,6054,6013
1,6198,6302,6196
1,6609,6610,6608
1,6676,7921,6678
1,6607,6608,6429
1,6973,6980,6974
1,7523,8085,7074
1,6614,8083,6612
1,6611,6612,6610
1,7126,7238,7125
1,7576,8152,6597
1,7425,7787,7428
1,5975,5977,5976
1,5914,8546,8126
1,7730,9030,8483
1,7376,7378,7377
1,8254,8257,8255
1,7626,7645,7637
1,6666,6886,6668
1,7645,7662,7637
1,7099,7125,7098
1,7209,7888,7409
1,6593,8325,7223
1,7618,7626,7617
1,7270,7271,7190
1,6442,6447,6443
1,7555,7578,7554
1,6660,7984,6662
1,7825,7826,7207
1,6728,6748,6730
1,7203,7204,7202
1,6205,6311,6203
1,7497,8304,7184
1,7661,8251,7640
1,7754,7756,7233
1,6064,6071,6063
1,6681,8361,6679
1,6511,6564,6541
1,7267,7464,7268
1,6360,7948,6382
1,6821,8031,6702
1,6021,6440,6113
1,5972,8223,5970
1,7098,8191,7025
1,7229,8343,8342
1,6753,8306,7198
1,7189,7190,7188
1,7614,7616,7615
1,7099,7126,7125
1,7126,7239,7238
1,7264,8969,7798
1,6386,8103,6573
1,6662,6665,6664
1,6844,7432,6811
1,6713,8264,6714
1,6094,8380,7952
1,6021,6113,6019
1,7306,8663,8273
1,6222,8720,8183
1,7110,7577,7372
1,6243,8308,6607
1,7525,8064,7283
1,8226,8357,7714
1,6350,6351,6318
1,8133,8279,7099
1,7061,7116,7062
1,6040,8017,6430
1,7198,7475,7197
1,7003,7061,7004
1,6652,7995,6654
1,7029,8151,7019
1,6213,6303,6211
1,6089,6097,6084
1,7607,7669,7605
1,7686,7737,7685
1,7224,8193,6875
1,6589,6591,6590
1,6992,7003,6994
1,7189,7270,7190
1,756,8276,6411
1,7241,8023,7450
1,6842,6843,6746
1,6586,6589,6588
1,7553,7555,7554
1,8009,8313,6989
1,6158,6288,6156
1,6218,6410,6215
1,7487,7488,7345
1,6045,8021,6048
1,7360,8392,7789
1,6553,8095,6644
1,7986,7989,7987
1,6403,6404,6402
1,6120,6121,6119
1,6813,7267,6814
1,7616,7617,7615
1,6357,8314,6313
1,6658,6765,6660
1,5995,7881,6393
1,6228,8065,6226
1,6414,8282,8280
1,6445,6550,6548
1,6226,6306,6224
1,5973,5975,5974
1,7893,7894,7892
1,6211,8392,6209
1,7015,8242,7065
1,6184,7933,6289
1,6281,8073,6162
1,7334,8837,8368
1,8018,8273,8272
1,7232,7233,6696
1,6595,6597,6596
1,6194,8054,8052
1,7560,8132,7559
1,7483,7794,7235
1,6322,6324,6323
1,6963,6969,6964
1,6549,8156,6581
1,7194,7196,7195
1,6578,6808,6579
1,6390,6553,6458
1,7376,7377,7129
1,7196,7481,7385
1,8109,8329,5961
1,7220,8160,7222
1,6548,6803,6549
1,6062,6064,6063
1,8052,8632,8053
1,6083,6089,6084
1,7944,7946,7945
1,6781,7301,7252
1,7833,8338,7177
1,6583,6585,6584
1,6808,7144,6579
1,6870,7228,6272
1,5919,8285,8284
1,6117,6120,6119
1,6654,6762,6656
1,6607,6609,6608
1,6040,6430,6037
1,6595,8337,7360
1,6324,6341,6323
1,4759,8239,4760
1,7737,9144,5949
1,6355,8112,6356
1,7852,8340,7233
1,7891,7892,6399
1,7538,8072,7228
1,6198,8057,6302
1,7413,8008,7689
1,6078,6080,6079
1,7196,7385,7195
1,7178,7314,7177
1,6423,7194,7191
1,7997,8000,7998
1,6609,6611,6610
1,7235,8318,6272
1,7891,7898,7893
1,6614,8084,8083
1,7241,7450,7239
1,7175,7177,6539
1,7827,8335,6565
1,7194,7195,7191
1,6382,8292,8178
1,8186,8945,8829
1,6611,6614,6612
1,7265,8238,8071
1,6045,6048,6043
1,8209,8211,7598
1,6585,6587,6586
1,6998,8133,7024
1,7590,8305,7215
1,6443,6445,6444
1,7024,7099,7098
1,6312,6355,6313
1,6581,8156,8155
1,7553,7554,7258
1,6650,6705,6652
1,6844,7519,7432
1,7198,7775,7475
1,6445,6548,6446
1,6553,6644,6458
1,7734,7735,7397
1,6578,6579,6577
1,6205,6595,6311
1,6587,8325,6586
1,6722,6747,6724
1,7297,7507,7506
1,7209,7409,7210
1,6708,8226,7256
1,6598,6602,6600
1,7622,7624,7623
1,6243,6607,6429
1,6589,8325,6593
1,6536,8109,5331
1,6072,6137,6077
1,7129,8241,7038
1,6052,6408,6047
1,6129,6130,6121
1,735,8291,5957
1,6243,6429,6241
1,6593,6875,6874
1,8149,8849,5904
1,6831,7918,6688
1,6097,7189,7188
1,7204,7911,7206
1,6062,6063,6057
1,6625,6637,6623
1,6252,6280,6249
1,6604,6817,6606
1,6218,6583,6410
1,6070,6413,6066
1,8187,8188,7031
1,7181,7462,7289
1,7269,8029,8028
1,6804,7860,7858
1,6213,7993,6303
1,7513,8310,7727
1,8558,9168,7896
1,6023,8496,7854
1,6059,7247,6067
1,6170,7890,6399
1,7153,8077,8076
1,6273,6312,6274
1,7271,7525,7283
1,6804,7856,6742
1,7256,8226,7714
1,7130,7912,6684
1,6753,7198,7197
1,7400,7782,7781
1,6858,8087,8086
1,6629,6844,6811
1,6143,6144,6130
1,7228,7235,6272
1,7954,8641,7958
1,7065,8242,7542
1,6083,6084,6076
1,6629,6811,6627
1,6829,7297,6830
1,6674,7925,6788
1,6564,6565,6541
1,7716,8115,7717
1,6270,6297,6264
1,7249,8682,7937
1,6290,8078,6270
1,6753,7197,6751
1,6979,6983,6982
1,6718,6832,6720
1,7130,7917,7916
1,6104,6110,6098
1,6589,6593,6591
1,6662,7984,6665
1,6858,8086,6759
1,6759,6885,6757
1,6188,7938,6400
1,6795,7146,6565
1,6913,8477,6912
1,4663,7349,5963
1,6126,6131,6112
1,7022,8187,7031
1,6314,6340,6304
1,6654,7995,6762
1,6150,6151,6140
1,7144,7441,7367
1,7634,7641,7633
1,6855,7431,6853
1,7907,7909,7908
1,6872,7316,6866
1,7397,7583,7146
1,7153,8076,6872
1,6892,8070,8069
1,8568,8580,7499
1,6869,7939,6680
1,6575,6578,6577
1,7714,7716,7715
1,6352,6431,6344
1,7641,7686,7685
1,7289,7949,7290
1,6322,6323,6310
1,6509,8075,6415
1,6813,7269,7267
1,6415,6523,6378
1,6633,7181,6819
1,6829,7298,7297
1,7721,7722,7327
1,7110,7372,7111
1,6080,6086,6085
1,6615,6621,6617
1,733,7598,732
1,5971,5973,5972
1,7369,7848,7709
1,8319,8320,7287
1,7611,7612,7609
1,6109,6115,6114
1,7838,8303,7263
1,6678,7921,6869
1,7062,8199,7097
1,6146,8195,6148
1,6714,6837,6716
1,8048,8795,8528
1,6423,7191,6421
1,6390,6458,6369
1,7233,8340,6696
1,6566,8283,6521
1,7387,7774,7767
1,7622,7623,7620
1,7631,7634,7633
1,8302,9164,8285
1,6986,8224,7026
1,7177,8338,6539
1,6205,8337,6595
1,5332,6536,5331
1,6338,8342,6348
1,7025,8191,7081
1,6555,6582,6517
1,6633,6819,6634
1,7636,8042,7634
1,6781,7252,6763
1,7250,7365,7163
1,7843,7844,7842
1,6896,8307,6897
1,6778,8129,6829
1,5354,8123,5915
1,7614,7615,7613
1,6387,6761,6386
1,7068,7070,7069
1,6565,8335,6541
1,7647,7649,7636
1,8359,8929,8208
1,6068,8428,6437
1,6088,6092,6091
1,6592,6813,6796
1,8101,8102,8100
1,6617,6797,6618
1,6710,6713,6712
1,7860,7861,7858
1,6997,7068,7067
1,7987,7988,7985
1,6615,6617,6616
1,7968,7975,7966
1,6386,6573,6371
1,6121,8391,8134
1,6312,6313,6274
1,6847,7180,6560
1,8018,8272,8271
1,6612,6615,6613
1,7431,8067,6853
1,6115,6117,6116
1,7419,7520,6563
1,6968,6973,6971
1,7173,8218,6115
1,6569,8300,6316
1,7631,7633,7624
1,7612,7614,7613
1,6358,6406,6360
1,7049,7050,7048
1,6273,6274,6269
1,6355,6356,6313
1,7051,7056,7050
1,6581,8155,6710
1,7956,8356,7955
1,7580,7581,7447
1,6785,6853,6761
1,6372,6386,6371
1,6966,8016,6968
1,7119,8191,7951
1,4807,8309,5928
1,7647,7650,7649
1,7432,7778,7433
1,7311,7567,7313
1,8007,8047,8046
1,7159,8310,7513
1,7215,8305,7192
1,6406,7948,6360
1,6656,8267,6658
1,6144,8318,6146
1,7611,7628,7612
1,6280,8145,8144
1,7232,7755,7754
1,8119,8121,8120
1,7998,7999,7996
1,7462,8362,7289
1,6853,6854,6761
1,7184,8304,7359
1,6100,7209,6815
1,6960,6963,6962
1,7546,8319,7288
1,7841,7843,7842
1,6777,8129,6778
1,6148,6273,6269
1,6313,8314,6274
1,6665,6666,6664
1,6071,8872,7828
1,7677,7684,7656
1,743,8296,5938
1,8220,8221,6840
1,7021,7022,6993
1,6368,6371,6355
1,7147,7148,7133
1,6778,6829,6787
1,6606,8288,6650
1,7977,8499,7973
1,7902,8844,8671
1,7119,7434,7137
1,7271,7283,7272
1,7504,9200,7760
1,7263,8303,7231
1,6993,7910,6992
1,4751,6363,4752
1,6451,7348,6376
1,7077,7101,7076
1,6436,8158,5349
1,6142,6154,6153
1,6097,7188,7187
1,7307,7309,7105
1,7875,9071,7560
1,7785,7786,7784
1,6280,8213,8145
1,7104,7105,7027
1,6133,6142,6141
1,7045,7076,7037
1,7242,8161,8160
1,7700,7701,7699
1,8222,9208,8221
1,7024,7098,7025
1,7036,7037,7022
1,7354,9140,9105
1,7283,7570,7543
1,6554,6763,6553
1,8127,8128,7301
1,6956,6959,6958
1,7160,7523,7074
1,6325,6369,6324
1,7065,7542,7474
1,6636,6777,6776
1,7142,8283,6566
1,6998,7024,6999
1,4806,8309,4807
1,6124,6133,6132
1,7900,7903,7902
1,7167,7282,7148
1,7809,7810,7808
1,7203,7254,7207
1,6764,6781,6763
1,5965,8606,5962
1,6317,6364,6350
1,6643,8580,8568
1,6949,6972,6951
1,7621,7622,7620
1,8220,8222,8221
1,6106,8999,8348
1,7102,7103,7101
1,6979,7867,6983
1,6373,6390,6369
1,7178,7560,7559
1,7527,7824,7514
1,7616,7619,7618
1,7881,7882,7880
1,7513,7514,7512
1,7373,7719,7407
1,7427,7429,7426
1,6117,6119,6118
1,7704,7705,7643
1,7316,8122,8118
1,6944,6996,6946
1,7914,8966,7919
1,8618,9218,9078
1,7256,7714,7713
1,7629,7643,7628
1,6144,6146,6145
1,9012,9105,7741
1,7225,7226,7103
1,7326,7327,6808
1,7749,8847,8003
1,4794,8270,4795
1,7166,7376,7129
1,5940,8683,7825
1,7556,7557,7555
1,6960,8009,6963
1,6556,6767,6555
1,7594,7595,7593
1,7026,7027,6995
1,7659,8784,7690
1,7216,7218,7217
1,7214,7216,7215
1,8230,8231,6408
1,7606,7610,7608
1,6321,6322,6310
1,6309,6310,6277
1,6942,8190,6944
1,6275,6277,6150
1,6328,6802,6375
1,7429,8299,7854
1,7482,7539,7481
1,5352,8126,6435
1,6880,7413,7412
1,6149,6150,6140
1,6518,6555,6517
1,7720,7721,7327
1,6620,6633,6632
1,5338,8179,5952
1,7670,7849,7676
1,6603,6604,6601
1,7430,7839,7429
1,6431,8117,8116
1,7445,7447,7114
1,7240,7241,7239
1,8348,8999,8023
1,7174,7176,7175
1,7681,8316,7678
1,6998,8478,8133
1,7358,9016,7772
1,7206,7911,7487
1,6258,8331,6255
1,6405,9113,8807
1,8379,8470,6547
1,741,8297,6434
1,6090,6095,6089
1,8019,8892,7423
1,7656,8146,7644
1,7214,7215,7192
1,6039,8944,8892
1,6598,6599,6596
1,7644,7704,7643
1,7216,7217,7215
1,7047,7048,7029
1,7212,7566,7213
1,7649,8042,7636
1,8671,8844,6704
1,733,8209,7598
1,6457,7419,6563
1,7513,7527,7514
1,6052,8230,6408
1,6139,6140,6136
1,6936,6997,6938
1,6065,6066,6064
1,6122,6124,6123
1,7164,8232,7730
1,6665,8408,6666
1,6096,6098,6095
1,6134,6136,6126
1,6125,6126,6112
1,6111,6112,6107
1,6105,6107,6104
1,6099,6104,6098
1,6600,6601,6599
1,7257,7258,7241
1,7552,7553,7258
1,7144,7367,7145
1,8205,8206,8202
1,6002,6003,6001
1,7242,8160,7220
1,8786,9208,8222
1,6037,8108,6034
1,6422,6423,6421
1,5354,5915,5355
1,5929,8185,5342
1,7403,7405,7404
1,6092,7952,6100
1,6328,6375,6374
1,7593,8283,7142
1,6403,7174,6539
1,6004,6005,6003
1,6416,6509,6415
1,6138,8223,5972
1,6146,6148,6147
1,6251,9019,8204
1,6102,6122,6108
1,7462,8928,8362
1,6791,8300,6569
1,6069,6070,6066
1,7464,7465,7268
1,7132,7134,7063
1,6075,6076,6070
1,6006,6007,6005
1,6081,6083,6076
1,6249,8144,6247
1,8021,8432,6048
1,6341,6575,6574
1,6533,8220,6840
1,6379,6415,6378
1,6241,8192,6238
1,6530,6771,6542
1,6353,6378,6352
1,7340,8369,7337
1,7288,8319,7287
1,7549,8245,7548
1,6897,8307,6900
1,8010,8313,8009
1,7367,7369,7368
1,6528,8200,6530
1,6385,8220,6533
1,7369,7709,7435
1,6375,6457,6456
1,7385,7387,7386
1,6575,6577,6576
1,6524,6828,6526
1,6345,6352,6344
1,7547,7548,7546
1,6008,6009,6007
1,7019,7279,7017
1,6959,8011,8010
1,7375,7801,6874
1,6042,6043,6040
1,6044,6045,6043
1,7662,8131,8130
1,6046,6047,6045
1,6050,6052,6047
1,7821,7838,7263
1,7220,7222,7218
1,6056,6057,6052
1,6061,6062,6057
1,6010,6011,6009
1,7298,8246,7297
1,7159,7513,7512
1,8024,8982,8943
1,6128,6889,6283
1,7697,7699,7535
1,6404,8338,6511
1,7387,7767,7388
1,7630,7631,7624
1,6713,8304,8264
1,6038,6040,6037
1,7951,8191,7234
1,7286,7287,7285
1,5352,6435,5353
1,6315,6319,6314
1,8025,8982,8024
1,6795,7734,7397
1,6640,7214,7192
1,7267,7268,6814
1,6305,6314,6304
1,7641,7685,7642
1,5990,5991,5989
1,6012,6013,6011
1,6457,6563,6543
1,6448,7835,6447
1,5988,5989,5987
1,6586,6588,6584
1,6873,7153,6872
1,5998,5999,5997
1,6014,6015,6013
1,6000,6001,5999
1,6591,6592,6590
1,6866,8118,6863
1,7418,7453,7134
1,6301,6304,6300
1,7954,7957,6053
1,7444,8171,8170
1,5992,5993,5991
1,6867,6872,6866
1,6016,6017,6015
1,6020,6021,6019
1,6018,6019,6017
1,6589,6590,6588
1,7081,7119,7083
1,6271,6290,6270
1,6265,6270,6264
1,7678,8316,7677
1,7221,7242,7220
1,4752,7797,4753
1,5994,5995,5993
1,8263,8805,8301
1,7671,7672,7667
1,7626,7637,7627
1,8153,8657,6602
1,7185,7186,6782
1,5350,5914,5351
1,6143,6870,6272
1,8119,8120,6862
1,6263,6264,6262
1,7186,8174,8173
1,7199,7231,6641
1,7032,7033,7008
1,6344,8116,6320
1,6426,9198,8368
1,6255,8331,6254
1,5996,5997,5995
1,6760,6858,6759
1,6356,6358,6357
1,735,5957,734
1,6148,6269,6268
1,5903,9088,7771
1,7401,7403,7402
1,6920,6998,6922
1,6813,6814,6796
1,7444,8172,8171
1,6622,6623,6614
1,5347,8286,5348
1,7425,7428,7116
1,7159,7512,7392
1,7652,8277,7632
1,7931,8341,7932
1,6784,8361,6681
1,7053,8228,7051
1,7239,8212,7238
1,6098,8154,6095
1,6758,6759,6757
1,6528,8205,8200
1,6307,6328,6326
1,5348,6436,5349
1,6253,6254,6252
1,6250,6252,6249
1,4839,8820,7774
1,6870,7538,7228
1,6752,6753,6751
1,6378,8197,6352
1,7201,8788,8049
1,6628,6629,6627
1,7970,7971,7969
1,6248,6249,6247
1,7507,7813,7506
1,8135,8136,6889
1,6855,7473,7431
1,6421,8062,6418
1,7243,8166,7242
1,7274,8300,6791
1,6516,6517,6424
1,7353,7530,7243
1,5336,6567,5337
1,6624,6625,6623
1,7592,7593,7142
1,6824,7259,6825
1,6120,6405,6129
1,6626,6627,6625
1,6242,6243,6241
1,6835,7444,7443
1,7128,7129,7038
1,8201,8203,6771
1,6351,6366,6365
1,7297,7506,6830
1,5986,5987,5985
1,5966,5969,5968
1,7219,7220,7218
1,6420,6421,6418
1,7409,7769,7210
1,6238,8192,6237
1,6123,8104,6108
1,7612,7613,7609
1,6358,6360,6359
1,6782,8127,6781
1,7619,7621,7620
1,6713,6714,6712
1,8503,9046,7566
1,7327,8168,6808
1,6900,7212,6902
1,6227,6228,6226
1,6430,8271,8108
1,6992,6994,6990
1,6983,6984,6982
1,5345,5911,5346
1,7684,8146,7656
1,6080,6085,6079
1,7909,8768,8260
1,7204,7206,7205
1,6443,6444,6441
1,5338,5952,5339
1,7138,7463,7380
1,7289,7290,6819
1,5343,6438,5344
1,6154,8050,8007
1,7972,7973,7971
1,8307,8503,7212
1,6548,6549,6446
1,6900,8307,7212
1,7295,7546,7288
1,6343,6344,6320
1,7831,7832,7462
1,5341,5929,5342
1,7976,7977,7973
1,6366,6402,6401
1,7424,8562,8223
1,6608,8253,7281
1,6390,8247,6554
1,6793,7274,6791
1,6372,6387,6386
1,6119,8134,6128
1,6036,6037,6034
1,6225,6226,6224
1,7317,7732,6587
1,6841,7159,7158
1,6388,8395,6551
1,6829,6830,6787
1,6806,7510,6546
1,5330,5961,5329
1,7958,8641,8589
1,6445,6446,6444
1,6387,6785,6761
1,7156,7285,7154
1,7061,7062,7004
1,7949,7950,7290
1,7756,8020,7852
1,7031,7910,6993
1,7176,8697,7874
1,7944,7945,7113
1,6360,6382,6381
1,7629,7644,7643
1,6533,6840,6770
1,6404,6511,6510
1,7488,7875,7874
1,6032,6033,6030
1,6299,6300,6291
1,7417,8757,8111
1,6640,7192,6812
1,7360,7576,6597
1,6558,6824,6559
1,6296,7438,6385
1,7775,8961,7475
1,6223,6224,6222
1,7003,7004,6994
1,6785,6855,6853
1,6810,7202,7201
1,7638,7670,7665
1,7206,7345,7344
1,6403,8367,7174
1,7716,7717,7715
1,6702,6810,6809
1,6028,6029,6026
1,7611,7629,7628
1,7223,7224,6875
1,6658,8267,6765
1,7217,7591,7590
1,6757,8306,6754
1,6865,6866,6863
1,6351,8367,6366
1,7687,8237,8236
1,6881,8217,7245
1,6261,6262,6259
1,6608,7281,6429
1,6612,6613,6610
1,7898,8350,7893
1,6115,6116,6114
1,6024,6025,6022
1,6700,6702,6701
1,6861,6862,6859
1,7622,8277,7630
1,6777,6778,6776
1,7011,8268,7086
1,6511,6541,6540
1,5904,8849,8261
1,764,5904,765
1,6973,6974,6971
1,6339,8399,6332
1,7110,7111,7073
1,7674,8564,7800
1,6212,6213,6211
1,8362,8928,6495
1,6257,6258,6255
1,761,6409,762
1,6424,7994,6423
1,6617,6618,6616
1,7143,8060,6692
1,6214,6215,6213
1,6210,6211,6209
1,6247,8308,6244
1,6857,8634,7334
1,6216,6218,6215
1,759,5907,760
1,6368,6372,6371
1,6310,8294,6277
1,6195,6196,6194
1,6650,8288,6705
1,6197,6198,6196
1,7432,7433,6811
1,756,6411,757
1,8162,8164,8163
1,6558,8332,7182
1,6520,8647,6078
1,6204,6205,6203
1,7722,8798,8168
1,6246,6247,6244
1,6756,6757,6754
1,6615,6616,6613
1,6199,6200,6198
1,6312,6368,6355
1,6092,6100,6091
1,6201,6203,6200
1,6750,6751,6630
1,754,5912,755
1,8145,8758,8229
1,8089,8419,6487
1,8154,9140,7354
1,8036,9081,8035
1,6633,6634,6632
1,766,6407,767
1,6240,6241,6238
1,8317,8797,6648
1,7825,9152,5940
1,8018,8271,6430
1,6117,6118,6116
1,7714,7715,7713
1,752,6412,753
1,6193,6194,6192
1,8929,8965,8208
1,6236,6237,6234
1,8176,8177,5934
1,7351,7399,7398
1,7612,8637,7614
1,7475,7823,7197
1,7990,7991,7989
1,766,8261,6407
1,8102,9021,8444
1,6280,8144,6249
1,6191,6192,6190
1,750,5918,751
1,7942,8066,5907
1,7372,7373,7111
1,7463,8583,8439
1,7453,8881,8727
1,7209,7210,6815
1,7778,7779,7433
1,8627,8751,7780
1,7553,8259,7556
1,6094,7952,6092
1,6185,6186,6184
1,6453,8178,6640
1,770,8176,771
1,7697,7700,7699
1,748,6414,749
1,6232,6233,6229
1,6189,6190,6188
1,7056,7374,7168
1,6453,6640,6638
1,754,8266,5912
1,6183,6184,6182
1,768,5919,769
1,7908,8326,7906
1,6187,6188,6186
1,771,8176,5934
1,7658,8656,8322
1,6078,6079,6073
1,6375,6456,6374
1,6840,8310,6841
1,6095,8298,6089
1,6843,6892,6891
1,6694,6696,6695
1,746,5930,747
1,6080,8647,6087
1,6963,6964,6962
1,6088,6091,6086
1,7312,8101,8100
1,6781,8127,7301
1,7651,7652,7632
1,7925,7926,7923
1,6430,8108,6037
1,7958,8827,7957
1,6071,7183,6063
1,6892,7351,7350
1,6269,8184,6296
1,7070,7071,7069
1,7894,7896,7895
1,771,5934,772
1,7271,7272,7190
1,6959,6960,6958
1,5353,8123,5354
1,7174,8367,7855
1,7520,7521,6563
1,6390,6554,6553
1,6692,6694,6693
1,8053,8324,6293
1,5919,8301,8285
1,6328,6374,6326
1,7125,7234,7098
1,743,5938,744
1,6322,6325,6324
1,7444,8170,7443
1,7896,8063,7897
1,7989,8347,7987
1,7353,7531,7530
1,6457,6543,6456
1,8254,8555,8257
1,6181,6182,6180
1,7684,8908,8529
1,7154,8150,7153
1,7311,7313,7091
1,750,8280,5918
1,774,5964,775
1,6097,7187,6084
1,7609,8321,7607
1,7242,8166,8161
1,7068,7069,7067
1,6119,6128,6118
1,5349,8158,5350
1,6208,6209,6206
1,7374,8289,7168
1,6690,6692,6691
1,7221,7243,7242
1,7445,7580,7447
1,6996,8233,6946
1,7927,8851,7926
1,7955,8641,7954
1,7378,7540,7390
1,770,8284,8176
1,6179,6180,6178
1,7038,8241,7000
1,6764,6782,6781
1,5930,8660,8287
1,6847,7460,7180
1,7961,8794,8356
1,748,8287,6414
1,5331,8109,5330
1,7450,8212,7239
1,6554,6764,6763
1,741,6434,742
1,6578,7326,6808
1,6121,8134,6119
1,7389,7783,7377
1,7316,8118,6866
1,6109,6114,6103
1,7196,7482,7481
1,6102,8376,6122
1,6423,7994,7194
1,6146,6147,6145
1,7635,7636,7634
1,6889,8137,6283
1,8383,8526,8453
1,8078,9161,8080
1,7290,8370,6819
1,8398,8488,7510
1,6177,6178,6176
1,6221,6222,6219
1,7049,7051,7050
1,5337,8179,5338
1,7570,8198,7543
1,6688,6690,6689
1,7283,7543,7272
1,6325,6373,6369
1,6686,6688,6687
1,6175,6176,6174
1,6684,6686,6685
1,776,7358,777
1,6627,8378,6625
1,7188,7244,7187
1,6173,6174,6172
1,7916,8876,8799
1,6997,7067,6938
1,6048,8507,8017
1,6373,8247,6390
1,7621,8277,7622
1,6797,8269,6618
1,8169,8868,6494
1,7614,8404,7616
1,7622,7630,7624
1,7746,7747,7745
1,7875,9187,5939
1,5342,8185,5343
1,6744,6746,6745
1,7645,8275,7663
1,6068,6437,6060
1,6171,6172,6170
1,7234,8191,7098
1,6083,6090,6089
1,7199,7263,7231
1,6697,6700,6699
1,7047,7049,7048
1,739,7208,740
1,6110,8154,6098
1,6431,8116,6344
1,7276,8470,8379
1,7072,7160,7074
1,7553,7556,7555
1,7024,7025,6999
1,6518,6556,6555
1,6602,8615,6600
1,7144,7145,6579
1,6682,6684,6683
1,6523,8197,6378
1,7594,7596,7595
1,7512,7816,7392
1,7126,7240,7239
1,6148,6268,6147
1,7185,8175,7186
1,7119,7137,7083
1,7567,7568,7313
1,7189,7354,7270
1,7326,7720,7327
1,7159,7392,7158
1,6309,6321,6310
1,6275,6309,6277
1,6841,8310,7159
1,6062,6065,6064
1,7385,7386,7195
1,6473,8396,6524
1,6149,6275,6150
1,7979,8970,6852
1,7641,7642,7633
1,7050,8454,7048
1,6272,8318,6144
1,6991,7021,6993
1,7522,8789,8586
1,6141,8317,6132
1,6341,6574,6323
1,6274,8184,6269
1,6022,8147,6021
1,6840,6841,6770
1,7482,7695,7539
1,7680,7681,7678
1,7134,8397,7063
1,6680,6682,6681
1,5327,5953,5326
1,6139,6149,6140
1,5931,8239,4759
1,5913,8894,8068
1,7496,8735,7497
1,6388,6551,6389
1,6998,6999,6922
1,6422,6424,6423
1,6835,8214,7444
1,6678,6680,6679
1,8200,8205,8202
1,6997,8458,7068
1,7191,8062,6421
1,6630,8094,6629
1,8223,8562,5970
1,6516,6518,6517
1,8162,8163,7222
1,7216,7219,7218
1,6963,8009,6989
1,7153,8150,8077
1,6209,8337,6206
1,6144,6145,6130
1,7722,8168,7327
1,6676,6678,6677
1,4803,5916,4804
1,7592,7594,7593
1,7219,7221,7220
1,6090,6096,6095
1,4798,5909,4799
1,6076,8403,6070
1,6269,6296,6268
1,6134,6139,6136
1,6125,6134,6126
1,6111,6125,6112
1,6105,6111,6107
1,6099,6105,6104
1,6096,6099,6098
1,5905,8270,4794
1,4805,6427,4806
1,7331,7785,7784
1,6169,6170,6168
1,4807,5928,4808
1,7556,8219,7557
1,6674,6676,6675
1,7566,8074,7213
1,6341,8400,6575
1,8453,8526,7302
1,7064,7147,7133
1,6379,6416,6415
1,7278,8551,5981
1,7032,7112,7033
1,7547,7549,7548
1,8244,8747,7012
1,8422,8594,6488
1,6983,7867,7059
1,7367,7368,7145
1,6586,8325,6589
1,7657,7677,7656
1,7979,8926,7879
1,6353,6379,6378
1,7709,7710,7435
1,4810,5937,4811
1,6672,6674,6673
1,7192,8305,7364
1,6946,8233,6949
1,7369,7435,7368
1,6345,6353,6352
1,6420,6422,6421
1,8270,8328,4795
1,7070,8414,7071
1,4813,5958,4814
1,7117,7427,7426
1,5324,8336,5935
1,6577,6881,6576
1,6065,6069,6066
1,6393,7881,7880
1,7160,7980,7523
1,6075,6081,6076
1,6069,6075,6070
1,7240,7257,7241
1,6575,6576,6574
1,6742,6744,6743
1,7003,8500,7061
1,7552,8259,7553
1,7286,7288,7287
1,7257,7552,7258
1,6666,6668,6667
1,6348,6388,6349
1,7217,7590,7215
1,7658,8322,8321
1,6356,6357,6313
1,6670,6672,6671
1,7387,7388,7386
1,6427,8309,4806
1,6697,8340,6700
1,6167,6168,6166
1,7128,7166,7129
1,7477,7723,7478
1,7198,7850,7775
1,7902,8671,8361
1,8320,8612,7287
1,7295,7547,7546
1,6640,8178,7214
1,8106,8370,7290
1,7212,7213,6902
1,4815,7248,4816
1,6124,8346,6133
1,7045,7077,7076
1,6315,6320,6319
1,8184,8630,7438
1,6305,6315,6314
1,6343,6345,6344
1,737,6884,736
1,7021,7036,7022
1,6539,8338,6404
1,6044,6046,6045
1,6668,6670,6669
1,6050,6056,6052
1,6046,6050,6047
1,6042,6044,6043
1,7077,7102,7101
1,6056,6061,6057
1,6629,8094,6844
1,6358,6359,6357
1,6274,8314,8184
1,7036,7045,7037
1,6350,8695,6380
1,6021,8147,6440
1,6301,6305,6304
1,6038,6042,6040
1,6873,7154,7153
1,6867,6873,6872
1,6122,8376,6646
1,7651,7668,7652
1,6640,6812,6638
1,7192,7364,6812
1,6607,7362,6609
1,8320,9142,8612
1,5922,7804,7803
1,7225,7708,7226
1,7376,8920,8739
1,6442,6448,6447
1,8043,9067,7686
1,7102,7225,7103
1,7156,7286,7285
1,7653,7654,7650
1,6611,6622,6614
1,8798,9106,7441
1,8165,8985,7591
1,8010,8654,8313
1,7685,7687,7642
1,6165,6166,6164
1,6926,8866,8767
1,7348,8751,8627
1,7637,8130,7638
1,6740,6742,6741
1,7655,7656,7644
1,5958,8315,4814
1,7662,8130,7637
1,6360,6381,6359
1,7433,8378,6811
1,6271,6291,6290
1,6265,6271,6270
1,6263,6265,6264
1,8430,8798,6491
1,6754,8306,6753
1,6002,6004,6003
1,7188,8405,7244
1,6299,6301,6300
1,6917,8478,6920
1,6006,6008,6007
1,7794,7795,7235
1,6806,7872,7510
1,7626,7627,7617
1,7578,8348,7554
1,6865,6867,6866
1,6004,6006,6005
1,6662,6664,6663
1,7430,7840,7839
1,6760,6859,6858
1,7624,8433,7623
1,6660,6662,6661
1,6010,6012,6011
1,4793,5905,4794
1,7513,7727,7527
1,8243,8244,7279
1,6008,6010,6009
1,6163,6164,6162
1,6618,8269,6620
1,6449,8870,8395
1,4815,8315,7248
1,6738,6740,6739
1,6758,6760,6759
1,7528,8490,6887
1,7427,7430,7429
1,6036,6038,6037
1,7147,7167,7148
1,7573,8397,7134
1,8207,8359,8208
1,6658,6660,6659
1,6020,6022,6021
1,6014,6016,6015
1,6018,6020,6019
1,6012,6014,6013
1,8283,8426,6521
1,6016,6018,6017
1,7000,8477,6916
1,8344,8345,7112
1,6322,8382,6325
1,6861,6863,6862
1,6261,6263,6262
1,8065,8836,6306
1,6182,8603,6180
1,4814,8315,4815
1,5324,5935,5323
1,4798,8311,5909
1,6032,6034,6033
1,6656,6658,6657
1,6604,6606,6605
1,6244,8308,6243
1,6752,6754,6753
1,6000,6002,6001
1,6253,6255,6254
1,8201,8437,8203
1,6648,8104,6123
1,6254,9120,7739
1,8803,9053,8533
1,7181,7831,7462
1,6257,6259,6258
1,6250,6253,6252
1,8050,8051,8047
1,6161,6162,6160
1,4801,6425,4802
1,6628,6630,6629
1,6248,6250,6249
1,8683,8833,7826
1,6654,6656,6655
1,7588,8679,7372
1,6376,8611,6337
1,6736,6738,6737
1,7668,8323,7652
1,7646,7647,7636
1,6756,6758,6757
1,6652,6654,6653
1,7465,7467,7466
1,7817,8787,6594
1,7566,8333,8074
1,6622,6624,6623
1,6626,6628,6627
1,6650,6652,6651
1,8566,8582,8071
1,6028,6030,6029
1,7175,8182,7178
1,6348,8342,6449
1,6606,6650,6649
1,6131,9230,7757
1,6242,6244,6243
1,6624,6626,6625
1,7222,8165,7218
1,7077,9007,8015
1,6750,6752,6751
1,6870,8933,7538
1,8401,8785,7889
1,7469,8728,8257
1,6400,7938,7937
1,6024,6026,6025
1,6295,7273,6287
1,7337,8369,7339
1,5998,6000,5999
1,6246,6248,6247
1,7920,8060,7143
1,8227,8483,5969
1,7486,8482,7092
1,7467,7469,7468
1,7610,8535,8366
1,8260,8768,7934
1,6734,6736,6735
1,7640,7651,7632
1,768,8417,5919
1,7111,8414,7073
1,6404,6510,6402
1,8122,8817,8119
1,6240,6242,6241
1,6585,7317,6587
1,4797,8311,4798
1,7149,8821,5333
1,7112,8371,7033
1,7041,9164,8302
1,7339,7477,7471
1,6592,6796,6647
1,5325,8336,5324
1,6218,8183,6583
1,6219,8183,6218
1,4796,6426,4797
1,6083,8393,6090
1,6351,6365,6318
1,6577,8423,6881
1,7086,7163,7121
1,7146,7827,6565
1,6159,6160,6158
1,6732,6734,6733
1,5988,5990,5989
1,6155,6156,6154
1,7967,7970,7969
1,5990,5992,5991
1,7861,9214,8731
1,8285,8698,8284
1,8261,8262,6407
1,5996,5998,5997
1,7961,8356,7956
1,7865,8749,6217
1,6593,7223,6875
1,6621,8667,6617
1,7670,7676,7665
1,6227,6229,6228
1,6236,6238,6237
1,6595,7360,6597
1,7309,7561,7310
1,7444,8214,8172
1,7405,7442,7404
1,8357,8782,7716
1,7994,8411,7194
1,6225,6227,6226
1,5992,5994,5993
1,7204,7205,7202
1,6157,6158,6156
1,6062,8394,6065
1,7615,7658,7613
1,6407,8417,767
1,6730,6732,6731
1,5994,5996,5995
1,8848,9204,9157
1,7983,8378,7433
1,6232,6234,6233
1,7637,7638,7627
1,7657,7678,7677
1,7484,8468,7057
1,7272,8405,7190
1,7314,7833,7177
1,6459,8247,6373
1,7488,7874,7345
1,8147,8327,6440
1,7187,8403,6084
1,7625,7632,7621
1,7670,8875,7849
1,7914,7918,6831
1,6728,6730,6729
1,7756,7852,7233
1,6578,8400,7326
1,7714,8357,7716
1,7413,7414,7412
1,6767,8678,6555
1,6223,6225,6224
1,7884,8970,7882
1,8280,8281,5918
1,6377,8547,6512
1,8336,8940,5935
1,7289,8362,7949
1,6726,6728,6727
1,6366,6401,6365
1,7960,8841,7961
1,5986,5988,5987
1,6543,6835,6544
1,6724,6726,6725
1,7403,7404,7402
1,8628,8708,7447
1,6327,8645,8624
1,8082,8859,7561
1,6835,7443,6836
1,6541,6562,6540
1,7631,7635,7634
1,7334,8368,7335
1,6722,6724,6723
1,6714,6716,6715
1,6399,8578,6168
1,8286,8409,6436
1,4795,8328,4796
1,8325,8355,7223
1,7401,7402,7399
1,6720,6722,6721
1,6718,6720,6719
1,7652,8619,8277
1,5979,7278,5981
1,7224,8986,7813
1,7950,8107,8106
1,8301,8302,8285
1,7532,7533,7531
1,7191,8435,8062
1,7196,8411,7482
1,6778,6787,6786
1,6380,8830,7855
1,6442,8327,6448
1,6788,7925,7923
1,7090,8549,7169
1,8311,8312,5909
1,7945,9145,8188
1,6307,6326,6308
1,8136,8138,8137
1,6325,8382,6455
1,6716,6718,6717
1,8300,8443,6316
1,5983,5986,5985
1,7997,8001,8000
1,6285,6307,6286
1,6427,8905,7816
1,6549,6581,6580
1,7986,7990,7989
1,6511,6540,6510
1,6221,6223,6222
1,7632,8277,7621
1,7816,9047,6427
1,6212,6214,6213
1,6210,6212,6211
1,6426,8311,4797
1,7164,7730,7729
1,6634,6636,6635
1,6216,6219,6218
1,6214,6216,6215
1,6395,6558,6535
1,7335,8368,7340
1,7352,7353,7243
1,7970,7972,7971
1,7360,7789,7576
1,6283,6285,6284
1,6431,8904,8117
1,6053,8225,6005
1,7300,8375,7545
1,7717,7768,7718
1,6541,8335,6562
1,4758,5931,4759
1,6634,8370,6636
1,7313,8454,7091
1,6204,6206,6205
1,7972,7976,7973
1,6618,6620,6619
1,8245,8689,7548
1,7032,8344,7112
1,7145,8423,6579
1,6217,8745,7865
1,6581,6710,6709
1,6636,6776,6775
1,7206,7344,7205
1,6208,6210,6209
1,7696,7697,7535
1,6857,7334,7333
1,7534,7535,7533
1,7116,8199,7062
1,6201,6204,6203
1,7688,8024,7672
1,7809,7811,7810
1,6441,8252,6113
1,6710,6712,6711
1,6599,8575,8059
1,6199,6201,6200
1,6197,6199,6198
1,6195,6197,6196
1,7335,7340,7337
1,6789,8471,6790
1,6810,7201,6809
1,7593,8673,8283
1,7642,8433,7633
1,7625,7640,7632
1,6702,6809,6701
1,6193,6195,6194
1,7773,8636,7485
1,6841,7158,7157
1,6620,6632,6631
1,6206,8337,6205
1,7386,8435,7195
1,6440,8327,6442
1,7072,8458,7160
1,7357,8588,8548
1,7383,8414,7111
1,6128,6283,6282
1,757,8274,758
1,755,8276,756
1,6338,6348,6347
1,6986,6995,6988
1,6556,8834,6767
1,6191,6193,6192
1,6332,8399,6334
1,7339,8369,7477
1,7894,7895,7892
1,6090,8393,6461
1,5975,6152,5977
1,6659,8538,6657
1,7948,8714,7352
1,6984,6986,6985
1,6306,8720,6224
1,6296,6385,6384
1,6931,8497,6930
1,6189,6191,6190
1,7454,8948,7731
1,6330,6339,6332
1,4796,8328,6426
1,7571,8405,7272
1,7245,8354,7694
1,6696,6697,6695
1,6990,8258,6969
1,6700,6701,6699
1,6779,7496,7184
1,7426,8642,7425
1,6783,7185,6782
1,6533,6770,6769
1,6187,6189,6188
1,8215,9179,8172
1,7062,7097,7096
1,7256,7713,7452
1,6183,6185,6184
1,6588,8569,8041
1,8073,9083,7551
1,6185,6187,6186
1,8006,8815,8004
1,772,8293,773
1,7494,8684,8363
1,7326,8400,7736
1,8053,8538,8324
1,6435,8126,8125
1,7575,9151,8327
1,8040,8403,7187
1,6385,6533,6532
1,6843,6891,6746
1,6334,7229,6336
1,6065,8394,6462
1,7619,7625,7621
1,6319,8626,6314
1,7777,9005,7526
1,8185,8829,6438
1,6366,8367,6403
1,7820,7821,7263
1,7011,7086,7085
1,8132,9002,7559
1,8333,8334,8074
1,742,8296,743
1,8263,8417,6407
1,7373,7407,7383
1,7364,7569,7391
1,6865,8349,6867
1,7051,8228,7056
1,9082,9123,7713
1,6939,8339,6942
1,6181,6183,6182
1,4749,7702,5951
1,7867,8521,7059
1,7529,8670,6766
1,6455,6459,6373
1,6696,8340,6697
1,7341,7476,7185
1,6694,6695,6693
1,8383,8453,6292
1,6100,6815,6572
1,763,8722,764
1,6449,8395,6388
1,4662,9225,8577
1,6974,6976,6975
1,4756,6433,4757
1,740,8297,741
1,7838,9116,5938
1,5335,8469,5336
1,7585,9042,8271
1,6453,6638,6454
1,6976,6979,6978
1,7482,8411,8098
1,7629,7655,7644
1,6639,9169,7727
1,8345,8818,8262
1,7401,8704,7403
1,6692,6693,6691
1,6526,6528,6527
1,6524,6526,6525
1,6542,6846,6552
1,7655,7657,7656
1,8464,8676,7407
1,6515,6516,6424
1,6846,7528,6887
1,6528,6530,6529
1,6530,6542,6531
1,6964,6966,6965
1,7120,7445,7114
1,7025,7081,7080
1,6179,6181,6180
1,7078,7114,7055
1,6979,6982,6981
1,7973,8498,7971
1,7680,7683,7681
1,6466,7472,6321
1,6381,6453,6383
1,6460,6641,6459
1,6819,8370,6634
1,4761,5949,4762
1,6510,8470,6402
1,6642,7199,6641
1,7550,9126,8075
1,6968,6971,6970
1,7773,8936,5340
1,6960,6962,6961
1,6417,6418,6416
1,8073,9006,6160
1,6690,6691,6689
1,8084,9078,8083
1,7896,7897,7895
1,6177,6179,6178
1,6708,7256,7255
1,7054,7055,7053
1,7351,7398,7350
1,6966,6968,6967
1,8123,8789,5915
1,7052,7053,7051
1,7731,7772,7446
1,7370,8423,7145
1,6666,6667,6664
1,5316,6519,5315
1,7855,8697,7176
1,6419,6420,6418
1,8177,8893,8669
1,7318,7592,7142
1,4791,6428,4792
1,7834,8762,6151
1,7081,7083,7082
1,7294,7295,7288
1,6949,6951,6950
1,6175,6177,6176
1,9119,9141,7589
1,7822,8684,7244
1,7373,8679,7719
1,6881,7245,7230
1,6688,6689,6687
1,6946,6949,6948
1,6779,8511,7496
1,7501,7703,7410
1,6686,6687,6685
1,4754,7200,4755
1,6173,6175,6174
1,6892,7350,6891
1,8242,8726,7542
1,7178,8182,7560
1,6956,6958,6957
1,6920,6922,6921
1,6470,8383,6292
1,6171,6173,6172
1,7732,9231,8355
1,7563,7564,7166
1,7117,8500,7427
1,6953,6956,6955
1,6951,6953,6952
1,6684,6685,6683
1,8217,8354,7245
1,6093,8376,6102
1,8204,8437,8201
1,6342,6343,6320
1,6944,6946,6945
1,6914,7361,6915
1,8036,8972,7864
1,6936,6938,6937
1,7155,7156,7154
1,6082,7537,6081
1,7762,9209,7251
1,7654,7671,7667
1,7046,7047,7029
1,7635,7646,7636
1,7245,7694,7342
1,6942,6944,6943
1,7193,7575,7574
1,7693,8454,7313
1,6469,7291,6471
1,6543,6544,6456
1,7384,7586,7511
1,6473,6524,6476
1,8026,8435,7386
1,7608,8366,7611
1,7138,7380,7139
1,7465,7466,7268
1,7981,7982,7980
1,6604,6605,6601
1,6682,6683,6681
1,4952,6481,4951
1,6524,8396,6828
1,6169,6171,6170
1,6041,8964,8775
1,6482,7347,6061
1,7448,7599,7436
1,6794,7179,6871
1,4940,5913,4939
1,6811,8378,6627
1,4932,5939,4931
1,6838,7379,6800
1,6864,6865,6863
1,8091,8408,6665
1,4935,5908,4934
1,6298,6299,6291
1,7009,7032,7008
1,7472,8382,6321
1,6680,6681,6679
1,7065,7474,7066
1,7558,9075,8149
1,7007,7008,7006
1,4947,6486,4946
1,8007,8050,8047
1,6900,6902,6901
1,6388,6389,6349
1,7028,7029,7019
1,4949,5932,4948
1,7141,7142,6566
1,7492,8854,8736
1,4945,5921,4944
1,6678,6679,6677
1,7044,7128,7038
1,6860,6861,6859
1,4929,5903,4928
1,8015,9155,7077
1,7001,7038,7000
1,7647,7653,7650
1,6592,6647,6590
1,7064,8521,7147
1,7353,7532,7531
1,7118,7410,6898
1,7174,7855,7176
1,8136,8137,6889
1,7160,8458,7981
1,6792,6793,6791
1,6676,6677,6675
1,7033,9136,7743
1,6925,6928,6927
1,5953,8608,5326
1,7691,8433,7642
1,6260,6261,6259
1,6911,6914,6913
1,7018,7019,7017
1,6674,6675,6673
1,6917,6920,6919
1,8240,8373,6368
1,7063,8397,7023
1,7087,7486,7092
1,6372,6706,6387
1,7687,8236,7691
1,7221,7352,7243
1,5971,6432,5973
1,7475,8961,8594
1,6907,6910,6909
1,6672,6673,6671
1,6785,7246,6855
1,7100,7161,7058
1,7237,7484,7057
1,7392,7393,7158
1,6755,6756,6754
1,7506,7508,6830
1,7186,8175,8174
1,7334,7335,7333
1,7094,7384,7171
1,6277,8659,6150
1,6822,7457,7162
1,7364,7391,6812
1,6939,6942,6941
1,6321,8382,6322
1,6522,7138,6645
1,6256,6257,6255
1,6749,6750,6630
1,6670,6671,6669
1,7182,8332,7871
1,6805,6806,6546
1,6744,6745,6743
1,7804,7808,7805
1,6903,6906,6905
1,7089,7505,7106
1,6167,6169,6168
1,5935,8572,5323
1,7005,7006,6934
1,6933,6936,6935
1,6668,6669,6667
1,7039,7150,7034
1,6887,8490,7193
1,6035,6036,6034
1,6824,6825,6559
1,7961,8839,8794
1,4763,8365,4764
1,7172,7436,7095
1,6841,7157,6770
1,7002,7515,7075
1,6790,8471,6794
1,5344,8552,5345
1,6897,6900,6899
1,6474,8383,6470
1,767,8417,768
1,7584,7585,7499
1,7950,8106,7290
1,6918,7000,6916
1,8293,8701,773
1,5317,8377,5316
1,6031,6032,6030
1,7093,7260,7088
1,6929,6932,6931
1,6295,8524,7273
1,6835,6836,6544
1,8250,8572,8249
1,7493,7494,6851
1,6245,6246,6244
1,7842,8862,7721
1,6142,6155,6154
1,7539,9184,7481
1,8925,9015,6501
1,6478,8515,8226
1,7190,8405,7188
1,6452,8707,8003
1,4764,5955,4765
1,6839,6896,6895
1,7015,7065,7020
1,6122,6646,6124
1,6790,6791,6569
1,6296,6384,6268
1,6165,6167,6166
1,736,8291,735
1,7280,8475,6439
1,7262,7836,7261
1,8778,8809,6833
1,7537,8393,6081
1,8163,8165,7222
1,8076,8687,7316
1,6575,8400,6578
1,7790,7791,7323
1,7194,8411,7196
1,7035,7151,7040
1,6660,6661,6659
1,7648,7675,7674
1,6662,6663,6661
1,6084,8403,6076
1,6778,6786,6776
1,6334,8399,7229
1,6618,6619,6616
1,7016,7017,7014
1,6658,6659,6657
1,7073,8414,7070
1,6081,8393,6083
1,6634,6635,6632
1,7092,8482,7094
1,7282,8686,8442
1,7615,8527,7658
1,7509,9011,8063
1,7604,9222,7690
1,6307,6308,6286
1,6239,6240,6238
1,6326,6327,6308
1,7300,7545,7131
1,4942,6485,4941
1,7467,7468,7466
1,6545,6546,6475
1,6606,6649,6605
1,5328,8564,5327
1,7042,7079,7060
1,6656,6657,6655
1,6512,8547,6822
1,6027,6028,6026
1,6654,6655,6653
1,7123,7799,7456
1,7779,7983,7433
1,6650,6651,6649
1,6652,6653,6651
1,6472,6474,6470
1,7477,7478,7471
1,7727,9208,6639
1,7627,8527,7617
1,7282,8442,7331
1,7717,7718,7715
1,7660,7661,7640
1,7889,8810,7409
1,7876,8666,6267
1,6023,6024,6022
1,6061,8394,6062
1,6163,6165,6164
1,6235,6236,6234
1,4850,5941,4849
1,6613,8559,8253
1,6549,6580,6446
1,4938,6484,4937
1,4852,6489,4851
1,7633,8433,7624
1,7570,9219,8449
1,6579,8423,6577
1,4844,5942,4843
1,5332,8821,6536
1,7347,8394,6061
1,5979,8353,7278
1,7498,7499,6888
1,4856,6487,4855
1,4858,5923,4857
1,6147,7293,6145
1,6116,6772,6114
1,8138,8139,8137
1,6285,6286,6284
1,8158,9020,5914
1,6128,6282,6118
1,4838,5943,4837
1,6768,6847,6560
1,6231,6232,6229
1,6714,6715,6712
1,6934,8497,6931
1,6742,6743,6741
1,7631,8525,7635
1,4847,5898,4846
1,5937,8620,4811
1,4854,5894,4853
1,4841,5906,4840
1,5321,5950,5320
1,4860,6488,4859
1,7309,7310,7105
1,4823,5944,4822
1,8889,8945,8186
1,4820,5959,4819
1,7532,7534,7533
1,6444,8252,6441
1,6796,7170,6647
1,6130,8391,6121
1,4833,6490,4832
1,6764,6783,6782
1,4828,6491,4827
1,7195,8435,7191
1,6381,6383,6359
1,4826,5927,4825
1,6161,6163,6162
1,7589,8375,7300
1,7613,8321,7609
1,6103,8380,6094
1,4835,5910,4834
1,4830,5917,4829
1,6209,8392,8337
1,6638,6639,6454
1,4926,5940,4925
1,7957,8225,6053
1,5336,8469,6567
1,738,8037,737
1,7453,7573,7134
1,6512,6560,6451
1,4862,5892,4861
1,8612,9142,5898
1,7769,7770,7210
1,6086,8597,6085
1,6152,8353,5977
1,8262,8818,8263
1,7630,8525,7631
1,7332,7455,6856
1,6474,8384,8383
1,7363,7529,6766
1,7109,7261,7107
1,4864,6492,4863
1,6646,8346,6124
1,8548,8588,6878
1,7534,7696,7535
1,4953,8386,4952
1,6365,8524,6318
1,6740,6741,6739
1,7249,8538,6659
1,6547,8470,6510
1,8072,9038,7483
1,6848,8786,8222
1,6385,6532,6384
1,6479,7280,6439
1,6325,6455,6373
1,4948,8388,4947
1,4946,8389,4945
1,7365,8232,7163
1,4866,5922,4865
1,8270,9064,8328
1,7543,7571,7272
1,6522,8583,7138
1,6920,8478,6998
1,7090,7169,6977
1,7326,7736,7720
1,6516,6557,6518
1,7482,8098,7695
1,6283,6284,6282
1,8707,9148,7777
1,6411,8274,757
1,7428,8199,7116
1,8262,8849,8345
1,7441,8791,7367
1,6159,6161,6160
1,5912,8276,755
1,6787,7140,6786
1,6533,6769,6532
1,7319,7597,7346
1,7199,7820,7263
1,6641,8639,6459
1,6738,6739,6737
1,4951,8385,4950
1,7244,8040,7187
1,7091,8454,7050
1,5318,5954,5317
1,8577,8959,4662
1,6422,6515,6424
1,6401,7276,6498
1,7403,8508,7405
1,4868,6496,4867
1,8247,8554,6554
1,7027,8268,6995
1,5977,8353,5979
1,7547,7550,7549
1,8227,9135,8483
1,6309,6466,6321
1,7212,8503,7566
1,8273,8523,8272
1,6149,6276,6275
1,8546,9053,8125
1,4790,8351,4791
1,5325,8608,8336
1,7368,7370,7145
1,7373,7383,7111
1,6453,6454,6383
1,6300,8886,6291
1,8210,8211,8209
1,7122,7565,7030
1,7068,8458,7072
1,6636,6775,6635
1,7625,7660,7640
1,8107,8868,8169
1,7427,8500,7692
1,6357,8413,8314
1,6379,6417,6416
1,6620,6631,6619
1,8112,8776,6356
1,6736,6737,6735
1,6220,6221,6219
1,6090,6461,6096
1,6348,6349,6347
1,7025,7080,6999
1,7388,8026,7386
1,7286,7294,7288
1,4874,5925,4873
1,6099,6106,6105
1,4872,6495,4871
1,6125,6135,6134
1,7363,8973,7835
1,8730,9177,7963
1,4939,8415,4938
1,6881,7230,6576
1,7062,7096,7004
1,6994,8258,6990
1,7013,8516,8242
1,6343,6361,6345
1,4931,8387,4930
1,7150,8344,7034
1,7137,7275,7083
1,4950,8485,4949
1,6734,6735,6733
1,6157,6159,6158
1,4876,6494,4875
1,8271,9042,8108
1,4870,5893,4869
1,7710,8871,7435
1,7071,7253,7069
1,6073,8428,6068
1,7679,7680,7678
1,6873,7155,7154
1,6848,8630,8413
1,7496,7497,7184
1,6065,6462,6069
1,7638,7665,7639
1,7087,8545,7486
1,6732,6733,6731
1,6155,6157,6156
1,4882,5924,4881
1,7056,8228,7374
1,6075,6082,6081
1,4880,6497,4879
1,6207,6208,6206
1,6315,6342,6320
1,6358,8776,6406
1,7035,8584,7151
1,5934,8293,772
1,6730,6731,6729
1,6891,8548,6746
1,4788,8381,4789
1,6071,9137,7183
1,6716,6717,6715
1,6581,6709,6580
1,7107,8549,7090
1,7561,7562,7310
1,6301,6463,6305
1,6720,6721,6719
1,4884,6500,4883
1,7635,8525,7648
1,6718,6719,6717
1,7257,7793,7552
1,6893,7284,6279
1,4878,5895,4877
1,6728,6729,6727
1,8988,9035,5928
1,6726,6727,6725
1,4924,6506,4923
1,7276,7319,7277
1,6602,8657,8615
1,6783,7341,7185
1,6724,6725,6723
1,6056,6482,6061
1,4819,8425,4818
1,6490,8900,7711
1,6722,6723,6721
1,8413,8630,8314
1,7034,8344,7032
1,7276,8379,7319
1,6861,6864,6863
1,6100,6572,6091
1,6710,6711,6709
1,6377,6451,6376
1,4888,6501,4887
1,4890,5926,4889
1,6046,6051,6050
1,6558,6559,6535
1,8241,8477,7000
1,6760,6860,6859
1,7128,7563,7166
1,7067,8339,6938
1,7687,7691,7642
1,7611,8366,7629
1,5316,8377,6519
1,6042,6465,6044
1,8698,8893,8177
1,6263,7302,6265
1,6271,6298,6291
1,7284,8492,6279
1,6267,8566,8238
1,4886,5896,4885
1,8262,8263,6407
1,7147,8521,7582
1,4892,6499,4891
1,7616,8404,7619
1,7648,7673,7646
1,7049,7052,7051
1,4851,8416,4850
1,6752,6755,6754
1,6434,8296,742
1,6984,6985,6982
1,6806,7873,7872
1,7834,8659,8563
1,4853,8420,4852
1,7904,7905,7903
1,7804,7805,7803
1,6036,6039,6038
1,4855,8419,4854
1,6257,6260,6259
1,6574,8563,8294
1,4859,8421,4858
1,6812,8374,6638
1,774,8701,5964
1,7324,7572,6868
1,6638,8374,6639
1,7256,7452,7255
1,6974,6975,6971
1,8247,8639,8554
1,6455,6460,6459
1,7399,8295,7398
1,6085,7264,6079
1,7355,8349,6865
1,7225,8436,7708
1,4897,5945,4896
1,4848,8418,4847
1,6628,6749,6630
1,4822,8424,4821
1,6960,6961,6958
1,6515,8358,6516
1,4827,8427,4826
1,4789,5920,4790
1,7753,8847,7747
1,6964,6965,6962
1,7160,7981,7980
1,6331,7320,6329
1,4829,8430,4828
1,4894,5897,4893
1,6624,7303,6626
1,5320,8529,5319
1,8750,8869,7871
1,4861,8422,4860
1,7568,7693,7313
1,5975,8360,6152
1,7674,7800,7673
1,7917,8876,7916
1,6253,6256,6255
1,8563,8659,8294
1,7648,7674,7673
1,8607,9184,7539
1,6417,6419,6418
1,4899,6503,4898
1,6526,6527,6525
1,6460,6642,6641
1,6419,6521,6420
1,6528,6529,6527
1,6402,8470,6401
1,4863,8434,4862
1,7294,7524,7295
1,7420,7422,6230
1,6542,6552,6531
1,6530,6531,6529
1,6846,6887,6552
1,7208,8297,740
1,6466,7489,7472
1,6246,6251,6248
1,8279,8579,7240
1,6603,8615,8555
1,6524,6525,6476
1,4904,5946,4903
1,7061,8500,7117
1,7141,7318,7142
1,7245,7342,7230
1,7694,8027,7342
1,6242,6245,6244
1,7369,8791,7848
1,7629,8366,7655
1,7120,7446,7445
1,4906,6502,4905
1,7155,7296,7156
1,6922,6923,6921
1,4901,5899,4900
1,6368,8373,6372
1,7657,7679,7678
1,5973,8360,5975
1,7081,7082,7080
1,7163,8232,7164
1,4911,5947,4910
1,6697,6699,6698
1,7538,8933,8379
1,6896,8882,8307
1,7380,7741,7139
1,8667,8981,6797
1,4913,6504,4912
1,4918,5948,4917
1,5940,9152,8033
1,4769,6537,4770
1,7379,8476,6800
1,6603,8555,8254
1,6914,6915,6913
1,7118,7501,7410
1,7422,8518,6230
1,6794,8471,7179
1,4920,6505,4919
1,7635,7648,7646
1,6032,6035,6034
1,7798,8969,7395
1,6718,8852,6832
1,6129,8664,6143
1,6864,7355,6865
1,7410,8489,6898
1,6920,6921,6919
1,7138,7139,6645
1,6082,7829,7537
1,7617,8527,7615
1,7499,8580,6888
1,7274,9172,9013
1,7375,8653,7801
1,4908,5900,4907
1,8037,8038,6884
1,7169,8610,6977
1,7078,7120,7114
1,6454,6848,6383
1,7163,7164,7121
1,6910,6911,6909
1,6028,6031,6030
1,7683,9194,7681
1,6902,6903,6901
1,7054,7078,7055
1,7102,7227,7225
1,6236,6239,6238
1,5899,8975,8347
1,4915,5901,4914
1,7097,7381,7096
1,7002,8522,7515
1,8097,8827,6826
1,6906,6907,6905
1,7700,8536,7701
1,4922,5902,4921
1,6642,8476,7199
1,7036,7115,7045
1,6298,6316,6299
1,6494,8609,8169
1,7059,8521,7064
1,9064,9198,8328
1,8324,8538,7249
1,4875,8446,4874
1,4871,8448,4870
1,6516,8358,6557
1,7690,9222,7659
1,7001,7044,7038
1,6755,7131,6756
1,6482,7394,7347
1,6223,6480,6225
1,6232,6235,6234
1,6900,6901,6899
1,7384,7511,7171
1,7338,7408,7336
1,7493,7828,7494
1,7391,8374,6812
1,7193,8490,7575
1,7586,7743,7511
1,6227,6231,6229
1,6857,7333,7332
1,7052,7054,7053
1,6790,6792,6791
1,8428,8601,6437
1,7009,7034,7032
1,6260,6292,6261
1,7172,7448,7436
1,6918,7001,7000
1,4809,8649,4810
1,8203,8764,6771
1,6469,8506,7291
1,7094,8482,7384
1,7007,7009,7008
1,4881,8450,4880
1,6020,6023,6022
1,6012,6041,6014
1,6016,6468,6018
1,6749,6823,6750
1,6896,6897,6895
1,4883,8451,4882
1,6432,8360,5973
1,8346,8593,6133
1,6456,8514,6374
1,4879,8455,4878
1,7089,8513,7505
1,7900,7904,7903
1,6818,7437,7329
1,6938,6939,6937
1,6024,6027,6026
1,7083,8494,7082
1,4952,8386,6481
1,6498,8524,6365
1,7481,8835,7385
1,7046,7057,7047
1,7005,7007,7006
1,7427,7692,7430
1,6534,8543,6394
1,7811,9060,7832
1,5346,8655,5347
1,6928,6929,6927
1,7576,8939,8152
1,6949,6950,6948
1,6318,8524,6295
1,6786,8517,6776
1,7555,8855,7578
1,4787,6450,4788
1,6540,6547,6510
1,6946,6948,6945
1,7086,7121,7085
1,6472,8488,6474
1,4889,8460,4888
1,6635,8512,6632
1,4885,8466,4884
1,7849,8987,7200
1,6545,6805,6546
1,6936,6937,6935
1,7237,7485,7484
1,6836,6857,6856
1,6474,8398,8384
1,4947,8388,6486
1,4887,8459,4886
1,6944,6945,6943
1,6951,6952,6950
1,4891,8461,4890
1,6995,8268,7011
1,6486,8389,4946
1,6401,8470,7276
1,6942,6943,6941
1,5932,8388,4948
1,8624,8645,7455
1,6532,6571,6384
1,7660,8248,7661
1,6401,6498,6365
1,4945,8389,5921
1,6216,6220,6219
1,6008,6477,6010
1,6481,8385,4951
1,7028,7046,7029
1,7335,7337,7336
1,7858,8731,7859
1,6956,6957,6955
1,6544,8514,6456
1,6346,6376,6337
1,8003,8779,6452
1,6953,6955,6952
1,6932,6933,6931
1,7788,9036,5912
1,8561,8616,6923
1,7798,9154,7264
1,7044,8505,7128
1,6966,6967,6965
1,7576,9037,8939
1,8037,8715,8038
1,7498,7584,7499
1,6836,6856,6544
1,6968,6970,6967
1,6822,8547,7457
1,6268,8520,6147
1,4893,8467,4892
1,7619,8404,7625
1,6995,7011,6988
1,6145,8391,6130
1,8890,9166,7851
1,6359,8413,6357
1,6976,6978,6975
1,6000,6467,6002
1,7510,9023,8398
1,7018,7028,7019
1,7895,8578,7892
1,6101,8881,8519
1,6004,6074,6006
1,6815,6850,6572
1,7658,8321,7613
1,7147,7582,7167
1,4898,8474,4897
1,7006,8497,6934
1,6330,8624,6339
1,8292,8621,7219
1,6114,8380,6103
1,6372,8373,6706
1,8460,8925,6501
1,7534,7698,7696
1,8427,9173,8862
1,6805,8510,6806
1,6979,6981,6978
1,7639,8527,7627
1,6118,8401,6116
1,7331,8442,7785
1,7805,7806,7803
1,7922,8793,7931
1,4923,8456,4922
1,6239,6439,6240
1,5913,8415,4939
1,7065,7066,7020
1,6210,6464,6212
1,7016,7018,7017
1,8179,8948,8180
1,4949,8485,5932
1,5939,8387,4931
1,6064,8872,6071
1,7497,8735,8265
1,6860,8501,6861
1,6986,6988,6985
1,5986,6483,5988
1,4905,8479,4904
1,6546,8488,6475
1,6938,8339,6939
1,6837,8852,6716
1,8389,8706,7812
1,7973,8499,8498
1,6755,7299,7131
1,6864,7356,7355
1,7414,7416,7415
1,6749,7152,6823
1,5345,8552,5911
1,7335,7336,7333
1,6335,6538,6333
1,4767,6367,4768
1,7589,9141,8375
1,6199,6493,6201
1,7260,8505,7088
1,7155,7449,7296
1,4768,8390,4769
1,6204,6207,6206
1,8554,8639,7941
1,4907,8480,4906
1,7387,8835,7774
1,7342,7834,7230
1,5990,6127,5992
1,6256,8506,6257
1,6958,8516,6957
1,8387,9187,7771
1,6748,8567,7967
1,5954,8377,5317
1,5996,6101,5998
1,7671,7688,7672
1,4914,8481,4913
1,6234,8724,6233
1,6260,6469,6292
1,6298,6568,6316
1,6419,6522,6521
1,7741,7742,7139
1,4921,8486,4920
1,6220,6779,6279
1,6632,8512,6631
1,6631,7292,6816
1,6286,6507,6284
1,7140,7764,7382
1,6818,8540,7437
1,6193,6202,6195
1,7262,7845,7836
1,6420,8426,6422
1,7141,7733,7318
1,6790,6794,6792
1,6776,8517,6775
1,6847,7461,7460
1,4785,5933,4786
1,7199,8476,7820
1,6082,7830,7829
1,7295,8431,7547
1,6775,7366,6883
1,7638,7639,7627
1,6783,7941,7341
1,7344,7516,7205
1,8208,8983,8206
1,4782,5936,4783
1,6466,7490,7489
1,7747,7749,7748
1,6903,6904,6901
1,5981,8551,5983
1,6962,8364,6961
1,7152,7739,7459
1,6220,6279,6221
1,6460,6780,6642
1,6971,8513,6970
1,6907,6908,6905
1,8349,8445,6867
1,6545,7304,6805
1,7292,7726,7406
1,6767,8834,8652
1,6861,8501,6864
1,7299,7517,7300
1,7356,8495,7500
1,6235,8515,6236
1,6897,6898,6895
1,4786,8402,4787
1,7333,8429,7332
1,7733,7837,7318
1,6522,6566,6521
1,6327,6330,6329
1,6915,6916,6913
1,6384,8520,6268
1,6911,6912,6909
1,6631,6816,6619
1,7442,7579,7404
1,7515,8533,7075
1,7970,8113,7972
1,6521,8426,6420
1,7001,7087,7044
1,5323,8572,5322
1,7118,7502,7501
1,6923,6924,6921
1,7109,7262,7261
1,6330,6332,6331
1,6353,8439,6379
1,6857,7332,6856
1,7356,7500,7355
1,6239,6478,6439
1,6809,6882,6701
1,8596,8704,6370
1,6554,8554,6764
1,6775,6883,6635
1,6327,6329,6308
1,6568,6789,6569
1,4766,8932,8857
1,6096,8440,6099
1,6780,6800,6642
1,6645,7141,6566
1,7082,7439,7080
1,7275,8494,7083
1,5327,8564,5953
1,6527,6561,6525
1,7293,8391,6145
1,7524,8431,7295
1,8384,8526,8383
1,6207,7325,6230
1,7416,7745,7744
1,6027,8550,6028
1,7299,7300,7131
1,6469,6471,6470
1,7487,8946,7771
1,6147,8520,7293
1,6522,6645,6566
1,7165,7504,6707
1,6275,8557,6309
1,6697,6698,6695
1,6531,6643,6529
1,6867,8445,6873
1,8385,8485,4950
1,7319,7346,7277
1,6779,7184,6893
1,6576,8563,6574
1,7805,7807,7806
1,6568,6569,6316
1,7172,7558,7448
1,5950,8529,5320
1,6616,8559,6613
1,7140,7382,6786
1,6911,6913,6912
1,6767,8871,8678
1,6257,8506,6260
1,6794,6871,6851
1,7152,7459,6823
1,6907,6909,6908
1,6915,6917,6916
1,7502,7503,7501
1,7478,7480,7479
1,6427,9047,8309
1,6745,6878,6877
1,6923,6925,6924
1,6772,8380,6114
1,8034,8934,6437
1,7998,8888,7999
1,7337,7339,7338
1,6887,6888,6552
1,6871,7495,7493
1,6801,6838,6800
1,7517,7589,7300
1,4764,8365,5955
1,7840,8912,8550
1,6299,8443,6301
1,6903,6905,6904
1,6305,8449,6315
1,6471,6473,6472
1,6794,6851,6792
1,6839,6894,6838
1,7170,7396,6647
1,6818,7328,6698
1,6079,8428,6073
1,7276,7277,6498
1,6413,8872,6066
1,6069,8447,6075
1,6383,8413,6359
1,7767,8600,7388
1,6187,6266,6189
1,6899,7118,6898
1,4938,8415,6484
1,6895,8489,6894
1,7009,7035,7034
1,7304,7306,7305
1,6887,7193,6888
1,6473,6476,6475
1,6469,6470,6292
1,6789,6790,6569
1,6478,6708,6479
1,6474,8488,8398
1,6708,7255,6766
1,6897,6899,6898
1,6605,8575,6601
1,6925,8616,6928
1,4791,8351,6428
1,7536,7788,7503
1,6982,8522,6981
1,737,8037,6884
1,6917,6919,6918
1,6780,6801,6800
1,6647,8569,6590
1,6922,8561,6923
1,7648,8525,7675
1,7082,7440,7439
1,7183,9178,8231
1,7087,7088,7044
1,6590,8569,6588
1,6909,8487,6908
1,7005,7315,7007
1,6746,8548,6745
1,6905,8491,6904
1,6332,6334,6333
1,6871,7493,6851
1,6925,6927,6926
1,7502,7536,7503
1,6693,6774,6691
1,6999,8561,6922
1,6207,6230,6208
1,6801,6839,6838
1,6917,6918,6916
1,6261,8453,6263
1,7325,7421,7420
1,7339,7471,7470
1,7087,7092,7088
1,8170,8884,5909
1,7318,8473,7592
1,7193,7574,7498
1,7491,7492,6877
1,7317,8753,7765
1,6570,6707,6534
1,6839,6895,6894
1,7304,7305,6805
1,6050,8457,6056
1,8033,8740,5940
1,7210,8406,6815
1,6939,6940,6937
1,6925,6926,6924
1,6471,6472,6470
1,7558,8149,7448
1,7128,8505,7563
1,6265,8465,6271
1,6750,8462,6752
1,7292,7406,6816
1,7357,8548,6891
1,7346,7458,7277
1,8153,8741,8657
1,6649,6890,6605
1,5931,8504,8239
1,7329,7509,7328
1,7420,7587,7422
1,6473,6475,6472
1,4781,8438,4782
1,6116,8401,6772
1,7455,8514,6856
1,6038,8463,6042
1,6601,8575,6599
1,7092,7093,7088
1,7105,8412,7027
1,6476,6545,6475
1,6087,9111,8189
1,7306,8432,7305
1,7892,8578,6399
1,6929,6930,6927
1,6437,9084,8034
1,6933,6934,6931
1,7092,7094,7093
1,6177,6508,6179
1,6655,6876,6653
1,6945,6947,6943
1,7171,7172,7095
1,6181,6217,6183
1,6707,8543,6534
1,7261,8549,7107
1,9015,9074,8459
1,7366,7518,6883
1,7094,7095,7093
1,7094,7171,7095
1,7035,7039,7034
1,6496,8770,7809
1,8363,8684,7822
1,6626,8472,6628
1,6316,8443,6299
1,6661,7249,6659
1,7240,8579,7257
1,6689,6703,6687
1,7897,8330,7895
1,6709,7135,6580
1,5959,8425,4819
1,7060,7100,7058
1,7402,8295,7399
1,7880,8970,7979
1,6878,7763,7491
1,7069,8452,7067
1,6806,8510,7873
1,6683,6784,6681
1,8508,8704,8596
1,7123,7124,7100
1,6619,8559,6616
1,4850,8416,5941
1,7454,7731,7446
1,7193,7498,6888
1,6282,8401,6118
1,6489,8416,4851
1,6677,6704,6675
1,6671,6798,6669
1,6478,6479,6439
1,6304,8824,6300
1,7306,8507,8432
1,7042,7058,7041
1,7120,7454,7446
1,6708,6766,6479
1,7255,7363,6766
1,4852,8420,6489
1,7054,7136,7078
1,6747,9195,7978
1,6236,8515,6239
1,6487,8419,4855
1,7040,7041,7039
1,6171,6267,6173
1,4858,8421,5923
1,6935,7005,6934
1,7161,8893,8698
1,6779,6893,6279
1,6939,6941,6940
1,5894,8420,4853
1,7035,7040,7039
1,4854,8419,5894
1,8236,8504,7663
1,8346,8752,8593
1,6486,8706,8389
1,7665,7666,7639
1,7042,7060,7058
1,6764,8554,6783
1,6292,8453,6261
1,6941,7010,6940
1,7060,7123,7100
1,6488,8421,4859
1,7533,8706,7531
1,7237,7728,7485
1,7123,7456,7124
1,7046,7236,7057
1,4847,8418,5898
1,6933,6935,6934
1,6240,8475,6242
1,7018,7084,7028
1,7057,8468,7047
1,6823,8462,6750
1,5944,8424,4822
1,7047,8468,7049
1,6719,6834,6717
1,6446,8581,6444
1,6952,6954,6950
1,7040,7042,7041
1,6815,8406,6850
1,7296,8602,7156
1,6491,8427,4827
1,6929,6931,6930
1,7728,7773,7485
1,6422,8426,6515
1,4828,8430,6491
1,4860,8422,6488
1,4826,8427,5927
1,7547,8431,7550
1,7738,8599,7330
1,7236,7237,7057
1,7219,8621,7221
1,7066,7321,7020
1,6289,8603,6182
1,8412,8710,7250
1,7585,8568,7499
1,8394,8570,6462
1,7394,9204,8848
1,7664,8874,8045
1,5917,8430,4829
1,7184,7359,6893
1,7835,9092,6447
1,7874,8697,7345
1,6957,7012,6955
1,6699,6818,6698
1,6948,8713,8167
1,6787,8644,7140
1,8176,8698,8177
1,6961,8516,6958
1,5892,8422,4861
1,8234,9048,8014
1,8631,8774,7136
1,5913,8493,8415
1,6330,6331,6329
1,7350,7357,6891
1,7437,7551,7329
1,6276,8557,6275
1,6965,8364,6962
1,7262,7846,7845
1,4862,8434,5892
1,6492,8434,4863
1,7749,7751,7750
1,6461,8440,6096
1,6883,8512,6635
1,6957,7013,7012
1,7201,8528,6809
1,7381,7762,7096
1,7625,8404,7660
1,6165,6354,6167
1,7519,8930,7432
1,7974,9170,7968
1,6379,8439,6417
1,7066,7322,7321
1,7325,7420,6230
1,8617,8626,6319
1,7348,8611,6376
1,6725,6826,6723
1,7969,9220,7974
1,6133,8593,6142
1,6326,8645,6327
1,7382,8517,6786
1,6221,8492,6223
1,6309,8557,6466
1,6729,6833,6727
1,6332,6333,6331
1,6099,8440,6106
1,4663,8990,7349
1,7013,7014,7012
1,6028,8550,6031
1,6155,6513,6157
1,6542,8764,6846
1,6856,8514,6544
1,7322,7323,7321
1,7478,7479,7471
1,6825,6880,6879
1,7526,8766,4662
1,6970,6977,6967
1,6444,8581,8252
1,6580,8581,6446
1,7655,8535,7657
1,6512,6768,6560
1,7027,8412,8268
1,7013,7015,7014
1,7015,7016,7014
1,6873,8445,7155
1,7853,8854,6392
1,7156,8602,7286
1,7337,7338,7336
1,7080,8561,6999
1,8276,9036,7540
1,8313,8654,7021
1,6018,8496,6020
1,7847,8931,6362
1,6462,8447,6069
1,7227,8436,7225
1,6880,7412,7411
1,7541,7790,7323
1,7274,9013,8300
1,7320,8539,6329
1,7015,7020,7016
1,6463,8449,6305
1,6975,8513,6971
1,7730,9135,7729
1,6800,8476,6642
1,6970,7089,6977
1,6439,8475,6240
1,7816,8721,7392
1,7322,7541,7323
1,7004,8591,6994
1,7230,8563,6576
1,6142,8593,6155
1,6301,8443,6463
1,6159,6370,6161
1,6315,8449,6342
1,6091,8597,6086
1,6739,6827,6737
1,7408,8429,7336
1,6075,8447,6082
1,4903,8604,4902
1,7770,8406,7210
1,7630,8619,8525
1,7346,7792,7458
1,7770,8407,8406
1,6745,6877,6743
1,8618,9078,7807
1,6735,6852,6733
1,4877,8609,4876
1,7347,8570,8394
1,6010,8502,6012
1,6051,8457,6050
1,6475,8488,6472
1,6818,7329,7328
1,8330,8578,7895
1,8147,9089,8327
1,6848,8413,6383
1,6039,8463,6038
1,6263,8453,7302
1,6550,9121,6548
1,7302,8465,6265
1,6214,8511,6216
1,6768,8585,6847
1,7089,7106,7090
1,7812,8706,7533
1,6056,8457,6482
1,5315,8715,5314
1,6752,8462,6755
1,6377,6512,6451
1,6126,9230,6131
1,7067,8452,8339
1,8053,8638,8538
1,7310,8412,7105
1,6850,7395,6572
1,7287,8612,7285
1,6864,8501,7356
1,6560,8751,6451
1,7106,7108,7107
1,7286,8602,7294
1,6271,8465,6298
1,8237,9190,5949
1,4779,5960,4780
1,7336,8429,7333
1,7439,8616,8561
1,6183,8541,6185
1,6981,6987,6978
1,5961,9086,7800
1,6042,8463,6465
1,7089,7090,6977
1,8202,8983,8204
1,7106,7107,7090
1,7108,7371,7109
1,7572,8585,6868
1,6981,7002,6987
1,7108,7109,7107
1,7253,8452,7069
1,6006,8509,6008
1,6898,8489,6895
1,6985,8522,6982
1,6571,8520,6384
1,6850,7780,7395
1,7376,8739,7378
1,8277,8619,7630
1,4770,8576,4771
1,7303,8472,6626
1,6628,8472,6749
1,6208,8518,6210
1,6908,8491,6905
1,6912,8487,6909
1,6600,8615,6603
1,7339,7470,7338
1,4874,8446,5925
1,7088,8505,7044
1,6495,8448,4871
1,7082,8494,7440
1,6389,6394,6349
1,8121,8817,8420
1,4837,8607,4836
1,6722,9195,6747
1,7679,7682,7680
1,8382,8629,6455
1,6260,8506,6469
1,7257,8579,7793
1,6494,8446,4875
1,7305,8510,6805
1,4870,8448,5893
1,8183,8753,6583
1,6201,8531,6204
1,6279,8492,6221
1,7672,8917,7667
1,6229,8800,6228
1,8463,8464,6465
1,7264,8428,6079
1,6254,8978,6252
1,7477,8955,7723
1,6346,6377,6376
1,4811,8620,4812
1,6158,9006,6288
1,6334,6336,6335
1,8406,8627,6850
1,8180,8636,5952
1,7049,8468,7052
1,5924,8450,4881
1,4880,8450,6497
1,7002,7075,7030
1,7075,7211,7122
1,5998,8519,6000
1,7508,8644,6830
1,7211,8546,7544
1,6745,8548,6878
1,4882,8451,5924
1,8968,9137,6071
1,8407,8627,8406
1,6631,8512,7292
1,6497,8455,4879
1,7584,9042,7585
1,5969,8483,5971
1,8781,8892,8019
1,7002,7030,6987
1,7096,8591,7004
1,6823,8648,8462
1,6994,8591,8258
1,6500,8451,4883
1,6242,8475,6245
1,6775,8517,7366
1,6,8951,4745
1,4878,8455,5895
1,7211,7544,7122
1,7316,8687,8122
1,5971,8483,6432
1,7396,8569,6647
1,5988,8537,5990
1,7075,7122,7030
1,8058,8643,8057
1,7564,9079,8274
1,4884,8466,6500
1,7993,8633,6303
1,6336,6338,6337
1,6512,6822,6768
1,8054,8632,8052
1,7011,7085,7043
1,6338,6347,6346
1,8115,8901,7717
1,8686,9229,7740
1,6664,8700,6663
1,7459,9120,9103
1,6890,8575,6605
1,4888,8460,6501
1,5926,8460,4889
1,6538,8565,6333
1,6308,8539,6286
1,6501,8459,4887
1,6878,7491,6877
1,4890,8461,5926
1,6701,8540,6699
1,5920,8351,4790
1,5951,8677,7759
1,7771,9187,7488
1,5920,8352,8351
1,7791,8694,7323
1,7164,7729,7522
1,5326,8608,5325
1,5943,8607,4837
1,5896,8466,4885
1,6816,8559,6619
1,7011,7043,6988
1,7831,8981,7832
1,4886,8459,5896
1,7546,9147,8319
1,7837,8473,7318
1,6499,8461,4891
1,8422,9211,8594
1,6223,8492,6480
1,8131,8875,8130
1,6239,8515,6478
1,6230,8518,6208
1,6331,8565,7320
1,6572,8597,6091
1,6783,8554,7941
1,4892,8467,6499
1,8741,8883,6814
1,6202,9220,8498
1,6389,6395,6394
1,6506,8456,4923
1,6695,8553,6693
1,8274,8920,7564
1,6514,8606,5965
1,8525,8619,7675
1,4777,6452,4778
1,8775,8964,7787
1,4789,8381,5920
1,6185,8556,6187
1,6691,8558,6689
1,8366,8535,7655
1,6334,6335,6333
1,5897,8467,4893
1,7494,8773,8684
1,6957,8516,7013
1,7155,8445,7449
1,7657,8535,7679
1,4897,8474,5945
1,5983,8551,5986
1,6755,8462,7299
1,6970,8513,7089
1,6525,8530,6476
1,6822,6868,6768
1,8351,8605,6428
1,6503,8474,4898
1,6455,8629,6460
1,7085,7127,7043
1,6749,8472,7152
1,8253,8748,7281
1,7967,8567,7970
1,7139,8534,6645
1,6466,8557,7490
1,6314,8626,6340
1,7141,8534,7733
1,4809,9035,8649
1,7834,8563,7230
1,8229,8758,6622
1,6169,8566,6171
1,7531,8907,7530
1,6468,8496,6018
1,4876,8609,6494
1,6298,8465,6568
1,7439,8561,7080
1,6082,8447,7830
1,7352,8714,7353
1,6216,8511,6220
1,6645,8534,7141
1,8530,8663,7304
1,6832,9195,6720
1,6545,8530,7304
1,5341,8936,5929
1,6020,8496,6023
1,7520,8898,7521
1,6673,8573,6671
1,4904,8479,5946
1,4954,8737,4953
1,6981,8522,7002
1,8508,8596,6513
1,7828,8968,6071
1,7118,8542,7502
1,7033,8998,7008
1,6502,8479,4905
1,5895,8609,4877
1,6847,8585,7461
1,6901,8542,6899
1,6012,8502,6041
1,7135,8581,6580
1,7855,8830,8697
1,7293,8699,8135
1,4906,8480,6502
1,7164,7522,7121
1,4922,8456,5902
1,6476,8530,6545
1,8615,8657,7468
1,6918,8545,7001
1,7944,8960,7946
1,6477,8502,6010
1,8534,8668,7733
1,7742,8534,7139
1,6450,8381,4788
1,8063,9011,7897
1,6699,8540,6818
1,8161,8485,8385
1,6899,8542,7118
1,8361,8671,6679
1,8065,8863,8836
1,6561,8663,8530
1,8432,8507,6048
1,7414,7415,7412
1,4913,8481,6504
1,6220,8511,6779
1,6822,7162,6868
1,6585,8753,7317
1,752,8924,6412
1,6258,9131,8331
1,5900,8480,4907
1,6878,8588,7763
1,7472,8629,8382
1,6919,8545,6918
1,8514,8645,6374
1,7021,8654,7036
1,4920,8486,6505
1,8859,9043,7561
1,6210,8518,6464
1,6167,8582,6169
1,5901,8481,4914
1,5941,8650,4849
1,6349,8574,6347
1,6289,8768,8603
1,7677,9159,7684
1,7200,8979,7797
1,7368,8652,7370
1,6078,8647,6080
1,7926,8734,7923
1,6904,8542,6901
1,5902,8486,4921
1,6483,8537,5988
1,6809,8528,6882
1,6493,8531,6201
1,6008,8509,6477
1,7799,8623,7456
1,7005,8560,7315
1,7075,8533,7211
1,6074,8509,6006
1,6155,8593,6513
1,7484,8774,8631
1,6561,8530,6525
1,8993,9107,8455
1,7001,8545,7087
1,8347,8975,7987
1,6204,8531,6207
1,6286,8539,6507
1,8063,8995,7509
1,8257,8661,8255
1,6151,9025,6140
1,7828,8773,7494
1,8027,8780,7596
1,6884,8291,736
1,5946,8604,4903
1,7742,8668,8534
1,6830,8644,6787
1,6570,7343,7165
1,5959,8861,8425
1,6000,8519,6467
1,7202,8788,7201
1,4771,6845,4772
1,8258,8709,8181
1,6336,6337,6335
1,6570,7165,6707
1,8302,9076,7041
1,6280,8978,8213
1,6297,9141,6264
1,6937,8560,6935
1,7614,8637,8404
1,7854,8642,7426
1,6101,8519,5998
1,6419,8583,6522
1,6338,6346,6337
1,8542,8674,7502
1,6743,8587,6741
1,6207,8531,7325
1,7208,8625,8297
1,6329,8539,6308
1,8489,9087,8281
1,6935,8560,7005
1,5990,8537,6127
1,5909,8884,4799
1,6836,8634,6857
1,7264,8601,8428
1,6417,8583,6419
1,7270,9012,7271
1,6552,8580,6531
1,7449,8617,7296
1,6550,9123,9082
1,7862,8749,7865
1,8821,9070,6536
1,6449,9192,8870
1,5923,9096,8090
1,8726,8812,7542
1,4848,8650,8418
1,6882,8540,6701
1,8543,8574,6394
1,8462,8648,7299
1,6657,8638,6655
1,4776,8544,4777
1,7530,9117,8166
1,7328,8553,6698
1,6395,6535,6534
1,6940,8560,6937
1,7268,8741,6814
1,5986,8551,6483
1,7737,9190,7685
1,5912,9036,8276
1,7762,8591,7096
1,7162,7760,7324
1,7370,8834,8217
1,7016,8571,7018
1,6217,8541,6183
1,8626,8746,6340
1,7221,8621,7352
1,6888,8580,6552
1,7055,8623,7053
1,7162,7324,6868
1,6904,8674,8542
1,8938,9004,6860
1,7653,8816,8329
1,5942,8689,4843
1,4769,8390,6537
1,4849,8650,4848
1,6698,8553,6695
1,8511,8665,7496
1,6693,8553,6774
1,7484,8631,8468
1,6531,8580,6643
1,7007,8584,7009
1,7321,8571,7020
1,6465,9226,8801
1,4926,8683,5940
1,6825,6879,6559
1,8375,9141,6297
1,7009,8584,7035
1,5916,8905,4804
1,6433,8769,4757
1,6774,8558,6691
1,6137,8651,6077
1,6721,8589,6719
1,8168,8798,7441
1,7760,7761,7324
1,8892,8944,7947
1,7492,8587,6877
1,7747,7748,7745
1,6187,8556,6266
1,8072,9112,9038
1,6741,8595,6739
1,4813,8856,5958
1,6617,8667,6797
1,4810,8649,5937
1,7260,8811,8278
1,7970,8567,8113
1,8690,8724,6237
1,6374,8645,6326
1,4820,8696,5959
1,7434,8693,8570
1,8070,8681,8069
1,8538,8638,6657
1,6689,8558,6703
1,7020,8571,7016
1,6333,8565,6331
1,7321,8694,8571
1,4758,8769,5931
1,7315,8584,7007
1,6679,8671,6677
1,759,9079,5907
1,6492,9101,7802
1,7078,8590,7120
1,7332,8719,7455
1,7410,9087,8489
1,6157,8596,6159
1,8951,9175,6799
1,6671,8573,6798
1,5911,8655,5346
1,8314,8630,8184
1,7947,8960,7944
1,7802,9101,5922
1,7416,7744,7415
1,6231,8880,8115
1,4775,6807,4776
1,7456,8628,7124
1,7395,8597,6572
1,7887,8827,8097
1,8439,8583,6417
1,7018,8571,7084
1,6395,6534,6394
1,6171,8566,6267
1,6484,8705,4937
1,6555,8678,6582
1,8590,9040,8180
1,7114,8708,7055
1,6850,8627,7780
1,7455,8645,8514
1,4787,8402,6450
1,5355,8990,4663
1,8352,8605,8351
1,8593,8752,6513
1,8571,8694,7084
1,7292,8662,7726
1,8418,8650,8077
1,4793,8825,5905
1,8424,8696,4821
1,6367,8390,4768
1,7028,8598,7046
1,7120,8590,7454
1,7810,8618,7808
1,8034,9084,7461
1,6361,8831,8760
1,7343,7847,7424
1,7136,8590,7078
1,8425,8711,4818
1,8541,8556,6185
1,6459,8639,8247
1,6033,9066,6030
1,6923,8616,6925
1,8486,9022,6505
1,8068,9033,8067
1,7436,8811,7095
1,8331,9131,9103
1,7046,8598,7236
1,6687,8622,6685
1,6868,8585,6768
1,7957,8827,7887
1,5959,9176,8861
1,5994,8717,5996
1,8354,9052,7694
1,6464,8665,6212
1,776,9016,7358
1,6535,6570,6534
1,7805,8618,7807
1,7054,8631,7136
1,6029,9090,6026
1,7687,9190,8237
1,7052,8631,7054
1,8545,8675,7486
1,6354,8582,6167
1,6880,7411,6879
1,6719,8589,6834
1,6414,8873,8282
1,7988,8975,8093
1,4745,8951,6799
1,7372,8679,7373
1,7869,9110,7870
1,732,8951,6
1,6495,8725,8362
1,8189,8956,8376
1,8600,8718,7388
1,7084,8598,7028
1,8295,8651,7398
1,7930,8733,7929
1,8527,8656,7658
1,6327,8624,6330
1,8192,8690,6237
1,8274,9079,758
1,5933,8402,4786
1,6950,8713,6948
1,8223,8646,7424
1,7443,8634,6836
1,7512,9047,7816
1,8033,9152,8032
1,7343,7424,7165
1,7568,9181,8243
1,7808,8618,7805
1,6924,8675,6921
1,8040,8773,6413
1,8591,8709,8258
1,773,8701,774
1,9119,9131,6258
1,8482,8866,7384
1,7445,8897,7580
1,7121,8586,7085
1,6839,8822,6896
1,4845,8808,4844
1,6487,9132,8090
1,8090,9132,5923
1,8806,9170,7974
1,7167,8686,7282
1,7989,9130,8347
1,7435,8652,7368
1,4766,8857,4767
1,7879,8926,7878
1,4909,8680,4908
1,7583,9044,7146
1,4927,8683,4926
1,6235,8782,8357
1,6924,8767,8675
1,7660,8637,8248
1,6460,8629,6780
1,8371,9075,7558
1,6703,8622,6687
1,6364,8695,6350
1,5918,8924,751
1,4805,8905,6427
1,4908,8680,5900
1,7565,8804,7030
1,7777,9148,9005
1,7935,9196,7936
1,8625,8861,8174
1,7827,9174,7246
1,6513,8596,6157
1,4933,9002,8132
1,7603,9222,7604
1,6766,8670,6479
1,6462,8693,8447
1,7468,8657,7466
1,8032,9152,7254
1,6622,8758,6624
1,4782,8438,5936
1,6877,8587,6743
1,8524,8635,7273
1,6739,8595,6827
1,6394,8574,6349
1,6428,8825,4792
1,9082,9121,6550
1,6143,8664,6870
1,7458,8635,7277
1,6159,8596,6370
1,7564,8920,7166
1,7459,8648,6823
1,6537,8576,4770
1,8294,8659,6277
1,6361,8760,6345
1,5925,8725,4873
1,4872,8725,6495
1,4935,8777,5908
1,6212,8665,6214
1,6977,8610,6967
1,7412,8640,7411
1,6169,8582,8566
1,4843,8689,4842
1,6173,8666,6175
1,5940,8740,4925
1,6655,8638,6876
1,6426,8837,8311
1,7676,8843,7665
1,7744,7766,7415
1,6852,8994,7979
1,8171,8884,8170
1,6259,9119,6258
1,6214,8665,8511
1,8498,9220,7971
1,6967,8610,6965
1,7772,8897,7446
1,8427,8862,5927
1,6883,8662,8512
1,8283,8673,8426
1,8468,8631,7052
1,8426,8673,6515
1,6267,8666,6173
1,7923,8734,7924
1,4825,8846,4824
1,7449,8626,8617
1,7681,8691,8316
1,7394,8744,7347
1,7847,8562,7424
1,6876,8688,6653
1,7085,8586,7127
1,7749,7750,7748
1,9103,9120,8331
1,6661,8682,7249
1,5928,9035,4808
1,4774,8592,4775
1,6559,8614,6535
1,4821,8696,4820
1,4816,9063,4658
1,7036,8654,7115
1,4658,9063,4954
1,8219,9009,7213
1,6965,8610,8364
1,7299,8648,7517
1,6796,8883,7170
1,5948,9109,8061
1,8326,8765,6704
1,762,9057,763
1,8104,9133,7173
1,4924,8740,6506
1,8476,8660,7820
1,8660,8873,8287
1,6177,8692,6508
1,8077,9069,8418
1,6919,8675,8545
1,8512,8662,7292
1,8150,9069,8077
1,7745,8658,7744
1,8404,8637,7660
1,8081,9091,7545
1,6712,8839,6711
1,7762,8709,8591
1,7093,8811,7260
1,7460,9084,8601
1,6826,8927,8097
1,7534,8743,7698
1,8824,8886,6300
1,7226,8676,8019
1,6798,8702,6669
1,6437,8934,6060
1,6797,8981,7831
1,7458,8797,8635
1,5947,8793,8755
1,4868,8770,6496
1,6987,8672,6978
1,6649,8712,6890
1,8799,8876,5901
1,6377,8613,8547
1,6361,9215,9153
1,6663,8682,6661
1,8252,8730,7964
1,8587,8595,6741
1,7345,8697,7344
1,6232,8782,6235
1,8447,8693,7830
1,6347,8613,6346
1,8344,8818,8345
1,5893,8770,4869
1,6490,8792,4832
1,4937,8705,4936
1,7824,8988,5928
1,7579,8723,7404
1,8678,8871,7712
1,8334,9205,6135
1,8211,8784,7659
1,6515,8673,8358
1,7647,8816,7653
1,777,9024,18
1,7750,7752,7748
1,6568,8729,6789
1,7304,8663,7306
1,6224,8720,6222
1,7848,8792,7709
1,8297,8840,6434
1,8574,8613,6347
1,7165,8646,7504
1,6894,9185,9003
1,4657,8979,4754
1,4773,7451,4774
1,6465,8801,6044
1,6570,8614,7343
1,6175,8692,6177
1,7813,9093,7224
1,6921,8675,6919
1,7518,8662,6883
1,6653,8688,6651
1,6467,8759,6002
1,7455,8719,8624
1,7718,9129,9121
1,6085,8969,7264
1,6479,8670,7280
1,6483,8859,8082
1,6189,8806,6191
1,7520,8915,8898
1,6041,8775,6014
1,7415,8640,7412
1,8746,8771,6340
1,5903,8833,4928
1,8013,9206,8196
1,8589,8641,6834
1,7813,8986,7506
1,6975,8672,8513
1,6498,8635,8524
1,7797,9127,7200
1,8649,9035,7569
1,6978,8672,6975
1,8284,8698,8176
1,6353,8760,8439
1,7489,8761,7472
1,6454,8786,6848
1,7325,8754,7421
1,5947,8867,8341
1,7597,8807,7346
1,8885,9194,7683
1,7861,8731,7858
1,7802,9001,7779
1,6500,8653,8451
1,4818,8711,4817
1,7522,8586,7121
1,5947,8755,4910
1,7502,8674,7536
1,7244,8684,8040
1,7379,8660,8476
1,7226,8796,8676
1,8291,9104,5957
1,7906,9100,7905
1,5964,9016,775
1,7402,8723,8295
1,8061,9109,6505
1,764,8722,5904
1,6667,8700,6664
1,6046,8801,6051
1,6237,8724,6234
1,7500,8771,7355
1,7277,8635,6498
1,8379,8933,7319
1,8491,8674,6904
1,5906,8820,4840
1,7673,8816,7646
1,7863,9081,7864
1,6677,8671,6704
1,6016,8775,6468
1,8051,8795,8047
1,7864,8749,7862
1,6004,8759,6074
1,7342,8762,7834
1,8635,8797,7273
1,6669,8702,6667
1,6346,8613,6377
1,8620,8856,4812
1,7347,8744,8570
1,7012,8747,6955
1,7043,8685,6988
1,7878,8736,6058
1,6643,9027,8914
1,5915,9156,8990
1,7158,8915,7157
1,6508,8745,6179
1,7383,9000,8414
1,7364,9197,7569
1,6985,8685,8522
1,5938,9116,744
1,7651,8940,7668
1,6988,8685,6985
1,8319,8808,8320
1,7112,9075,8371
1,6507,8785,6284
1,7504,9018,6707
1,6961,8726,8516
1,8416,8687,5941
1,8440,9010,8999
1,6731,8778,6729
1,6181,8745,6217
1,6513,8752,8508
1,8295,8723,6520
1,6165,8732,6354
1,8623,8708,7456
1,7200,9127,7849
1,8513,8672,7505
1,6952,8747,6954
1,4940,8894,5913
1,7472,8761,8629
1,8004,8815,7418
1,7639,8656,8527
1,6519,8715,5315
1,4873,8725,4872
1,8675,8767,7486
1,8960,8991,7946
1,6816,8748,8559
1,8601,9084,6437
1,8343,9192,6449
1,8559,8748,8253
1,7394,8848,8744
1,8651,8742,7398
1,7310,8710,8412
1,7149,8959,8025
1,7724,8757,7417
1,6651,8712,6649
1,7350,8742,7357
1,8161,8858,8160
1,7419,8937,7520
1,6370,8738,6161
1,4824,8949,4823
1,8624,8719,6339
1,7509,9083,9011
1,6704,8765,6675
1,4753,8979,4657
1,4801,9045,6425
1,8801,9226,7719
1,7404,8723,7402
1,7748,8658,7745
1,6288,8963,8051
1,6987,8804,8672
1,7006,8998,8497
1,8356,8794,6834
1,6535,8614,6570
1,8245,9232,8689
1,7213,9009,6902
1,8193,8823,7375
1,7353,8714,7532
1,6903,9009,6906
1,7516,8788,7205
1,7388,8718,8026
1,7562,8710,7310
1,7436,8935,8811
1,8862,9173,7722
1,6485,8894,4941
1,8522,8685,7515
1,8863,8954,7366
1,8616,8703,6928
1,7722,9173,8798
1,7666,8656,7639
1,8570,8744,7434
1,7392,8721,7393
1,5314,9098,17
1,7200,8987,4755
1,7464,9074,9015
1,8797,8902,6648
1,7323,8694,7321
1,8666,8692,6175
1,4835,8891,5910
1,6834,8794,6717
1,7819,8934,8034
1,4915,8814,5901
1,4925,8740,4924
1,5906,9232,8245
1,4778,8779,4779
1,8815,8881,7418
1,6282,8785,8401
1,4833,8900,6490
1,6879,8614,6559
1,18,9024,5335
1,5910,8900,4834
1,7449,8746,8626
1,8393,8977,6461
1,5318,8908,5954
1,6556,9052,8354
1,8570,8693,6462
1,7434,8744,7137
1,4934,9002,4933
1,8973,9092,7835
1,7779,9001,7983
1,7236,8889,7237
1,7407,9226,8464
1,6256,8929,8359
1,7509,8995,7328
1,8439,8760,7463
1,7379,8873,8660
1,8629,8761,6780
1,6480,8880,6225
1,8114,8853,6137
1,5955,8932,4765
1,9112,9182,6547
1,6518,9052,6556
1,8529,8908,5319
1,8124,8789,8123
1,7771,9088,8387
1,8160,8858,8162
1,8015,9206,8013
1,7302,8729,8465
1,8188,9145,7840
1,5996,8717,6101
1,7659,9175,8211
1,8700,9196,6663
1,5949,9144,4762
1,7545,9091,7131
1,7556,9072,8219
1,7962,8841,7960
1,6758,8938,6760
1,6673,8765,8573
1,7058,9164,7041
1,8003,8707,7751
1,8729,8865,6789
1,6954,8713,6950
1,8628,8669,7124
1,7596,8780,7595
1,7934,8768,6289
1,7667,8874,7664
1,8526,8729,7302
1,6339,8909,8399
1,7261,9039,8549
1,4771,8576,6845
1,8535,8783,7679
1,9078,9218,6621
1,8153,8883,8741
1,7124,8893,7100
1,7437,8963,7551
1,6227,8880,6231
1,4911,8867,5947
1,6583,8753,6585
1,6504,8867,4912
1,7489,8822,8761
1,8688,8712,6651
1,6571,9149,8141
1,4895,9160,8002
1,6756,9091,6758
1,4756,8987,6433
1,8303,8906,7341
1,7610,8783,8535
1,8429,8719,7332
1,4757,8769,4758
1,8328,9198,6426
1,8550,8912,6031
1,6106,8967,6105
1,7045,9007,7077
1,7397,8899,7583
1,6771,8764,6542
1,4910,8755,4909
1,4942,8950,6485
1,8395,8870,7479
1,7152,8941,7739
1,8520,8699,7293
1,8409,8910,7371
1,8854,8890,6392
1,7735,8899,7397
1,6363,9213,7797
1,7851,9166,7247
1,6356,8776,6358
1,8605,9008,6428
1,5334,8959,7149
1,8348,8967,6106
1,6163,8732,6165
1,6125,8922,6135
1,6667,8702,8700
1,7440,8703,7439
1,6036,8944,6039
1,17,9098,738
1,7043,8838,8685
1,8657,8741,7466
1,6826,8828,6723
1,4953,8737,8386
1,7378,8739,7540
1,7106,8878,7108
1,8171,9045,8884
1,7768,9129,7718
1,6451,8751,7348
1,5922,8976,7804
1,8594,9211,7519
1,6927,8921,6926
1,6493,8754,8531
1,7466,8741,7268
1,7,9077,739
1,7424,8646,7165
1,8221,9208,7727
1,6276,9146,8333
1,6161,8738,6163
1,7479,8870,7471
1,6179,8745,6181
1,4909,8755,8680
1,7766,8640,7415
1,7552,9183,8259
1,4846,9142,4845
1,7343,8802,7847
1,4817,9077,7
1,8364,8726,6961
1,8347,9041,5899
1,8465,8729,6568
1,6251,8965,6248
1,7273,8797,8317
1,4772,8813,4773
1,8125,8803,8124
1,7398,8742,7350
1,7405,8826,7442
1,6031,8991,6032
1,7532,8743,7534
1,8516,8726,8242
1,4777,8544,6452
1,5321,9055,5950
1,4869,8770,4868
1,8964,9180,7428
1,6253,8929,6256
1,7924,8793,7922
1,5939,9187,8387
1,6002,8759,6004
1,7543,9172,7571
1,7478,9008,7480
1,8672,8804,7505
1,6643,8914,6529
1,7715,9082,7713
1,7485,8774,7484
1,7469,8842,8728
1,7926,8851,8734
1,4866,8976,5922
1,5946,8716,8604
1,8096,8913,5944
1,6571,8699,8520
1,5948,8916,4917
1,8399,8877,7229
1,4936,8777,4935
1,8705,8777,4936
1,6496,8976,4867
1,7456,8708,8628
1,7403,8704,8508
1,7507,9107,8993
1,7367,8791,7369
1,7913,8799,7915
1,8607,8891,4836
1,6345,8760,6353
1,6135,9205,6134
1,8760,8831,7463
1,8164,9094,8386
1,8360,8772,6152
1,4779,8779,5960
1,8602,8904,7294
1,4929,9088,5903
1,8531,8754,7325
1,8857,8932,8045
1,8463,8781,8464
1,6561,8914,8523
1,8349,8771,8746
1,5921,9139,4944
1,6955,8747,6952
1,8714,8743,7532
1,6884,8885,8291
1,7672,8943,8917
1,7486,8767,8482
1,8385,8858,8161
1,7599,8935,7436
1,8346,8826,8752
1,6731,8980,8778
1,7262,8910,7846
1,7752,8658,7748
1,7878,8879,8736
1,7558,9058,8371
1,8716,8733,7930
1,6894,9003,6838
1,7039,9076,7150
1,6452,8779,4778
1,8213,8941,7303
1,8130,8875,7670
1,4901,8952,5899
1,6014,8775,6016
1,6485,8950,8536
1,6527,8914,6561
1,8840,9017,6434
1,6246,9019,6251
1,7439,8703,8616
1,7420,8903,7587
1,6233,8800,6229
1,7789,9037,7576
1,4841,9232,5906
1,7501,9115,7703
1,5937,9197,8305
1,7659,9222,7603
1,7055,8708,8623
1,8572,9055,5322
1,7480,8750,7479
1,4763,9144,8365
1,4927,8833,8683
1,6343,9215,6361
1,6536,9070,8110
1,7406,8748,6816
1,8250,9055,8572
1,4856,9132,6487
1,5923,9132,4857
1,7380,9095,7741
1,7708,8796,7226
1,6675,8765,6673
1,5925,9099,7949
1,8387,9088,4930
1,7569,9197,8649
1,7786,9180,8964
1,7500,8824,8771
1,6721,8828,8589
1,8680,8734,5900
1,8199,9180,7785
1,4864,9101,6492
1,7561,9043,7562
1,7493,8968,7828
1,6624,8758,7303
1,4832,8792,4831
1,8027,8762,7342
1,5922,9101,4865
1,7409,8810,7769
1,7803,9001,7802
1,8907,9117,7530
1,8479,8733,5946
1,7774,8820,7767
1,6770,9028,6769
1,7371,8910,7109
1,7791,8756,8694
1,6926,8767,6924
1,8076,9143,8687
1,5994,9234,8717
1,6807,8544,4776
1,6432,8850,8360
1,6704,8844,8326
1,7255,8973,7363
1,9013,9172,8198
1,6833,8927,6727
1,7871,8869,7869
1,7172,9058,7558
1,6149,9146,6276
1,6780,8761,6801
1,8685,8838,7515
1,5946,8733,8716
1,8581,8730,8252
1,6163,8738,8732
1,8577,8813,6845
1,6463,9013,8198
1,8301,8805,8302
1,6573,9108,8112
1,8111,8860,7746
1,7205,8788,7202
1,7903,8844,7902
1,4899,9041,6503
1,6540,9112,6547
1,6231,8782,6232
1,9055,9224,5950
1,8186,8829,8185
1,6729,8778,6833
1,8604,8952,4902
1,7800,9086,7673
1,5899,9041,4900
1,7355,8771,8349
1,8526,8865,8729
1,6725,8927,6826
1,8440,8999,6106
1,8697,8830,7344
1,5936,8997,4783
1,8508,8752,7405
1,8365,9144,7737
1,5945,9160,4896
1,7480,9008,8605
1,8612,9069,8150
1,6639,8786,6454
1,8498,9212,6202
1,7385,8835,7387
1,7924,8734,8680
1,6127,9234,5992
1,7278,8859,8551
1,6769,9149,6532
1,8536,8950,7701
1,6044,8801,6046
1,6284,8785,6282
1,7338,9014,7408
1,8822,8882,6896
1,6137,8742,8651
1,8744,8848,7137
1,4792,8825,4793
1,8349,8746,8445
1,8755,8793,7924
1,4918,9109,5948
1,6799,9175,7659
1,7682,8996,7680
1,6505,9109,4919
1,8080,9161,8501
1,6202,9212,6195
1,8589,8828,7958
1,4781,8918,8438
1,6340,8824,6304
1,9157,9186,7275
1,5960,8918,4780
1,6637,8942,8084
1,7511,9058,7171
1,7515,8838,8533
1,8995,9168,6774
1,8119,8817,8121
1,6852,8980,6733
1,7102,9155,7227
1,6039,8781,8463
1,7702,8974,5951
1,6717,8794,6715
1,4916,8814,4915
1,6711,9032,6709
1,7211,9053,8546
1,8551,8859,6483
1,7674,8864,8564
1,8796,9000,7383
1,7521,8898,8215
1,7135,8730,8581
1,6827,8994,6737
1,7569,9035,8988
1,4840,8820,4839
1,7557,8855,7555
1,7229,8877,8343
1,8540,8845,7437
1,8215,8896,8216
1,6854,8958,8103
1,7467,8842,7469
1,8372,8832,7246
1,7280,9029,8475
1,7796,8832,8372
1,8517,8863,7366
1,7721,8862,7722
1,7539,8891,8607
1,7463,8831,7380
1,4775,8592,6807
1,7747,8847,7749
1,8939,9037,7170
1,7735,8777,8705
1,6735,8994,6852
1,7084,8756,8598
1,7950,8868,8107
1,4928,8833,4927
1,8713,9181,7568
1,8364,8812,8726
1,8761,8822,6801
1,8045,8874,8857
1,8636,8774,7485
1,7688,9070,8821
1,7646,8816,7647
1,8445,8746,7449
1,9003,9185,8282
1,8323,8864,7675
1,4844,8808,5942
1,8501,9161,7356
1,8734,8851,5900
1,7452,9123,9092
1,7905,9100,7903
1,8174,8861,8173
1,7423,8892,7947
1,4812,8856,4813
1,6716,8852,6718
1,8117,8904,8602
1,7371,9134,8410
1,7357,8853,8588
1,5333,8821,5332
1,8684,8773,8040
1,6789,8865,8471
1,7927,9125,8851
1,7679,8783,7682
1,7541,9189,7845
1,8812,8992,7542
1,7467,8925,8842
1,8261,8849,8262
1,6066,8872,6064
1,7169,8812,8610
1,7162,9073,7760
1,8691,9194,8038
1,8680,8755,7924
1,8653,8823,8451
1,7728,8936,7773
1,8717,8727,6101
1,8281,9087,5918
1,8694,8756,7084
1,7519,9211,8930
1,7551,9083,7329
1,7461,9084,7460
1,8706,8907,7531
1,7346,8807,7792
1,7418,8881,7453
1,6266,8806,6189
1,4785,9162,5933
1,8065,8954,8863
1,6845,8813,4772
1,8087,8962,8089
1,6228,8954,8065
1,7169,8992,8812
1,8379,9182,7538
1,8742,8853,7357
1,7936,9196,8700
1,8002,8888,7998
1,8449,9219,6342
1,8564,8864,5953
1,8811,8935,8278
1,7095,8811,7093
1,8547,8887,7457
1,8772,9201,6152
1,8434,8930,5892
1,8311,8837,8312
1,6501,9015,8459
1,7565,8878,8804
1,7598,9175,8951
1,8988,9118,7391
1,8438,8918,7753
1,8175,9017,8840
1,8853,9031,8588
1,7179,9158,6871
1,7384,8866,7586
1,8625,8840,8297
1,6497,8993,8455
1,7712,8871,7710
1,8141,8911,8140
1,8614,8802,7343
1,6879,8802,8614
1,7778,8930,8434
1,6567,8948,8179
1,8067,8919,6854
1,8493,9065,8415
1,6432,9030,8850
1,7787,8964,7428
1,4662,8959,5334
1,7030,8804,6987
1,8437,9029,7280
1,8175,8840,8174
1,7108,9134,7371
1,8174,8840,8625
1,8914,9027,8523
1,6801,8822,6839
1,4912,8867,4911
1,4799,8884,4800
1,7150,8818,8344
1,8528,8795,6882
1,7700,8958,8919
1,7750,8787,7752
1,6723,8828,6721
1,8444,9021,7315
1,5927,8846,4825
1,7764,8836,7382
1,7708,9050,9000
1,8687,9143,5941
1,8957,9051,8265
1,6715,8839,6712
1,9045,9179,6425
1,7797,8979,4753
1,7451,8592,4774
1,8601,9154,7460
1,7344,8830,7516
1,8265,9051,6837
1,7978,8923,7976
1,6646,8826,8346
1,8093,8952,8604
1,7665,8843,7666
1,7137,8848,7275
1,7227,9114,8436
1,8752,8826,7405
1,8518,8957,6464
1,8689,9232,4842
1,8789,9156,5915
1,7278,9043,8859
1,7807,8942,7806
1,8045,8989,8044
1,8420,8817,6489
1,6846,8971,7528
1,8899,9065,7583
1,7476,9017,8175
1,8652,8834,7370
1,8794,8839,6715
1,7717,8901,7768
1,8143,8937,7419
1,8594,8961,6488
1,8039,9123,6550
1,7490,9046,8503
1,8451,8823,5924
1,8287,8873,6414
1,8950,9139,7701
1,7675,8864,7674
1,7303,8941,8472
1,5955,9067,8989
1,5901,8814,8799
1,8492,9061,6480
1,6814,8883,6796
1,7500,8886,8824
1,8381,9110,5920
1,4836,8891,4835
1,7127,8838,7043
1,8177,9054,5934
1,4941,8894,4940
1,8861,9176,8173
1,8028,9074,7464
1,6926,8921,8866
1,7504,9073,9018
1,8883,8939,7170
1,7150,9076,8805
1,8282,9185,8281
1,8705,8899,7735
1,8085,9157,7577
1,6481,8858,8385
1,7251,9209,7740
1,6225,8880,6227
1,7849,9127,7676
1,7491,8854,7492
1,4804,8905,4805
1,8443,9013,6463
1,8771,8824,6340
1,7976,8923,7977
1,8020,9216,6506
1,8717,9234,7706
1,7999,9221,8105
1,7411,8802,6879
1,8865,8953,8471
1,8251,8940,7651
1,4834,8900,4833
1,8083,9078,6621
1,7167,9229,8686
1,8829,9188,6438
1,7505,8878,7106
1,8108,9042,6033
1,7742,9140,8668
1,8795,8845,6882
1,8103,9049,6573
1,8293,9054,7581
1,4767,8857,6367
1,7471,8870,7470
1,9043,9201,7562
1,8646,9200,7504
1,4773,8813,7451
1,6907,9163,6910
1,8574,8887,8613
1,9007,9206,8015
1,7375,8823,8653
1,7432,8930,7778
1,8036,9217,8556
1,7440,9171,7980
1,751,8924,752
1,8079,9004,8081
1,8038,8885,6884
1,8610,8812,8364
1,7832,8928,7462
1,7166,8920,7376
1,4780,8918,4781
1,7549,9193,8245
1,8189,9111,8956
1,8085,9186,9157
1,8778,8980,7884
1,6060,8934,6049
1,7365,8850,8232
1,7446,8897,7445
1,7574,9138,7498
1,8114,9031,8853
1,7465,8925,7467
1,5319,8908,5318
1,8211,9175,7598
1,4916,8916,8814
1,8429,8909,8719
1,7237,8889,7728
1,8719,8909,6339
1,7100,8893,7161
1,7911,8946,7487
1,9092,9123,8039
1,7382,8863,8517
1,6882,8845,8540
1,7490,8882,7489
1,8246,9107,7507
1,8384,8953,8865
1,7481,9184,8835
1,8152,8939,8153
1,7870,9110,8381
1,5957,9104,8210
1,8495,8886,7500
1,7542,8992,7474
1,7441,9106,8791
1,8836,8863,7382
1,5900,8851,8480
1,5942,9147,8689
1,6464,8957,8735
1,6494,8868,8446
1,8802,8931,7847
1,4917,8916,4916
1,7341,8906,7476
1,7492,8879,8587
1,7882,8970,7880
1,7569,8988,7391
1,5335,9024,8469
1,8196,9206,7115
1,7599,9057,8935
1,8064,9219,7570
1,9000,9050,7071
1,8063,9168,8995
1,7474,9150,7066
1,7824,9118,8988
1,7755,9080,7754
1,8384,8865,8526
1,7763,8890,7491
1,8858,9094,8162
1,6025,9089,8147
1,6621,9218,8667
1,8887,9018,7457
1,8080,9004,8079
1,8919,8958,6854
1,4765,8932,4766
1,7719,9226,7407
1,7987,8975,7988
1,8557,9046,7490
1,8884,9045,4800
1,7315,9021,8584
1,6486,8907,8706
1,7465,9015,8925
1,7946,9145,7945
1,6025,9090,9089
1,7700,8919,8536
1,7294,8904,7524
1,8162,9094,8164
1,7421,8903,7420
1,6484,8899,8705
1,6252,8978,6280
1,6111,8922,6125
1,6855,9174,7473
1,7963,9177,7962
1,5901,8876,8481
1,7319,8933,7597
1,7792,8902,7458
1,7393,8915,7158
1,7451,8766,8592
1,7949,9099,7950
1,8077,9143,8076
1,8598,8945,7236
1,5915,8990,5355
1,5938,9207,8906
1,8206,8983,8202
1,5340,8936,5341
1,8826,8956,7442
1,8480,9125,6502
1,8873,9003,8282
1,8831,9153,9095
1,8388,8907,6486
1,7354,9105,7270
1,8414,9000,7071
1,6137,8853,8742
1,8494,9186,9171
1,7667,8917,8874
1,7896,9168,8063
1,7395,8969,8597
1,7790,9085,8552
1,8757,8997,5936
1,8075,9126,6523
1,8450,8895,6497
1,8438,8860,5936
1,8072,9182,9112
1,7491,8890,8854
1,8023,8999,7450
1,8999,9010,7450
1,8469,9024,7358
1,7247,9031,8114
1,6529,8914,6527
1,7408,9014,8877
1,7109,8910,7262
1,5955,8989,8932
1,8173,9176,8128
1,6266,9217,9170
1,6250,8929,6253
1,8278,8935,6409
1,8231,9178,7873
1,7489,8882,8822
1,8898,8915,7393
1,8587,8879,8595
1,7528,9122,8490
1,4943,8950,4942
1,8293,9228,8701
1,6930,8921,6927
1,8539,9124,6507
1,8553,8995,6774
1,4902,8952,4901
1,7975,9217,8036
1,7676,9213,8843
1,7527,9118,7824
1,6233,9102,8800
1,7541,9085,7790
1,6484,9065,8899
1,8841,9032,6711
1,8613,8887,8547
1,7727,9169,7527
1,8051,8845,8795
1,8232,9030,7730
1,8376,8956,6646
1,6547,9182,8379
1,8243,9181,6954
1,7507,8993,7813
1,7227,9155,9048
1,6461,9010,8440
1,8669,9054,8177
1,5934,9054,8293
1,8323,9199,8864
1,8159,9020,8158
1,7598,8951,732
1,6160,9006,6158
1,8715,9098,5314
1,8735,8957,8265
1,8677,8974,8322
1,8369,9064,8955
1,6035,8944,6036
1,9017,9207,8296
1,4755,8987,4756
1,7464,9015,7465
1,8014,9048,8015
1,7697,8958,7700
1,8296,9207,5938
1,7422,9051,8957
1,6760,8938,6860
1,5895,9107,8246
1,6727,8927,6725
1,8804,8878,7505
1,8888,9160,5945
1,5944,8913,8424
1,4823,8949,5944
1,7408,8909,8429
1,8814,8916,7915
1,8864,9199,5953
1,8911,9149,6769
1,8543,8887,8574
1,6111,8967,8922
1,8369,8955,7477
1,6140,9025,6136
1,4783,8997,4784
1,7537,9097,8977
1,8850,9030,8232
1,4867,8976,4866
1,8193,9026,8823
1,6105,8967,6111
1,7600,9034,8491
1,7008,8998,7006
1,775,9016,776
1,7450,9010,8212
1,7422,8957,8518
1,9157,9204,7577
1,6248,8965,6250
1,8597,8969,6085
1,9025,9230,6136
1,8497,8984,6930
1,8398,8953,8384
1,8483,9030,6432
1,6803,9129,8157
1,7754,9068,7756
1,7586,8984,7743
1,6646,8956,8826
1,7537,8977,8393
1,6434,9017,8296
1,7271,9012,7525
1,6250,8965,8929
1,5911,9085,9062
1,8600,9193,7549
1,7411,8931,8802
1,7741,9095,9012
1,8736,8879,7492
1,8025,8959,8577
1,7756,9216,8020
1,6367,8917,8390
1,8197,9233,7524
1,7136,9040,8590
1,8410,9134,7565
1,9121,9129,6803
1,7483,9038,7796
1,9122,9151,8490
1,7506,8986,7508
1,8471,8953,7179
1,9153,9215,8064
1,6481,9094,8858
1,6447,9092,8039
1,8549,8992,7169
1,9171,9186,7523
1,8035,9081,6773
1,8322,8974,7669
1,8331,9120,6254
1,8235,9114,8234
1,8823,9026,5924
1,8089,8962,8419
1,7872,9023,7510
1,6262,9141,9119
1,8874,8917,6367
1,8766,9225,4662
1,5898,9069,8612
1,8649,9197,5937
1,7476,9207,9017
1,7363,8971,7529
1,7366,8954,7518
1,739,9077,7208
1,8163,8985,8165
1,6495,8928,8448
1,7340,9064,8369
1,5951,8974,8677
1,7713,9123,7452
1,7224,9093,8193
1,7968,9170,7975
1,7971,9220,7969
1,7577,9204,7588
1,8689,9147,7548
1,6930,8984,8921
1,7788,9056,9036
1,8245,9193,5906
1,7458,8902,8797
1,8259,9072,7556
1,7523,9186,8085
1,8271,9167,7585
1,8029,9223,8028
1,7560,9071,8132
1,8958,9049,8103
1,6548,9121,6803
1,7697,9049,8958
1,7846,9062,7845
1,7673,9086,8816
1,8921,8984,7586
1,7452,8973,7255
1,7495,8968,7493
1,7514,9047,7512
1,4808,9035,4809
1,8543,9018,8887
1,4800,9045,4801
1,7836,9039,7261
1,7711,9059,7712
1,7525,9153,8064
1,7991,9130,7989
1,7723,9008,7478
1,8472,8941,7152
1,758,9079,759
1,4754,8979,7200
1,8390,8943,6537
1,6488,8961,8421
1,7146,9044,7827
1,7785,9180,7786
1,8125,9053,8803
1,8721,8896,7393
1,6480,9061,8901
1,8584,9021,7151
1,7488,9187,7875
1,7459,9103,8648
1,5908,9002,4934
1,8419,8962,5894
1,7173,9113,8218
1,7806,9001,7803
1,8345,9075,7112
1,6502,9125,8790
1,6136,9230,6126
1,6262,9119,6259
1,6264,9141,6262
1,9049,9108,6573
1,7548,9147,7546
1,6030,9066,6029
1,6733,8980,6731
1,6838,9003,7379
1,8568,9167,9027
1,7254,9152,7825
1,8360,8850,8772
1,7157,9028,6770
1,7246,9174,6855
1,7680,8996,7683
1,8474,8947,5945
1,7724,9162,8997
1,8180,9040,8636
1,8316,9159,7677
1,9027,9167,8272
1,6032,8991,6035
1,744,9116,745
1,7581,9228,8293
1,7248,9063,4816
1,8640,8931,7411
1,7460,9154,7798
1,6026,9090,6025
1,7589,9131,9119
1,7115,9007,7045
1,7850,9096,7775
1,7349,9135,8227
1,8799,8814,7915
1,6720,9195,6722
1,6523,9233,8197
1,6902,9009,6903
1,7703,9087,7410
1,8163,9128,8985
1,9026,9093,8895
1,6737,8994,6735
1,7777,9165,8707
1,8172,9179,8171
1,8878,9134,7108
1,7668,9199,8323
1,7538,9182,8072
1,8371,9136,7033
1,8845,8963,7437
1,4943,9139,8950
1,9038,9112,6562
1,4900,9041,4899
1,8300,9013,8443
1,6507,9124,8810
1,8568,9027,6643
1,6035,8991,8960
1,9113,9133,7792
1,7358,9024,777
1,7518,9102,8662
1,8489,9185,6894
1,8772,8850,7365
1,8436,9050,7708
1,8655,9062,7846
1,5322,9055,5321
1,7980,9171,7523
1,7695,9227,7539
1,8917,8943,8390
1,6039,8892,8781
1,8250,9224,9055
1,8353,9043,7278
1,8810,9124,7769
1,4954,9063,8737
1,8272,9167,8271
1,6245,9019,6246
1,7580,9228,7581
1,8491,9034,8674
1,8490,9151,7575
1,7724,8997,8757
1,7685,9190,7687
1,5953,9199,8608
1,6448,9122,7835
1,7696,9049,7697
1,6906,9163,6907
1,6409,9057,762
1,7161,9164,7058
1,6557,9052,6518
1,7950,9099,8868
1,7470,9014,7338
1,8164,9128,8163
1,8450,9026,8895
1,8868,9099,8446
1,8326,9100,7906
1,7071,9050,7253
1,8696,9176,5959
1,7340,9198,9064
1,8857,8874,6367
1,8997,9162,4784
1,9023,9158,7179
1,8388,9117,8907
1,4930,9088,4929
1,4762,9144,4763
1,8536,9033,6485
1,8329,9086,5961
1,8281,9185,8489
1,7284,9061,8492
1,8327,9151,6448
1,8935,9057,6409
1,6537,8982,8576
1,9150,9189,7322
1,7328,8995,8553
1,4865,9101,4864
1,7066,9150,7322
1,7527,9169,9118
1,6709,9032,7135
1,7170,9037,7396
1,4919,9109,4918
1,4784,9162,4785
1,7587,9051,7422
1,8943,8982,6537
1,7041,9076,7039
1,4857,9132,4856
1,4944,9139,4943
1,8305,9197,7364
1,7131,9091,6756
1,7498,9138,7584
1,7829,9097,7537
1,7536,9056,7788
1,7457,9073,7162
1,6245,9029,9019
1,7962,9177,9032
1,6448,9151,9122
1,6276,9046,8557
1,8523,9027,8272
1,7171,9058,7172
1,9170,9217,7975
1,8475,9029,6245
1,7275,9186,8494
1,6871,9158,7495
1,8756,8945,8598
1,7718,9082,7715
1,8800,9102,7518
1,6639,9208,8786
1,4896,9160,4895
1,7503,9115,7501
1,9034,9056,7536
1,8650,9143,8077
1,5924,9026,8450
1,8037,9098,8715
1,6139,9146,6149
1,6562,9112,6540
1,7864,8972,8749
1,7453,9210,7573
1,8896,8898,7393
1,8215,8898,8896
1,7322,9189,7541
1,6361,9153,8831
1,8552,9085,5911
1,7696,9108,9049
1,8368,9198,7340
1,7836,9189,9150
1,8365,9067,5955
1,4842,9232,4841
1,7428,9180,8199
1,738,9098,8037
1,8608,9199,7668
1,8198,9172,7543
1,7708,9000,8796
1,6707,9018,8543
1,8415,9065,6484
1,6152,9201,8353
1,8636,9040,8774
1,5898,9142,4846
1,8153,8939,8883
1,7442,9111,7579
1,8355,9231,7508
1,7329,9083,7509
1,7077,9155,7102
1,8386,9094,6481
1,7356,9161,8495
1,7793,9183,7552
1,9158,9203,7495
1,7698,9108,7696
1,6134,9205,6139
1,8051,8963,8845
1,7173,9133,9113
1,8418,9069,5898
1,7391,9118,8374
1,8374,9169,6639
1,8667,9218,7810
1,7741,9105,7742
1,7873,9203,7872
1,6139,9205,9146
1,7739,9120,7459
1,5932,9117,8388
1,7517,9131,7589
1,8353,9201,9043
1,7845,9189,7836
1,7872,9203,9158
1,7743,9136,7511
1,8944,8960,7947
1,7247,9166,9031
1,6342,9215,6343
1,6532,9149,6571
1,7320,9124,8539
1,8556,9217,6266
1,7379,9003,8873
1,7790,9188,7791
1,8766,9005,8592
1,7582,9229,7167
1,9095,9153,7525
1,9103,9131,7517
1,8588,9031,7763
1,8533,9053,7211
1,8431,9126,7550
1,8459,9074,5896
1,7671,9070,7688
1,6195,9212,6197
1,5992,9234,5994
1,8466,9223,8029
1,5920,9110,8352
1,7810,9218,8618
1,8464,9226,6465
1,8456,9068,5902
1,5917,9106,8430
1,9118,9169,8374
1,8956,9111,7442
1,8446,9099,5925
1,8848,9157,7275
1,7962,9032,8841
1,6266,9170,8806
1,8891,9227,5910
1,7470,9192,9014
1,5902,9080,8486
1,9031,9166,7763
1,5941,9143,8650
1,7524,9233,8431
1,7508,9231,8644
1,7264,9154,8601
1,8866,8921,7586
1,5911,9062,8655
1,8455,9107,5895
1,8662,9102,7726
1,7751,9165,8763
1,9032,9177,7135
1,8592,9005,6807
1,8128,9176,8696
1,9068,9080,5902
1,9039,9150,7474
1,8674,9034,7536
1,8816,9086,8329
1,9014,9192,8343
1,8774,9040,7136
1,7381,9209,7762
1,7991,9221,8947
1,7581,9054,8669
1,6491,9173,8427
1,5943,9184,8607
1,7729,9156,7522
1,8843,9213,6363
1,7585,9167,8568
1,8912,9145,7946
1,8813,9225,7451
1,9074,9223,5896
1,8431,9233,9126
1,5892,9211,8422
1,7208,9077,8711
1,8494,9171,7440
1,7718,9121,9082
1,8711,9077,4817
1,8737,9063,7248
1,8798,9173,6491
1,8805,9076,8302
1,7754,9080,9068
1,5896,9223,8466
1,7473,9174,9044
1,9018,9073,7457
1,8648,9103,7517
1,9126,9233,6523
1,6506,9216,8456
1,8644,9231,7732
1,6774,9168,8558
1,8932,8989,8045
1,8456,9216,9068
1,8028,9223,9074
1,7565,9134,8878
1,6035,8960,8944
1,7752,9202,8606
1,8930,9211,5892
1,7522,9156,8789
1,8901,9061,7768
1,8731,9214,6508
1,6508,9214,8745
1,8895,8993,6497
1,7681,9194,8691
1,6663,9196,8682
1,7602,9210,8727
1,8807,9113,7792
1,8727,9210,7453
1,8171,9179,9045
1,8193,9093,9026
1,8903,9191,6832
1,8002,9160,8888
1,8790,9125,7927
1,9068,9216,7756
1,8835,9184,5943
1,8844,9100,8326
1,8701,9228,7580
1,8791,9106,5917
1,8937,9028,7157
1,7813,8993,8895
1,8877,9014,8343
1,9005,9148,6807
1,7421,9191,8903
1,8895,9093,7813
1,8081,9004,8938
1,6807,9148,8544
1,8919,9033,8536
1,8923,9191,7421
1,6954,9181,8713
1,7135,9177,8730
1,7526,9005,8766
1,8141,9149,8911
1,8787,9202,7752
1,8067,9033,8919
1,8831,9095,7380
1,8143,9028,8937
1,7791,9188,8829
1,8851,9125,8480
1,8210,9104,8996
1,8577,9225,8813
1,7903,9100,8844
1,7817,9202,8787
1,8745,9214,7865
1,7451,9225,8766
1,8707,9165,7751
1,7792,9133,8902
1,9072,9163,6906
1,8870,9192,7470
1,7763,9166,8890
1,9048,9155,8015
1,9012,9095,7525
1,7452,9092,8973
1,8038,9194,8885
1,7840,9145,8912
1,8996,9104,7683
1,8906,9207,7476
1,7495,9137,8968
1,7584,9138,9066
1,7539,9227,8891
1,8947,9221,7999
1,7978,9191,8923
1,9137,9203,9178
1,9178,9203,7873
1,9066,9138,6029
1,7872,9158,9023
1,7836,9150,9039
1,7115,9206,9007
1,8259,9163,9072
1,9044,9174,7827
1,9127,9213,7676
1,7797,9213,9127
1,7495,9203,9137
1,9137,9178,7183
1,6342,9219,9215
1,9215,9219,8064
