0.0000000000000000,0.0000000000000000,0.0000000000000000
0.0080000000000000,0.0000000000000000,0.0000000000000000
0.0056568542494924,0.0056568542494924,0.0000000000000000
0.0085000000000000,0.0000000000000000,0.0000000000000000
0.0270000000000000,0.0000000000000000,0.0000000000000000
0.0275000000000000,0.0000000000000000,0.0000000000000000
0.0060104076400857,0.0060104076400857,0.0000000000000000
0.0190918830920368,0.0190918830920368,0.0000000000000000
0.0194454364826301,0.0194454364826301,0.0000000000000000
0.0084852813742386,0.0005000000000000,0.0000000000000000
0.0269953699733862,0.0005000000000000,0.0000000000000000
0.0275833333333333,0.0000000000000000,0.0000000000000000
0.0276666666666667,0.0000000000000000,0.0000000000000000
0.0277500000000000,0.0000000000000000,0.0000000000000000
0.0195043620477289,0.0195043620477289,0.0000000000000000
0.0195632876128278,0.0195632876128278,0.0000000000000000
0.0196222131779267,0.0196222131779267,0.0000000000000000
0.0091923881554251,0.0091923881554251,0.0000000000000000
0.0109601551083915,0.0109601551083915,0.0000000000000000
0.0169033876042644,0.0014813887065858,0.0000000000000000
0.0186711545572308,0.0032491556595522,0.0000000000000000
0.0007999999999987,0.0000000000000000,0.0000000000000000
0.0015999999999967,0.0000000000000000,0.0000000000000000
0.0023999999999944,0.0000000000000000,0.0000000000000000
0.0031999999999924,0.0000000000000000,0.0000000000000000
0.0039999999999897,0.0000000000000000,0.0000000000000000
0.0047999999999913,0.0000000000000000,0.0000000000000000
0.0055999999999934,0.0000000000000000,0.0000000000000000
0.0063999999999962,0.0000000000000000,0.0000000000000000
0.0071999999999982,0.0000000000000000,0.0000000000000000
0.0005656854249481,0.0005656854249481,0.0000000000000000
0.0011313708498957,0.0011313708498957,0.0000000000000000
0.0016970562748433,0.0016970562748433,0.0000000000000000
0.0022627416997908,0.0022627416997908,0.0000000000000000
0.0028284271247384,0.0028284271247384,0.0000000000000000
0.0033941125496892,0.0033941125496892,0.0000000000000000
0.0039597979746399,0.0039597979746399,0.0000000000000000
0.0045254833995908,0.0045254833995908,0.0000000000000000
0.0050911688245414,0.0050911688245414,0.0000000000000000
0.0079614778132213,0.0007841371242232,0.0000000000000000
0.0078462822424786,0.0015607225798856,0.0000000000000000
0.0076555226840965,0.0023222774238416,0.0000000000000000
0.0073910362571536,0.0030614674660105,0.0000000000000000
0.0070553701121562,0.0037711738995295,0.0000000000000000
0.0066517568965608,0.0044445618669399,0.0000000000000000
0.0061840836261987,0.0050751462741660,0.0000000000000000
0.0089925289809187,0.0000000000000000,0.0000000000000000
0.0094758790888885,0.0000000000000000,0.0000000000000000
0.0099502213697931,0.0000000000000000,0.0000000000000000
0.0104157236844087,0.0000000000000000,0.0000000000000000
0.0108725507755818,0.0000000000000000,0.0000000000000000
0.0113208643465080,0.0000000000000000,0.0000000000000000
0.0117608231509370,0.0000000000000000,0.0000000000000000
0.0121925825957299,0.0000000000000000,0.0000000000000000
0.0126162957687077,0.0000000000000000,0.0000000000000000
0.0130321125125669,0.0000000000000000,0.0000000000000000
0.0134401800402549,0.0000000000000000,0.0000000000000000
0.0138406426547085,0.0000000000000000,0.0000000000000000
0.0142336421899722,0.0000000000000000,0.0000000000000000
0.0146193177556387,0.0000000000000000,0.0000000000000000
0.0149978056719286,0.0000000000000000,0.0000000000000000
0.0153692401151112,0.0000000000000000,0.0000000000000000
0.0157337522805161,0.0000000000000000,0.0000000000000000
0.0160914714264577,0.0000000000000000,0.0000000000000000
0.0164425239476489,0.0000000000000000,0.0000000000000000
0.0167870342661664,0.0000000000000000,0.0000000000000000
0.0171251241266173,0.0000000000000000,0.0000000000000000
0.0174569133773950,0.0000000000000000,0.0000000000000000
0.0177825192156578,0.0000000000000000,0.0000000000000000
0.0181020571074910,0.0000000000000000,0.0000000000000000
0.0184156399246798,0.0000000000000000,0.0000000000000000
0.0187233787790437,0.0000000000000000,0.0000000000000000
0.0190253824894274,0.0000000000000000,0.0000000000000000
0.0193217580426915,0.0000000000000000,0.0000000000000000
0.0196126102175134,0.0000000000000000,0.0000000000000000
0.0198980420334470,0.0000000000000000,0.0000000000000000
0.0201781544678238,0.0000000000000000,0.0000000000000000
0.0204530466847906,0.0000000000000000,0.0000000000000000
0.0207228158953348,0.0000000000000000,0.0000000000000000
0.0209875576562760,0.0000000000000000,0.0000000000000000
0.0212473656298559,0.0000000000000000,0.0000000000000000
0.0215023317545865,0.0000000000000000,0.0000000000000000
0.0217525462778740,0.0000000000000000,0.0000000000000000
0.0219980977706535,0.0000000000000000,0.0000000000000000
0.0222390730697744,0.0000000000000000,0.0000000000000000
0.0224755574894151,0.0000000000000000,0.0000000000000000
0.0227076347578474,0.0000000000000000,0.0000000000000000
0.0229353869896814,0.0000000000000000,0.0000000000000000
0.0231588947653801,0.0000000000000000,0.0000000000000000
0.0233782371758714,0.0000000000000000,0.0000000000000000
0.0235934918735618,0.0000000000000000,0.0000000000000000
0.0238047350833631,0.0000000000000000,0.0000000000000000
0.0240120414817868,0.0000000000000000,0.0000000000000000
0.0242154844878974,0.0000000000000000,0.0000000000000000
0.0244151360105159,0.0000000000000000,0.0000000000000000
0.0246110668602590,0.0000000000000000,0.0000000000000000
0.0248033462515751,0.0000000000000000,0.0000000000000000
0.0249920423202314,0.0000000000000000,0.0000000000000000
0.0251772217839301,0.0000000000000000,0.0000000000000000
0.0253589501748379,0.0000000000000000,0.0000000000000000
0.0255372918603996,0.0000000000000000,0.0000000000000000
0.0257123099389753,0.0000000000000000,0.0000000000000000
0.0258840663375418,0.0000000000000000,0.0000000000000000
0.0260526217983938,0.0000000000000000,0.0000000000000000
0.0262180360713180,0.0000000000000000,0.0000000000000000
0.0263803676167957,0.0000000000000000,0.0000000000000000
0.0265396739815834,0.0000000000000000,0.0000000000000000
0.0266960114273948,0.0000000000000000,0.0000000000000000
0.0268494353242798,0.0000000000000000,0.0000000000000000
0.0271266322961224,0.0000000000000000,0.0000000000000000
0.0272897876458473,0.0000000000000000,0.0000000000000000
0.0191814256480410,0.0191814256480410,0.0000000000000000
0.0192967939020343,0.0192967939020343,0.0000000000000000
0.0065205868137127,0.0054527009458465,0.0000000000000000
0.0069593304426624,0.0048803401305475,0.0000000000000000
0.0073312717925607,0.0043014478845622,0.0000000000000000
0.0076413836812894,0.0037228020945685,0.0000000000000000
0.0078947882882198,0.0031499710925955,0.0000000000000000
0.0080966107963028,0.0025874492484284,0.0000000000000000
0.0082518684227510,0.0020387907037272,0.0000000000000000
0.0083653900815373,0.0015067344768462,0.0000000000000000
0.0084417600489779,0.0009933213354606,0.0000000000000000
0.0089780789458306,0.0005000000000000,0.0000000000000000
0.0094616926389619,0.0005000000000000,0.0000000000000000
0.0099362935927924,0.0005000000000000,0.0000000000000000
0.0104020497596380,0.0005000000000000,0.0000000000000000
0.0108591259721843,0.0005000000000000,0.0000000000000000
0.0113076840218083,0.0005000000000000,0.0000000000000000
0.0117478827488329,0.0005000000000000,0.0000000000000000
0.0121798776448672,0.0005000000000000,0.0000000000000000
0.0126038218812156,0.0005000000000000,0.0000000000000000
0.0130198653822882,0.0005000000000000,0.0000000000000000
0.0134281554413119,0.0005000000000000,0.0000000000000000
0.0138288364399164,0.0005000000000000,0.0000000000000000
0.0142220502894924,0.0005000000000000,0.0000000000000000
0.0146079361754931,0.0005000000000000,0.0000000000000000
0.0149866304924786,0.0005000000000000,0.0000000000000000
0.0153582674898886,0.0005000000000000,0.0000000000000000
0.0157229784345974,0.0005000000000000,0.0000000000000000
0.0160808926554077,0.0005000000000000,0.0000000000000000
0.0164321366159592,0.0005000000000000,0.0000000000000000
0.0167768348061795,0.0005000000000000,0.0000000000000000
0.0171151090370672,0.0005000000000000,0.0000000000000000
0.0174470792223720,0.0005000000000000,0.0000000000000000
0.0177728626231637,0.0005000000000000,0.0000000000000000
0.0180925747684945,0.0005000000000000,0.0000000000000000
0.0184063285917018,0.0005000000000000,0.0000000000000000
0.0187142352651978,0.0005000000000000,0.0000000000000000
0.0190164036671694,0.0005000000000000,0.0000000000000000
0.0193129408428202,0.0005000000000000,0.0000000000000000
0.0196039516279666,0.0005000000000000,0.0000000000000000
0.0198895390983420,0.0005000000000000,0.0000000000000000
0.0201698042863440,0.0005000000000000,0.0000000000000000
0.0204448464101966,0.0005000000000000,0.0000000000000000
0.0207147627338990,0.0005000000000000,0.0000000000000000
0.0209796488663810,0.0005000000000000,0.0000000000000000
0.0212395985209608,0.0005000000000000,0.0000000000000000
0.0214947036862876,0.0005000000000000,0.0000000000000000
0.0217450546589819,0.0005000000000000,0.0000000000000000
0.0219907400582793,0.0005000000000000,0.0000000000000000
0.0222318467683838,0.0005000000000000,0.0000000000000000
0.0224684601499983,0.0005000000000000,0.0000000000000000
0.0227006639770539,0.0005000000000000,0.0000000000000000
0.0229285404089405,0.0005000000000000,0.0000000000000000
0.0231521700700639,0.0005000000000000,0.0000000000000000
0.0233716320944824,0.0005000000000000,0.0000000000000000
0.0235870041769491,0.0005000000000000,0.0000000000000000
0.0237983625839431,0.0005000000000000,0.0000000000000000
0.0240057820326995,0.0005000000000000,0.0000000000000000
0.0242093359823203,0.0005000000000000,0.0000000000000000
0.0244090963808405,0.0005000000000000,0.0000000000000000
0.0246051340774918,0.0005000000000000,0.0000000000000000
0.0247975183244676,0.0005000000000000,0.0000000000000000
0.0249863172946913,0.0005000000000000,0.0000000000000000
0.0251715977422484,0.0005000000000000,0.0000000000000000
0.0253534252350421,0.0005000000000000,0.0000000000000000
0.0255318641756187,0.0005000000000000,0.0000000000000000
0.0257069776967479,0.0005000000000000,0.0000000000000000
0.0258788277591768,0.0005000000000000,0.0000000000000000
0.0260474751383250,0.0005000000000000,0.0000000000000000
0.0262129796165623,0.0005000000000000,0.0000000000000000
0.0263753996862504,0.0005000000000000,0.0000000000000000
0.0265347929255275,0.0005000000000000,0.0000000000000000
0.0266912156267888,0.0005000000000000,0.0000000000000000
0.0268447231902790,0.0005000000000000,0.0000000000000000
0.0191969240538991,0.0189862610028628,0.0000000000000000
0.0193013806911488,0.0188800610013672,0.0000000000000000
0.0194052498244596,0.0187732863199364,0.0000000000000000
0.0195085282924315,0.0186659402083956,0.0000000000000000
0.0196112129512490,0.0185580259343704,0.0000000000000000
0.0197133006748823,0.0184495467830970,0.0000000000000000
0.0198147883557018,0.0183405060567789,0.0000000000000000
0.0199156729049917,0.0182309070740152,0.0000000000000000
0.0200159512522272,0.0181207531705629,0.0000000000000000
0.0201156203451271,0.0180100476992902,0.0000000000000000
0.0202146771500320,0.0178987940297656,0.0000000000000000
0.0203131186517302,0.0177869955484543,0.0000000000000000
0.0204109418533119,0.0176746556589010,0.0000000000000000
0.0205081437772862,0.0175617777804571,0.0000000000000000
0.0206047214650809,0.0174483653488353,0.0000000000000000
0.0207006719769834,0.0173344218161822,0.0000000000000000
0.0207959923930491,0.0172199506499945,0.0000000000000000
0.0208906798110592,0.0171049553355688,0.0000000000000000
0.0209847313490386,0.0169894393729952,0.0000000000000000
0.0210781441444359,0.0168734062781166,0.0000000000000000
0.0211709153539709,0.0167568595827202,0.0000000000000000
0.0212630421537579,0.0166398028343943,0.0000000000000000
0.0213545217394050,0.0165222395964131,0.0000000000000000
0.0214453513261967,0.0164041734475100,0.0000000000000000
0.0215355281502406,0.0162856079803670,0.0000000000000000
0.0216250494658871,0.0161665468049901,0.0000000000000000
0.0217139125486168,0.0160469935449299,0.0000000000000000
0.0218021146936938,0.0159269518390375,0.0000000000000000
0.0218896532160947,0.0158064253415854,0.0000000000000000
0.0219765254512977,0.0156854177211977,0.0000000000000000
0.0220627287552388,0.0155639326608913,0.0000000000000000
0.0221482605038306,0.0154419738587544,0.0000000000000000
0.0222331180939546,0.0153195450265427,0.0000000000000000
0.0223172989423705,0.0151966498912382,0.0000000000000000
0.0224008004866890,0.0150732921936633,0.0000000000000000
0.0224836201854653,0.0149494756883222,0.0000000000000000
0.0225657555174560,0.0148252041445102,0.0000000000000000
0.0226472039830153,0.0147004813442177,0.0000000000000000
0.0227279631029399,0.0145753110838638,0.0000000000000000
0.0228080304188500,0.0144496971737407,0.0000000000000000
0.0228874034935492,0.0143236434374593,0.0000000000000000
0.0229660799112975,0.0141971537114979,0.0000000000000000
0.0230440572769888,0.0140702318465212,0.0000000000000000
0.0231213332174792,0.0139428817052392,0.0000000000000000
0.0231979053804226,0.0138151071642952,0.0000000000000000
0.0232737714352345,0.0136869121126886,0.0000000000000000
0.0233489290727394,0.0135583004523496,0.0000000000000000
0.0234233760048613,0.0134292760986916,0.0000000000000000
0.0234971099654462,0.0132998429792132,0.0000000000000000
0.0235701287102772,0.0131700050334450,0.0000000000000000
0.0236424300174672,0.0130397662122128,0.0000000000000000
0.0237140116857595,0.0129091304806971,0.0000000000000000
0.0237848715360880,0.0127781018156764,0.0000000000000000
0.0238550074117320,0.0126466842052061,0.0000000000000000
0.0239244171782118,0.0125148816487766,0.0000000000000000
0.0239930987226829,0.0123826981584625,0.0000000000000000
0.0240610499544947,0.0122501377578912,0.0000000000000000
0.0241282688049465,0.0121172044827280,0.0000000000000000
0.0241947532282958,0.0119839023786857,0.0000000000000000
0.0242605012007840,0.0118502355034303,0.0000000000000000
0.0243255107214496,0.0117162079249491,0.0000000000000000
0.0243897798110853,0.0115818237236964,0.0000000000000000
0.0244533065138395,0.0114470869892832,0.0000000000000000
0.0245160888958111,0.0113120018234037,0.0000000000000000
0.0245781250458270,0.0111765723382301,0.0000000000000000
0.0246394130759843,0.0110408026551974,0.0000000000000000
0.0246999511206920,0.0109046969070868,0.0000000000000000
0.0247597373371853,0.0107682592369237,0.0000000000000000
0.0248187699054224,0.0106314937982251,0.0000000000000000
0.0248770470288377,0.0104944047532481,0.0000000000000000
0.0249345669332324,0.0103569962755692,0.0000000000000000
0.0249913278683666,0.0102192725463118,0.0000000000000000
0.0250473281061752,0.0100812377584108,0.0000000000000000
0.0251025659420153,0.0099428961136468,0.0000000000000000
0.0251570396946661,0.0098042518226020,0.0000000000000000
0.0252107477061765,0.0096653091050166,0.0000000000000000
0.0252636883416425,0.0095260721903814,0.0000000000000000
0.0253158599897393,0.0093865453165644,0.0000000000000000
0.0253672610622093,0.0092467327311717,0.0000000000000000
0.0254178899944933,0.0091066386898701,0.0000000000000000
0.0254677452457972,0.0089662674561478,0.0000000000000000
0.0255168252984161,0.0088256233032071,0.0000000000000000
0.0255651286583957,0.0086847105121399,0.0000000000000000
0.0256126538553953,0.0085435333723058,0.0000000000000000
0.0256593994429028,0.0084020961806895,0.0000000000000000
0.0257053639981492,0.0082604032421338,0.0000000000000000
0.0257505461220163,0.0081184588696322,0.0000000000000000
0.0257949444391968,0.0079762673838550,0.0000000000000000
0.0258385575981935,0.0078338331131597,0.0000000000000000
0.0258813842716214,0.0076911603925979,0.0000000000000000
0.0259234231558233,0.0075482535651715,0.0000000000000000
0.0259646729714749,0.0074051169797890,0.0000000000000000
0.0260051324628270,0.0072617549938582,0.0000000000000000
0.0260448003981489,0.0071181719718326,0.0000000000000000
0.0260836755701733,0.0069743722835783,0.0000000000000000
0.0261217567954660,0.0068303603066402,0.0000000000000000
0.0261590429149991,0.0066861404241339,0.0000000000000000
0.0261955327938922,0.0065417170256837,0.0000000000000000
0.0262312253215458,0.0063970945069065,0.0000000000000000
0.0262661194111086,0.0062522772716336,0.0000000000000000
0.0263002140009304,0.0061072697259303,0.0000000000000000
0.0263335080531215,0.0059620762839959,0.0000000000000000
0.0263660005540145,0.0058167013663850,0.0000000000000000
0.0263976905147044,0.0056711493975988,0.0000000000000000
0.0264285769706260,0.0055254248078946,0.0000000000000000
0.0264586589816732,0.0053795320327630,0.0000000000000000
0.0264879356321302,0.0052334755132824,0.0000000000000000
0.0265164060309227,0.0050872596948892,0.0000000000000000
0.0265440693114857,0.0049408890280030,0.0000000000000000
0.0265709246317317,0.0047943679682345,0.0000000000000000
0.0265969711743444,0.0046477009747934,0.0000000000000000
0.0266222081464823,0.0045008925120881,0.0000000000000000
0.0266466347798695,0.0043539470493163,0.0000000000000000
0.0266702503311131,0.0042068690585472,0.0000000000000000
0.0266930540811536,0.0040596630181100,0.0000000000000000
0.0267150453360815,0.0039123334074575,0.0000000000000000
0.0267362234263954,0.0037648847118957,0.0000000000000000
0.0267565877075329,0.0036173214191025,0.0000000000000000
0.0267761375595538,0.0034696480213205,0.0000000000000000
0.0267948723875617,0.0033218690122106,0.0000000000000000
0.0268127916211490,0.0031739888911024,0.0000000000000000
0.0268298947149219,0.0030260121589657,0.0000000000000000
0.0268461811483511,0.0028779433194417,0.0000000000000000
0.0268616504256733,0.0027297868797626,0.0000000000000000
0.0268763020760115,0.0025815473497457,0.0000000000000000
0.0268901356534049,0.0024332292414574,0.0000000000000000
0.0269031507368066,0.0022848370691726,0.0000000000000000
0.0269153469300338,0.0021363753499603,0.0000000000000000
0.0269267238618616,0.0019878486026495,0.0000000000000000
0.0269372811859602,0.0018392613486160,0.0000000000000000
0.0269470185809925,0.0016906181105283,0.0000000000000000
0.0269559357506395,0.0015419234116501,0.0000000000000000
0.0269640324233612,0.0013931817799290,0.0000000000000000
0.0269713083527495,0.0012443977422452,0.0000000000000000
0.0269777633173626,0.0010955758268427,0.0000000000000000
0.0269833971207360,0.0009467205631305,0.0000000000000000
0.0269882095913457,0.0007978364829933,0.0000000000000000
0.0269922005827219,0.0006489281178285,0.0000000000000000
0.0274989528842606,0.0002399797266807,0.0000000000000000
0.0274958116167850,0.0004799411779269,0.0000000000000000
0.0274905764367918,0.0007198660798444,0.0000000000000000
0.0274832477429620,0.0009597361611280,0.0000000000000000
0.0274738260934052,0.0011995331547420,0.0000000000000000
0.0274623122056115,0.0014392387993390,0.0000000000000000
0.0274487069564058,0.0016788348404060,0.0000000000000000
0.0274330113818781,0.0019183030317821,0.0000000000000000
0.0274152266773038,0.0021576251370552,0.0000000000000000
0.0273953541970751,0.0023967829306805,0.0000000000000000
0.0273733954545572,0.0026357581999166,0.0000000000000000
0.0273493521219802,0.0028745327460191,0.0000000000000000
0.0273232260303119,0.0031130883855888,0.0000000000000000
0.0272950191691908,0.0033514069513425,0.0000000000000000
0.0272647336866898,0.0035894702943310,0.0000000000000000
0.0272323718891364,0.0038272602853445,0.0000000000000000
0.0271979362410735,0.0040647588152928,0.0000000000000000
0.0271614293647811,0.0043019477986147,0.0000000000000000
0.0271228540404314,0.0045388091721786,0.0000000000000000
0.0270822132058208,0.0047753248972676,0.0000000000000000
0.0270395099557724,0.0050114769631002,0.0000000000000000
0.0269947475422994,0.0052472473857747,0.0000000000000000
0.0269479293743245,0.0054826182099811,0.0000000000000000
0.0268990590171806,0.0057175715115978,0.0000000000000000
0.0268481401924842,0.0059520893982462,0.0000000000000000
0.0267951767780147,0.0061861540099596,0.0000000000000000
0.0267401728070221,0.0064197475223403,0.0000000000000000
0.0266831324683663,0.0066528521459308,0.0000000000000000
0.0266240601058452,0.0068854501291012,0.0000000000000000
0.0265629602181087,0.0071175237583848,0.0000000000000000
0.0264998374580090,0.0073490553610042,0.0000000000000000
0.0264346966327407,0.0075800273043683,0.0000000000000000
0.0263675427030924,0.0078104219988805,0.0000000000000000
0.0262983807828603,0.0080402218999034,0.0000000000000000
0.0262272161390522,0.0082694095070590,0.0000000000000000
0.0261540541911854,0.0084979673666435,0.0000000000000000
0.0260789005107337,0.0087258780733662,0.0000000000000000
0.0260017608211033,0.0089531242704509,0.0000000000000000
0.0259226409969226,0.0091796886518372,0.0000000000000000
0.0258415470633178,0.0094055539642454,0.0000000000000000
0.0257584851956771,0.0096307030077810,0.0000000000000000
0.0256734617196146,0.0098551186360937,0.0000000000000000
0.0255864831100242,0.0100787837589882,0.0000000000000000
0.0254975559906420,0.0103016813435514,0.0000000000000000
0.0254066871337216,0.0105237944150001,0.0000000000000000
0.0253138834597135,0.0107451060575521,0.0000000000000000
0.0252191520353740,0.0109655994189415,0.0000000000000000
0.0251225000750521,0.0111852577073132,0.0000000000000000
0.0250239349390434,0.0114040641951247,0.0000000000000000
0.0249234641333924,0.0116220022195620,0.0000000000000000
0.0248210953095691,0.0118390551833027,0.0000000000000000
0.0247168362633039,0.0120552065570451,0.0000000000000000
0.0246106949342668,0.0122704398801533,0.0000000000000000
0.0245026794054011,0.0124847387620298,0.0000000000000000
0.0243927979032958,0.0126980868814546,0.0000000000000000
0.0242810587947408,0.0129104679933123,0.0000000000000000
0.0241674705892000,0.0131218659237225,0.0000000000000000
0.0240520419374988,0.0133322645727123,0.0000000000000000
0.0239347816296472,0.0135416479182226,0.0000000000000000
0.0238156985956869,0.0137500000145236,0.0000000000000000
0.0236948019040584,0.0139573049951426,0.0000000000000000
0.0235721007614621,0.0141635470730844,0.0000000000000000
0.0234476045119053,0.0143687105424697,0.0000000000000000
0.0233213226364257,0.0145727797790174,0.0000000000000000
0.0231932647519783,0.0147757392419006,0.0000000000000000
0.0230634406110538,0.0149775734743781,0.0000000000000000
0.0229318601002627,0.0151782671060296,0.0000000000000000
0.0227985332395923,0.0153778048538536,0.0000000000000000
0.0226634701820828,0.0155761715227409,0.0000000000000000
0.0225266812129663,0.0157733520067673,0.0000000000000000
0.0223881767501532,0.0159693312885637,0.0000000000000000
0.0222479673416169,0.0161640944431276,0.0000000000000000
0.0221060636644135,0.0163576266391215,0.0000000000000000
0.0219624765240343,0.0165499131396888,0.0000000000000000
0.0218172168565962,0.0167409392995810,0.0000000000000000
0.0216702957230391,0.0169306905729222,0.0000000000000000
0.0215217243116235,0.0171191525098200,0.0000000000000000
0.0213715139380471,0.0173063107563646,0.0000000000000000
0.0212196760416680,0.0174921510594512,0.0000000000000000
0.0210662221847887,0.0176766592675516,0.0000000000000000
0.0209111640528626,0.0178598213304128,0.0000000000000000
0.0207545134554838,0.0180416232979780,0.0000000000000000
0.0205962823212525,0.0182220513264359,0.0000000000000000
0.0204364827003851,0.0184010916751387,0.0000000000000000
0.0202751267612210,0.0185787307105846,0.0000000000000000
0.0201122267936188,0.0187549549026929,0.0000000000000000
0.0199477952028664,0.0189297508315482,0.0000000000000000
0.0197818445088521,0.0191031051880996,0.0000000000000000
0.0196143873510580,0.0192750047689399,0.0000000000000000
0.0269997106155814,0.0001250066992661,0.0000000000000000
0.0269988424685289,0.0002500107188874,0.0000000000000000
0.0269973955774598,0.0003750093787556,0.0000000000000000
0.0275822830445157,0.0002407069380004,0.0000000000000000
0.0275791322580466,0.0004813955452157,0.0000000000000000
0.0275738812138701,0.0007220474923137,0.0000000000000000
0.0275665303118742,0.0009626444526913,0.0000000000000000
0.0275570801118613,0.0012031681038975,0.0000000000000000
0.0275455313334996,0.0014436001291807,0.0000000000000000
0.0275318848562678,0.0016839222188071,0.0000000000000000
0.0275161417193920,0.0019241160713728,0.0000000000000000
0.0274983031217687,0.0021641633951959,0.0000000000000000
0.0274783704218987,0.0024040459094408,0.0000000000000000
0.0274563451377187,0.0026437453463309,0.0000000000000000
0.0274322289465447,0.0028832434517631,0.0000000000000000
0.0274060236849172,0.0031225219870382,0.0000000000000000
0.0273777313484402,0.0033615627304000,0.0000000000000000
0.0273473540917325,0.0036003474775609,0.0000000000000000
0.0273148942281103,0.0038388580443833,0.0000000000000000
0.0272803542295588,0.0040770762670782,0.0000000000000000
0.0272437367263597,0.0043149840049038,0.0000000000000000
0.0272050445070818,0.0045525631401967,0.0000000000000000
0.0271642805184198,0.0047897955796023,0.0000000000000000
0.0271214478646127,0.0050266632575568,0.0000000000000000
0.0270765498074788,0.0052631481359444,0.0000000000000000
0.0270295897662174,0.0054992322052970,0.0000000000000000
0.0269805713170306,0.0057348974868261,0.0000000000000000
0.0269294981928644,0.0059701260337023,0.0000000000000000
0.0268763742831813,0.0062048999321609,0.0000000000000000
0.0268212036333760,0.0064392013041028,0.0000000000000000
0.0267639904451903,0.0066730123053639,0.0000000000000000
0.0267047390756243,0.0069063151304151,0.0000000000000000
0.0266434540366814,0.0071390920132062,0.0000000000000000
0.0265801399953999,0.0073713252270347,0.0000000000000000
0.0265148017736486,0.0076029970854852,0.0000000000000000
0.0264474443473192,0.0078340899454391,0.0000000000000000
0.0263780728454688,0.0080645862099006,0.0000000000000000
0.0263066925510195,0.0082944683255717,0.0000000000000000
0.0262333089000895,0.0085237187852639,0.0000000000000000
0.0261579274810017,0.0087523201310529,0.0000000000000000
0.0260805540345075,0.0089802549535586,0.0000000000000000
0.0260011944530986,0.0092075058941025,0.0000000000000000
0.0259198547800565,0.0094340556474171,0.0000000000000000
0.0258365412097556,0.0096598869607453,0.0000000000000000
0.0257512600867459,0.0098849826364311,0.0000000000000000
0.0256640179054482,0.0101093255327253,0.0000000000000000
0.0255748213098024,0.0103328985647520,0.0000000000000000
0.0254836770926998,0.0105556847060144,0.0000000000000000
0.0253905921953488,0.0107776669899970,0.0000000000000000
0.0252955737060396,0.0109988285130779,0.0000000000000000
0.0251986288608480,0.0112191524328273,0.0000000000000000
0.0250997650427287,0.0114386219702197,0.0000000000000000
0.0249989897803576,0.0116572204122319,0.0000000000000000
0.0248963107478453,0.0118749311124107,0.0000000000000000
0.0247917357646860,0.0120917374910212,0.0000000000000000
0.0246852727950022,0.0123076230367242,0.0000000000000000
0.0245769299462451,0.0125225713092454,0.0000000000000000
0.0244667154698353,0.0127365659381129,0.0000000000000000
0.0243546377580444,0.0129495906287503,0.0000000000000000
0.0242407053461269,0.0131616291582780,0.0000000000000000
0.0241249269109804,0.0133726653782121,0.0000000000000000
0.0240073112689575,0.0135826832184648,0.0000000000000000
0.0238878673773338,0.0137916666846574,0.0000000000000000
0.0237666043321001,0.0139995998621096,0.0000000000000000
0.0236435313676182,0.0142064669163812,0.0000000000000000
0.0235186578565422,0.0144122520934337,0.0000000000000000
0.0233919933086689,0.0146169397216027,0.0000000000000000
0.0232635473699292,0.0148205142132396,0.0000000000000000
0.0231333298219193,0.0150229600654490,0.0000000000000000
0.0230013505815856,0.0152242618606213,0.0000000000000000
0.0228676197002618,0.0154244042679766,0.0000000000000000
0.0227321473608045,0.0156233720478151,0.0000000000000000
0.0225949438792831,0.0158211500489005,0.0000000000000000
0.0224560197052337,0.0160177232082444,0.0000000000000000
0.0223153854194298,0.0162130765544383,0.0000000000000000
0.0221730517308159,0.0164071952118678,0.0000000000000000
0.0220290294778439,0.0166000643987324,0.0000000000000000
0.0218833296299966,0.0167916694251254,0.0000000000000000
0.0217359632814974,0.0169819957014237,0.0000000000000000
0.0215869416547135,0.0171710287337065,0.0000000000000000
0.0214362760987787,0.0173587541256481,0.0000000000000000
0.0212839780880929,0.0175451575804653,0.0000000000000000
0.0211300592198836,0.0177302249038749,0.0000000000000000
0.0209745312152914,0.0179139420027125,0.0000000000000000
0.0208174059191225,0.0180962948853145,0.0000000000000000
0.0206586952965657,0.0182772696653913,0.0000000000000000
0.0204984114347323,0.0184568525602339,0.0000000000000000
0.0203365665386358,0.0186350298952649,0.0000000000000000
0.0201731729346071,0.0188117881002369,0.0000000000000000
0.0200082430657630,0.0189871137142833,0.0000000000000000
0.0198417894908731,0.0191609933870261,0.0000000000000000
0.0196738248875822,0.0193334138752195,0.0000000000000000
0.0276656132047706,0.0002414341493385,0.0000000000000000
0.0276624528993080,0.0004828499125096,0.0000000000000000
0.0276571859909485,0.0007242289047834,0.0000000000000000
0.0276498128807891,0.0009655527441796,0.0000000000000000
0.0276403341303204,0.0012068030529828,0.0000000000000000
0.0276287504613817,0.0014479614591361,0.0000000000000000
0.0276150627561117,0.0016890095975037,0.0000000000000000
0.0275992720568775,0.0019299291113674,0.0000000000000000
0.0275813795662056,0.0021707016536915,0.0000000000000000
0.0275613866467013,0.0024113088884425,0.0000000000000000
0.0275392948208786,0.0026517324927629,0.0000000000000000
0.0275151057711226,0.0028919541573787,0.0000000000000000
0.0274888213395154,0.0031319555885493,0.0000000000000000
0.0274604435277303,0.0033717185091252,0.0000000000000000
0.0274299744968504,0.0036112246602202,0.0000000000000000
0.0273974165671538,0.0038504558029265,0.0000000000000000
0.0273627722181557,0.0040893937181164,0.0000000000000000
0.0273260440880205,0.0043280202106743,0.0000000000000000
0.0272872349738490,0.0045663171075162,0.0000000000000000
0.0272463478311697,0.0048042662610805,0.0000000000000000
0.0272033857735714,0.0050418495513747,0.0000000000000000
0.0271583520726951,0.0052790488859249,0.0000000000000000
0.0271112501581849,0.0055158462002458,0.0000000000000000
0.0270620836170311,0.0057522234613461,0.0000000000000000
0.0270108561933068,0.0059881626688780,0.0000000000000000
0.0269575717883560,0.0062236458543268,0.0000000000000000
0.0269022344599282,0.0064586550850387,0.0000000000000000
0.0268448484222521,0.0066931724638436,0.0000000000000000
0.0267854180454505,0.0069271801315471,0.0000000000000000
0.0267239478552963,0.0071606602678698,0.0000000000000000
0.0266604425329648,0.0073935950924381,0.0000000000000000
0.0265949069148179,0.0076259668656909,0.0000000000000000
0.0265273459916304,0.0078577578917128,0.0000000000000000
0.0264577649081054,0.0080889505198062,0.0000000000000000
0.0263861689633100,0.0083195271430594,0.0000000000000000
0.0263125636095468,0.0085494702021821,0.0000000000000000
0.0262369544522016,0.0087787621859546,0.0000000000000000
0.0261593472493628,0.0090073856324518,0.0000000000000000
0.0260797479110390,0.0092353231313854,0.0000000000000000
0.0259981624991324,0.0094625573241673,0.0000000000000000
0.0259145972263180,0.0096890709070662,0.0000000000000000
0.0258290584563400,0.0099148466303528,0.0000000000000000
0.0257415527035435,0.0101398672996809,0.0000000000000000
0.0256520866318758,0.0103641157787427,0.0000000000000000
0.0255606670545787,0.0105875749900259,0.0000000000000000
0.0254673009338938,0.0108102279155869,0.0000000000000000
0.0253719953796981,0.0110320576003311,0.0000000000000000
0.0252747576497868,0.0112530471512826,0.0000000000000000
0.0251755951491900,0.0114731797392234,0.0000000000000000
0.0250745154293315,0.0116924386005941,0.0000000000000000
0.0249715261880706,0.0119108070374323,0.0000000000000000
0.0248666352686703,0.0121282684196620,0.0000000000000000
0.0247598506588062,0.0123448061871403,0.0000000000000000
0.0246511804900936,0.0125604038505643,0.0000000000000000
0.0245406330393962,0.0127750449889674,0.0000000000000000
0.0244282167242351,0.0129887132587583,0.0000000000000000
0.0243139401052688,0.0132013923887537,0.0000000000000000
0.0241978118862174,0.0134130661805450,0.0000000000000000
0.0240798409099839,0.0136237185156736,0.0000000000000000
0.0239600361609524,0.0138333333513762,0.0000000000000000
0.0238384067625015,0.0140418947250707,0.0000000000000000
0.0237149619765195,0.0142493867551091,0.0000000000000000
0.0235897112041491,0.0144557936395512,0.0000000000000000
0.0234626639840791,0.0146610996591197,0.0000000000000000
0.0233338299911690,0.0148652891794161,0.0000000000000000
0.0232032190368350,0.0150683466502832,0.0000000000000000
0.0230708410681986,0.0152702566072206,0.0000000000000000
0.0229367061659821,0.0154710036746115,0.0000000000000000
0.0228008245447182,0.0156705725653347,0.0000000000000000
0.0226632065518278,0.0158689480821394,0.0000000000000000
0.0225238626677998,0.0160661151174308,0.0000000000000000
0.0223828035047001,0.0162620586554848,0.0000000000000000
0.0222400398046309,0.0164567637745967,0.0000000000000000
0.0220955824393101,0.0166502156476154,0.0000000000000000
0.0219494424105579,0.0168423995413375,0.0000000000000000
0.0218016308464004,0.0170333008216766,0.0000000000000000
0.0216521590028271,0.0172229049512774,0.0000000000000000
0.0215010382640702,0.0174111974893007,0.0000000000000000
0.0213482801385097,0.0175981640966368,0.0000000000000000
0.0211938962587812,0.0177837905356666,0.0000000000000000
0.0210378983804026,0.0179680626718714,0.0000000000000000
0.0208802983852323,0.0181509664698084,0.0000000000000000
0.0207211082745237,0.0183324880013573,0.0000000000000000
0.0205603401708783,0.0185126134433314,0.0000000000000000
0.0203980063172045,0.0186913290786859,0.0000000000000000
0.0202341190770900,0.0188686212961782,0.0000000000000000
0.0200686909305985,0.0190444765949752,0.0000000000000000
0.0199017344748525,0.0192188815839245,0.0000000000000000
0.0197332624254054,0.0193918229801772,0.0000000000000000
0.0277489433650254,0.0002421613606877,0.0000000000000000
0.0277457735405693,0.0004843042798116,0.0000000000000000
0.0277404907680263,0.0007264103172763,0.0000000000000000
0.0277330954497010,0.0009684610357537,0.0000000000000000
0.0277235881487745,0.0012104380021829,0.0000000000000000
0.0277119695892619,0.0014523227891295,0.0000000000000000
0.0276982406559596,0.0016940969761345,0.0000000000000000
0.0276824023943723,0.0019357421512306,0.0000000000000000
0.0276644560106478,0.0021772399121213,0.0000000000000000
0.0276444028714808,0.0024185718677077,0.0000000000000000
0.0276222445039935,0.0026597196396612,0.0000000000000000
0.0275979825956473,0.0029006648635006,0.0000000000000000
0.0275716189940466,0.0031413891906493,0.0000000000000000
0.0275431557068922,0.0033818742888954,0.0000000000000000
0.0275125949017745,0.0036221018443513,0.0000000000000000
0.0274799389060081,0.0038620535628163,0.0000000000000000
0.0274451902065494,0.0041017111705149,0.0000000000000000
0.0274083514495518,0.0043410564172618,0.0000000000000000
0.0273694254404705,0.0045800710757069,0.0000000000000000
0.0273284151436961,0.0048187369438269,0.0000000000000000
0.0272853236822925,0.0050570358464747,0.0000000000000000
0.0272401543378272,0.0052949496363378,0.0000000000000000
0.0271929105501138,0.0055324601953840,0.0000000000000000
0.0271435959169692,0.0057695494361597,0.0000000000000000
0.0270922141938872,0.0060061993034312,0.0000000000000000
0.0270387692938040,0.0062423917753088,0.0000000000000000
0.0269832652866086,0.0064781088654410,0.0000000000000000
0.0269257063992796,0.0067133326224607,0.0000000000000000
0.0268660970151872,0.0069480451330246,0.0000000000000000
0.0268044416738475,0.0071822285227711,0.0000000000000000
0.0267407450703966,0.0074158649583216,0.0000000000000000
0.0266750120556355,0.0076489366471230,0.0000000000000000
0.0266072476355040,0.0078814258394639,0.0000000000000000
0.0265374569705200,0.0081133148304376,0.0000000000000000
0.0264656453752379,0.0083445859616970,0.0000000000000000
0.0263918183187004,0.0085752216200346,0.0000000000000000
0.0263159814229782,0.0088052042421210,0.0000000000000000
0.0262381404634148,0.0090345163136779,0.0000000000000000
0.0261583013679624,0.0092631403715400,0.0000000000000000
0.0260764702166903,0.0094910590050882,0.0000000000000000
0.0259926532410411,0.0097182548583063,0.0000000000000000
0.0259068568241477,0.0099447106289280,0.0000000000000000
0.0258190874998157,0.0101704090712645,0.0000000000000000
0.0257293519520072,0.0103953329975400,0.0000000000000000
0.0256376570144520,0.0106194652788792,0.0000000000000000
0.0255440096703321,0.0108427888461401,0.0000000000000000
0.0254484170511604,0.0110652866926351,0.0000000000000000
0.0253508864366697,0.0112869418743555,0.0000000000000000
0.0252514252541518,0.0115077375115174,0.0000000000000000
0.0251500410778557,0.0117276567899205,0.0000000000000000
0.0250467416281449,0.0119466829627707,0.0000000000000000
0.0249415347718771,0.0121647993498966,0.0000000000000000
0.0248344285213896,0.0123819893400048,0.0000000000000000
0.0247254310328102,0.0125982363941048,0.0000000000000000
0.0246145506074939,0.0128135240426325,0.0000000000000000
0.0245017956888025,0.0130278358918194,0.0000000000000000
0.0243871748632576,0.0132411556213534,0.0000000000000000
0.0242706968604277,0.0134534669847302,0.0000000000000000
0.0241523705498163,0.0136647538149930,0.0000000000000000
0.0240322049427328,0.0138750000212790,0.0000000000000000
0.0239102091906853,0.0140841895917965,0.0000000000000000
0.0237863925830614,0.0142923065977637,0.0000000000000000
0.0236607645492948,0.0144993351896849,0.0000000000000000
0.0235333346567425,0.0147052596010327,0.0000000000000000
0.0234041126097139,0.0149100641498227,0.0000000000000000
0.0232731082490338,0.0151137332393011,0.0000000000000000
0.0231403315514672,0.0153162513588727,0.0000000000000000
0.0230057926284621,0.0155176030860504,0.0000000000000000
0.0228695017250933,0.0157177730880031,0.0000000000000000
0.0227314692201071,0.0159167461214698,0.0000000000000000
0.0225917056256788,0.0161145070331882,0.0000000000000000
0.0224502215860315,0.0163110407619528,0.0000000000000000
0.0223070278749185,0.0165063323420925,0.0000000000000000
0.0221621353967505,0.0167003669018408,0.0000000000000000
0.0220155551875419,0.0168931296622117,0.0000000000000000
0.0218672984084445,0.0170846059455886,0.0000000000000000
0.0217173763487192,0.0172747811716413,0.0000000000000000
0.0215658004265524,0.0174636408564226,0.0000000000000000
0.0214125821852838,0.0176511706172273,0.0000000000000000
0.0212577332938585,0.0178373561720110,0.0000000000000000
0.0211012655428081,0.0180221833441983,0.0000000000000000
0.0209431908491070,0.0182056380568735,0.0000000000000000
0.0207835212505456,0.0183877063395117,0.0000000000000000
0.0206222689058344,0.0185683743277502,0.0000000000000000
0.0204594460948008,0.0187476282631681,0.0000000000000000
0.0202950652179963,0.0189254544938101,0.0000000000000000
0.0201291387940754,0.0191018394770988,0.0000000000000000
0.0199616794579070,0.0192767697817807,0.0000000000000000
0.0197926999625600,0.0194502320858152,0.0000000000000000
0.0095459415460176,0.0095459415460176,0.0000000000000000
0.0098994949366099,0.0098994949366099,0.0000000000000000
0.0102530483272026,0.0102530483272026,0.0000000000000000
0.0106066017177974,0.0106066017177974,0.0000000000000000
0.0095428881303715,0.0088418881804787,0.0000000000000000
0.0098933881053184,0.0084913882055318,0.0000000000000000
0.0102438880802649,0.0081408882305853,0.0000000000000000
0.0105943880552117,0.0077903882556386,0.0000000000000000
0.0109448880301579,0.0074398882806924,0.0000000000000000
0.0112953880051041,0.0070893883057462,0.0000000000000000
0.0116458879800503,0.0067388883308000,0.0000000000000000
0.0119963879549970,0.0063883883558532,0.0000000000000000
0.0123468879299431,0.0060378883809071,0.0000000000000000
0.0126973879048889,0.0056873884059613,0.0000000000000000
0.0130478878798357,0.0053368884310145,0.0000000000000000
0.0133983878547836,0.0049863884560667,0.0000000000000000
0.0137488878297316,0.0046358884811186,0.0000000000000000
0.0140993878046795,0.0042853885061707,0.0000000000000000
0.0144498877796278,0.0039348885312224,0.0000000000000000
0.0148003877545761,0.0035843885562742,0.0000000000000000
0.0151508877295235,0.0032338885813267,0.0000000000000000
0.0155013877044717,0.0028833886063785,0.0000000000000000
0.0158518876794198,0.0025328886314304,0.0000000000000000
0.0162023876543680,0.0021823886564823,0.0000000000000000
0.0165528876293165,0.0018318886815338,0.0000000000000000
0.0113106550833379,0.0106096551334451,0.0000000000000000
0.0116611550582849,0.0102591551584981,0.0000000000000000
0.0120116550332310,0.0099086551835519,0.0000000000000000
0.0123621550081772,0.0095581552086058,0.0000000000000000
0.0127126549831237,0.0092076552336593,0.0000000000000000
0.0130631549580696,0.0088571552587134,0.0000000000000000
0.0134136549330160,0.0085066552837670,0.0000000000000000
0.0137641549079624,0.0081561553088206,0.0000000000000000
0.0141146548829088,0.0078056553338741,0.0000000000000000
0.0144651548578549,0.0074551553589281,0.0000000000000000
0.0148156548328012,0.0071046553839818,0.0000000000000000
0.0151661548077496,0.0067541554090334,0.0000000000000000
0.0155166547826978,0.0064036554340852,0.0000000000000000
0.0158671547576457,0.0060531554591373,0.0000000000000000
0.0162176547325939,0.0057026554841890,0.0000000000000000
0.0165681547075413,0.0053521555092417,0.0000000000000000
0.0169186546824894,0.0050016555342936,0.0000000000000000
0.0172691546574371,0.0046511555593459,0.0000000000000000
0.0176196546323853,0.0043006555843977,0.0000000000000000
0.0179701546073337,0.0039501556094493,0.0000000000000000
0.0183206545822822,0.0035996556345008,0.0000000000000000
0.0172569409948576,0.0018349420971790,0.0000000000000000
0.0176104943854493,0.0021884954877707,0.0000000000000000
0.0179640477760422,0.0025420488783636,0.0000000000000000
0.0183176011666368,0.0028956022689582,0.0000000000000000
0.0064945603221869,0.0064945603221869,0.0000000000000000
0.0069510883886535,0.0069510883886535,0.0000000000000000
0.0073815678497680,0.0073815678497680,0.0000000000000000
0.0077874850470129,0.0077874850470129,0.0000000000000000
0.0081702414411368,0.0081702414411368,0.0000000000000000
0.0085311584990047,0.0085311584990047,0.0000000000000000
0.0088714823911362,0.0088714823911362,0.0000000000000000
0.0189853915214560,0.0189853915214560,0.0000000000000000
0.0188756459386030,0.0188756459386030,0.0000000000000000
0.0187625468580813,0.0187625468580813,0.0000000000000000
0.0186459918292170,0.0186459918292170,0.0000000000000000
0.0185258752392014,0.0185258752392014,0.0000000000000000
0.0184020882701139,0.0184020882701139,0.0000000000000000
0.0182745187288000,0.0182745187288000,0.0000000000000000
0.0181430510932853,0.0181430510932853,0.0000000000000000
0.0180075661893817,0.0180075661893817,0.0000000000000000
0.0178679413241853,0.0178679413241853,0.0000000000000000
0.0177240499327524,0.0177240499327524,0.0000000000000000
0.0175757616503130,0.0175757616503130,0.0000000000000000
0.0174229421626139,0.0174229421626139,0.0000000000000000
0.0172654530028224,0.0172654530028224,0.0000000000000000
0.0171031514273708,0.0171031514273708,0.0000000000000000
0.0169358904616787,0.0169358904616787,0.0000000000000000
0.0167635184836722,0.0167635184836722,0.0000000000000000
0.0165858793730786,0.0165858793730786,0.0000000000000000
0.0164028121847611,0.0164028121847611,0.0000000000000000
0.0162141509361366,0.0162141509361366,0.0000000000000000
0.0160197248715578,0.0160197248715578,0.0000000000000000
0.0158193577550411,0.0158193577550411,0.0000000000000000
0.0156128680396218,0.0156128680396218,0.0000000000000000
0.0154000686417727,0.0154000686417727,0.0000000000000000
0.0151807668089532,0.0151807668089532,0.0000000000000000
0.0149547637288682,0.0149547637288682,0.0000000000000000
0.0147218546942191,0.0147218546942191,0.0000000000000000
0.0144818287195168,0.0144818287195168,0.0000000000000000
0.0142344682564183,0.0142344682564183,0.0000000000000000
0.0139795492792936,0.0139795492792936,0.0000000000000000
0.0137168407140577,0.0137168407140577,0.0000000000000000
0.0134461046482970,0.0134461046482970,0.0000000000000000
0.0131670956944808,0.0131670956944808,0.0000000000000000
0.0128795611287860,0.0128795611287860,0.0000000000000000
0.0125832403666967,0.0125832403666967,0.0000000000000000
0.0122778649957438,0.0122778649957438,0.0000000000000000
0.0119631582980994,0.0119631582980994,0.0000000000000000
0.0116388351483171,0.0116388351483171,0.0000000000000000
0.0113046016624577,0.0113046016624577,0.0000000000000000
0.0051999999999923,0.0006928203230291,0.0000000000000000
0.0065978516893989,0.0030709767260140,0.0000000000000000
0.0041673674185447,0.0031881857417120,0.0000000000000000
0.0036044657611598,0.0006648732122849,0.0000000000000000
0.0071065894251297,0.0017888324834354,0.0000000000000000
0.0052480044250722,0.0043058907616665,0.0000000000000000
0.0030386834912333,0.0020509751893287,0.0000000000000000
0.0068003840414396,0.0006137724709878,0.0000000000000000
0.0019035586996325,0.0007695258003249,0.0000000000000000
0.0024931376777290,0.0014286430858830,0.0000000000000000
0.0047238365170468,0.0037517009815795,0.0000000000000000
0.0049379539577688,0.0029823640836074,0.0000000000000000
0.0043754539024125,0.0024169188042877,0.0000000000000000
0.0051475311722775,0.0022151386667660,0.0000000000000000
0.0045827075031141,0.0017115123611712,0.0000000000000000
0.0057887954796112,0.0028342937891099,0.0000000000000000
0.0059187128961211,0.0020364408801807,0.0000000000000000
0.0038058978865398,0.0018932448484261,0.0000000000000000
0.0054690425255100,0.0035760912932431,0.0000000000000000
0.0059600102267774,0.0006907166196279,0.0000000000000000
0.0036016570621930,0.0026286440430303,0.0000000000000000
0.0044002712439863,0.0006641718363944,0.0000000000000000
0.0064160863502796,0.0013783026226043,0.0000000000000000
0.0053966500952669,0.0014314545212332,0.0000000000000000
0.0028064457553864,0.0007006772733933,0.0000000000000000
0.0012001229948943,0.0004933164150337,0.0000000000000000
0.0060368465952817,0.0041780684499041,0.0000000000000000
0.0032760309901407,0.0013302853402321,0.0000000000000000
0.0069297152963811,0.0024557997597750,0.0000000000000000
0.0073530451722907,0.0010907212195936,0.0000000000000000
0.0040782288974882,0.0012290192948835,0.0000000000000000
0.0063382010818002,0.0024877118893491,0.0000000000000000
0.0061524602652697,0.0034876630545797,0.0000000000000000
0.0056338042564236,0.0048224570781338,0.0000000000000000
0.0065362582167950,0.0020113030474302,0.0000000000000000
0.0074476052385589,0.0005213550494899,0.0000000000000000
0.0047999999999884,0.0011100281707924,0.0000000000000000
0.0060929830823724,0.0055487772773976,0.0000000000000000
0.0266171567353507,0.0001323329047768,0.0000000000000000
0.0262992018440568,0.0001392733005550,0.0000000000000000
0.0259683440679677,0.0001446131367726,0.0000000000000000
0.0256248008996874,0.0001501577532946,0.0000000000000000
0.0252680859793841,0.0001559149166826,0.0000000000000000
0.0267767266711373,0.0003696360439696,0.0000000000000000
0.0248976942859031,0.0001618928544364,0.0000000000000000
0.0268929661241587,0.0001913346077924,0.0000000000000000
0.0264554809638227,0.0003665937332726,0.0000000000000000
0.0245131014353875,0.0001680999653833,0.0000000000000000
0.0261304920909267,0.0003616326887080,0.0000000000000000
0.0241137629848421,0.0001745450510030,0.0000000000000000
0.0257930843118196,0.0003560677285655,0.0000000000000000
0.0236952219412428,0.0001827202992854,0.0000000000000000
0.0254428184500947,0.0003513627066870,0.0000000000000000
0.0232645302572843,0.0001799810054296,0.0000000000000000
0.0250712322399012,0.0003392193219031,0.0000000000000000
0.0228199855784898,0.0001887376221050,0.0000000000000000
0.0247013262009799,0.0003349428252045,0.0000000000000000
0.0223557333388367,0.0001924064619653,0.0000000000000000
0.0243092161815803,0.0003286143974060,0.0000000000000000
0.0218909984155570,0.0002261787854891,0.0000000000000000
0.0239020723083213,0.0003220432983629,0.0000000000000000
0.0213720698296552,0.0002457979593858,0.0000000000000000
0.0234796865548366,0.0003169411843849,0.0000000000000000
0.0208522426759044,0.0002468477397305,0.0000000000000000
0.0230410066467536,0.0003160854645419,0.0000000000000000
0.0225850441738715,0.0003084649416533,0.0000000000000000
0.0203124235639133,0.0002476813450231,0.0000000000000000
0.0216262076910327,0.0002530680106765,0.0000000000000000
0.0200337255712297,0.0002502567462280,0.0000000000000000
0.0221563429100770,0.0003192333012731,0.0000000000000000
0.0211130805298389,0.0002487742831861,0.0000000000000000
0.0205840749785989,0.0002525211586841,0.0000000000000000
0.0197511737658519,0.0002498064684699,0.0000000000000000
0.0194626674604838,0.0002495451681656,0.0000000000000000
0.0266157426787632,0.0003721906359731,0.0000000000000000
0.0250873126273442,0.0001568317216031,0.0000000000000000
0.0264588044268836,0.0001360445075425,0.0000000000000000
0.0254467498378280,0.0001497479055386,0.0000000000000000
0.0257968808472333,0.0001450369898387,0.0000000000000000
0.0261340831484616,0.0001404970755819,0.0000000000000000
0.0262947156701469,0.0003672501643316,0.0000000000000000
0.0259630505532156,0.0003611372349789,0.0000000000000000
0.0256192779710122,0.0003574568439971,0.0000000000000000
0.0252580932999540,0.0003363891712172,0.0000000000000000
0.0191689221894713,0.0002494856916296,0.0000000000000000
0.0248908176691886,0.0003672110003088,0.0000000000000000
0.0188709934838496,0.0002488620281987,0.0000000000000000
0.0185662198815508,0.0002487471844739,0.0000000000000000
0.0268950504377250,0.0003080831813907,0.0000000000000000
0.0267797675627111,0.0001296910200971,0.0000000000000000
0.0247053070068209,0.0001329871290048,0.0000000000000000
0.0182555172469163,0.0002486913710907,0.0000000000000000
0.0179388974816700,0.0002486409825610,0.0000000000000000
0.0245075748552560,0.0003663314375987,0.0000000000000000
0.0176162630695152,0.0002485895765193,0.0000000000000000
0.0266889166955220,0.0002498908843078,0.0000000000000000
0.0172875015516873,0.0002485363218020,0.0000000000000000
0.0243133402200447,0.0001342518827584,0.0000000000000000
0.0169524967816626,0.0002484810542707,0.0000000000000000
0.0241080338979527,0.0003650405493544,0.0000000000000000
0.0166111302334819,0.0002484236851682,0.0000000000000000
0.0265374773724911,0.0002499342660198,0.0000000000000000
0.0162632810930203,0.0002483641334590,0.0000000000000000
0.0239055667599112,0.0001358617297302,0.0000000000000000
0.0159088262543073,0.0002483023150945,0.0000000000000000
0.0263775492903147,0.0002509471006313,0.0000000000000000
0.0155476402788921,0.0002482381439881,0.0000000000000000
0.0236924695130586,0.0003643409564066,0.0000000000000000
0.0151795953222060,0.0002481715295708,0.0000000000000000
0.0148045611313847,0.0002481023793786,0.0000000000000000
0.0234822335605594,0.0001359284978200,0.0000000000000000
0.0262160086123133,0.0002501367436252,0.0000000000000000
0.0144224049879827,0.0002480305956247,0.0000000000000000
0.0260495656526952,0.0002507085149942,0.0000000000000000
0.0140329916337108,0.0002479560786027,0.0000000000000000
0.0232619010822731,0.0003633296252640,0.0000000000000000
0.0136361833000321,0.0002478787232115,0.0000000000000000
0.0132318395095807,0.0002477984209357,0.0000000000000000
0.0230471408775309,0.0001338772386811,0.0000000000000000
0.0128198171635842,0.0002477150596708,0.0000000000000000
0.0258803154315719,0.0002511942938172,0.0000000000000000
0.0123999704719956,0.0002476285222293,0.0000000000000000
0.0228146021929974,0.0003689321792697,0.0000000000000000
0.0257087933337510,0.0002509563316074,0.0000000000000000
0.0119721508639387,0.0002475386871652,0.0000000000000000
0.0115362068678576,0.0002474454278685,0.0000000000000000
0.0225915961236312,0.0001280884964405,0.0000000000000000
0.0268055274509351,0.0002494057855404,0.0000000000000000
0.0110919842095765,0.0002473486149279,0.0000000000000000
0.0269018531699975,0.0004105457208232,0.0000000000000000
0.0106393257476760,0.0002472481113121,0.0000000000000000
0.0255347776354224,0.0002498919570174,0.0000000000000000
0.0269043759253462,0.0000892064654311,0.0000000000000000
0.0223501534591910,0.0003749148756096,0.0000000000000000
0.0101780712438918,0.0002471437760697,0.0000000000000000
0.0253575303463394,0.0002494323855061,0.0000000000000000
0.0097080574428154,0.0002470354628614,0.0000000000000000
0.0092291180085289,0.0002469230196593,0.0000000000000000
0.0221210488939660,0.0001285802408978,0.0000000000000000
0.0087462644904594,0.0002430917424579,0.0000000000000000
0.0271121774623363,0.0003123286299208,0.0000000000000000
0.0271264025302545,0.0005747254020530,0.0000000000000000
0.0193411242717011,0.0190236231035672,0.0000000000000000
0.0232068952810466,0.0140726616207181,0.0000000000000000
0.0270827797995712,0.0017664117110895,0.0000000000000000
0.0267444676261147,0.0046022441118384,0.0000000000000000
0.0215971531803676,0.0164318352632156,0.0000000000000000
0.0245478897349690,0.0115689183738938,0.0000000000000000
0.0261162979055428,0.0073749662500384,0.0000000000000000
0.0197595682427530,0.0186012694965438,0.0000000000000000
0.0256238327292767,0.0089373924722411,0.0000000000000000
0.0252016115641657,0.0100669295557729,0.0000000000000000
0.0205665694565582,0.0177052426870774,0.0000000000000000
0.0264183110268082,0.0062076418023248,0.0000000000000000
0.0240104667260222,0.0126482893935729,0.0000000000000000
0.0223062942274554,0.0154566439658298,0.0000000000000000
0.0269229876154248,0.0034097613113403,0.0000000000000000
0.0269750785646035,0.0029703339268208,0.0000000000000000
0.0225553782468717,0.0150909003066173,0.0000000000000000
0.0238011651361429,0.0130384272752931,0.0000000000000000
0.0265165127769567,0.0057761753206632,0.0000000000000000
0.0208529835569760,0.0173679407239356,0.0000000000000000
0.0250346907376074,0.0104768641828040,0.0000000000000000
0.0257670252554736,0.0085187057504246,0.0000000000000000
0.0259891894704947,0.0077973173861331,0.0000000000000000
0.0247291845511200,0.0111672346204214,0.0000000000000000
0.0213245577905143,0.0167781879740844,0.0000000000000000
0.0266625618337363,0.0050352209620561,0.0000000000000000
0.0271012458719400,0.0013291966486255,0.0000000000000000
0.0234249465619236,0.0136935698522978,0.0000000000000000
0.0229631710125188,0.0144547402718652,0.0000000000000000
0.0270431759781460,0.0022177338011359,0.0000000000000000
0.0268134309012865,0.0041577359820577,0.0000000000000000
0.0218636136458158,0.0160695566315915,0.0000000000000000
0.0243332758780318,0.0119646503825978,0.0000000000000000
0.0262137534055341,0.0069354836144785,0.0000000000000000
0.0200490930955598,0.0182563934166484,0.0000000000000000
0.0254515947821307,0.0093534774714933,0.0000000000000000
0.0253578007291141,0.0096415385828999,0.0000000000000000
0.0202614972515094,0.0180402065738662,0.0000000000000000
0.0263023621863176,0.0066455298869893,0.0000000000000000
0.0242097829730053,0.0122418843524066,0.0000000000000000
0.0220378850070035,0.0158211550939610,0.0000000000000000
0.0268533286973412,0.0038569498238907,0.0000000000000000
0.0270116661143271,0.0025193685250494,0.0000000000000000
0.0227959841681106,0.0147078356633978,0.0000000000000000
0.0235723353545825,0.0134284150218660,0.0000000000000000
0.0271094926584948,0.0010260272118120,0.0000000000000000
0.0265997859631603,0.0053318580960561,0.0000000000000000
0.0211319253545304,0.0170123206793670,0.0000000000000000
0.0248480027170840,0.0108882544541755,0.0000000000000000
0.0258969995353164,0.0080852791020094,0.0000000000000000
0.0195527448882753,0.0188352818728827,0.0000000000000000
0.0271979805657922,0.0001110635244326,0.0000000000000000
0.0271046899091749,0.0032083771721304,0.0000000000000000
0.0225604537758956,0.0153617657900466,0.0000000000000000
0.0240436918100221,0.0129178225333081,0.0000000000000000
0.0266204244157029,0.0060258741984990,0.0000000000000000
0.0208298958185889,0.0176372816560440,0.0000000000000000
0.0252628452724392,0.0103321107293298,0.0000000000000000
0.0258440964586261,0.0087772586599837,0.0000000000000000
0.0262027399219999,0.0076321964605103,0.0000000000000000
0.0247819018258700,0.0114312849356321,0.0000000000000000
0.0215830844632645,0.0167032089140909,0.0000000000000000
0.0268571379509222,0.0048495455513135,0.0000000000000000
0.0272500889378054,0.0015521713402258,0.0000000000000000
0.0234542453007623,0.0139597576725866,0.0000000000000000
0.0232243599263421,0.0143558868779955,0.0000000000000000
0.0272291370523167,0.0020096862404231,0.0000000000000000
0.0269458119507129,0.0044029568426743,0.0000000000000000
0.0218678579648399,0.0163478414808994,0.0000000000000000
0.0245880831985130,0.0118582431290504,0.0000000000000000
0.0263364913539219,0.0071818417756287,0.0000000000000000
0.0200445057481993,0.0185312530910780,0.0000000000000000
0.0256930314059382,0.0092228803401544,0.0000000000000000
0.0254407739223552,0.0099120051496576,0.0000000000000000
0.0205394759301984,0.0179892463969438,0.0000000000000000
0.0265252350227899,0.0064722368737731,0.0000000000000000
0.0242642563990417,0.0125181380579660,0.0000000000000000
0.0223079848032602,0.0157423415887855,0.0000000000000000
0.0270562455208431,0.0036625861858401,0.0000000000000000
0.0271632270949256,0.0027553398397431,0.0000000000000000
0.0228215442342872,0.0149868272942900,0.0000000000000000
0.0238316774384902,0.0133227613253432,0.0000000000000000
0.0272897244696516,0.0008117684160252,0.0000000000000000
0.0267257050862369,0.0055809726172250,0.0000000000000000
0.0211287037853083,0.0172911421459098,0.0000000000000000
0.0250938276084056,0.0107570822284310,0.0000000000000000
0.0259985243498566,0.0083439921255667,0.0000000000000000
0.0195582679039655,0.0190328432900365,0.0000000000000000
0.0272976808202790,0.0003429041174772,0.0000000000000000
0.0273074662921772,0.0006325909721510,0.0000000000000000
0.0194410475905969,0.0189142203950882,0.0000000000000000
0.0194310312343044,0.0191783956580645,0.0000000000000000
0.0271364573696349,0.0007237159393193,0.0000000000000000
0.0259566541999124,0.0085151706687820,0.0000000000000000
0.0251762273070632,0.0106029302175127,0.0000000000000000
0.0210301168747363,0.0174356545332218,0.0000000000000000
0.0197271457022069,0.0188928646481886,0.0000000000000000
0.0267049120010716,0.0057548961726497,0.0000000000000000
0.0239300085083099,0.0131770291150972,0.0000000000000000
0.0227379218990904,0.0151416484121990,0.0000000000000000
0.0271604870865652,0.0029315065795770,0.0000000000000000
0.0270944553527468,0.0034901473661642,0.0000000000000000
0.0224214941349358,0.0156067408091113,0.0000000000000000
0.0241965384255577,0.0126816552568757,0.0000000000000000
0.0265813541067569,0.0063036664054609,0.0000000000000000
0.0206672181157267,0.0178654330056388,0.0000000000000000
0.0253899780338823,0.0100826383475271,0.0000000000000000
0.0271147407516588,0.0008764462448649,0.0000000000000000
0.0257769147124561,0.0090481323798683,0.0000000000000000
0.0199283482775331,0.0186864082919297,0.0000000000000000
0.0263051592526389,0.0073730847452410,0.0000000000000000
0.0246899541369706,0.0116934638512573,0.0000000000000000
0.0217728754559317,0.0165007755906179,0.0000000000000000
0.0269320509303375,0.0045826929800198,0.0000000000000000
0.0272577917682303,0.0018312287889296,0.0000000000000000
0.0258589621802967,0.0082268297712205,0.0000000000000000
0.0249084541406244,0.0107513274751968,0.0000000000000000
0.0212430832232762,0.0168991806209238,0.0000000000000000
0.0213160474752541,0.0170671196824650,0.0000000000000000
0.0214216151603205,0.0169307255916080,0.0000000000000000
0.0210377453381802,0.0171286483754372,0.0000000000000000
0.0265699648255000,0.0054785302060634,0.0000000000000000
0.0266461901316006,0.0051801522527531,0.0000000000000000
0.0267884988103352,0.0052956440830952,0.0000000000000000
0.0268190552833741,0.0051259515674214,0.0000000000000000
0.0235076961399913,0.0135737092078965,0.0000000000000000
0.0236915097919627,0.0135796652194034,0.0000000000000000
0.0236029591196984,0.0137273775019239,0.0000000000000000
0.0236467820688164,0.0132985648820921,0.0000000000000000
0.0227144928636081,0.0148333791845641,0.0000000000000000
0.0270421709888255,0.0023635162375909,0.0000000000000000
0.0271960758943481,0.0024644695622617,0.0000000000000000
0.0272082711091103,0.0022927270849025,0.0000000000000000
0.0269973554496712,0.0026683558161535,0.0000000000000000
0.0268750171610401,0.0037088519419963,0.0000000000000000
0.0268465795654237,0.0040159628549708,0.0000000000000000
0.0270201989418376,0.0039534595321943,0.0000000000000000
0.0269916336626894,0.0041230978482778,0.0000000000000000
0.0221255097178034,0.0156998073198825,0.0000000000000000
0.0219584922994745,0.0159591392382694,0.0000000000000000
0.0221415479893646,0.0159837515177227,0.0000000000000000
0.0220378335178769,0.0161209281662587,0.0000000000000000
0.0241418750127032,0.0123752654509822,0.0000000000000000
0.0263394275639144,0.0065005142674547,0.0000000000000000
0.0203613379932137,0.0179286933518662,0.0000000000000000
0.0254113814657826,0.0095017799454575,0.0000000000000000
0.0255482969181819,0.0096323004672014,0.0000000000000000
0.0253042216233811,0.0097812929661099,0.0000000000000000
0.0255146771544024,0.0092208123193311,0.0000000000000000
0.0201622732573523,0.0181522689281618,0.0000000000000000
0.0203410236174923,0.0182137859474455,0.0000000000000000
0.0199601461336491,0.0183730751479315,0.0000000000000000
0.0261887721670270,0.0070799390141960,0.0000000000000000
0.0262660974364802,0.0067907477919414,0.0000000000000000
0.0264528921125389,0.0067630524123630,0.0000000000000000
0.0244098202457138,0.0118398819980998,0.0000000000000000
0.0242769540250174,0.0121081306302421,0.0000000000000000
0.0244003574483856,0.0122511210690122,0.0000000000000000
0.0217730171675390,0.0161837278620399,0.0000000000000000
0.0267858158311841,0.0043008597211285,0.0000000000000000
0.0270504867070323,0.0020720277575891,0.0000000000000000
0.0230369862284495,0.0143289705025005,0.0000000000000000
0.0228950740313359,0.0145834203962074,0.0000000000000000
0.0229850290924124,0.0147439423451574,0.0000000000000000
0.0230751225582592,0.0145972654969021,0.0000000000000000
0.0233468585790619,0.0138167115691864,0.0000000000000000
0.0270887981185286,0.0014745645200449,0.0000000000000000
0.0271192537341593,0.0011844339734539,0.0000000000000000
0.0272847444545160,0.0011050349024726,0.0000000000000000
0.0272746990506945,0.0012771938713711,0.0000000000000000
0.0266852001877248,0.0048910347632024,0.0000000000000000
0.0214112464224440,0.0166607519880195,0.0000000000000000
0.0246643923454009,0.0112980119626838,0.0000000000000000
0.0247989338021940,0.0110390531414478,0.0000000000000000
0.0249815101551758,0.0110265203330006,0.0000000000000000
0.0249092350850782,0.0111832166738715,0.0000000000000000
0.0259579000258292,0.0079394935235259,0.0000000000000000
0.0260906606679552,0.0080669595777522,0.0000000000000000
0.0261362345330470,0.0079025455365542,0.0000000000000000
0.0260269568769138,0.0076563467678905,0.0000000000000000
0.0258243215710986,0.0083778662898028,0.0000000000000000
0.0257180546925945,0.0086576750760552,0.0000000000000000
0.0250888315650212,0.0103399710228688,0.0000000000000000
0.0249848361213268,0.0106190171092363,0.0000000000000000
0.0207566239837044,0.0174792322199019,0.0000000000000000
0.0264824223354938,0.0059193458236917,0.0000000000000000
0.0238692210240385,0.0129080607692038,0.0000000000000000
0.0224712177348864,0.0152114728729343,0.0000000000000000
0.0269560908981323,0.0031161044982745,0.0000000000000000
0.0269135718195236,0.0035597193742940,0.0000000000000000
0.0240884420773699,0.0125201546611060,0.0000000000000000
0.0263936120754873,0.0063555718545923,0.0000000000000000
0.0204764436667899,0.0178250444414802,0.0000000000000000
0.0251388696200359,0.0101987527808554,0.0000000000000000
0.0252660317967443,0.0099316689925527,0.0000000000000000
0.0196533271243638,0.0187009105942950,0.0000000000000000
0.0244918396414502,0.0117097565001578,0.0000000000000000
0.0267794982107835,0.0044572655361776,0.0000000000000000
0.0270810748577904,0.0016240426898392,0.0000000000000000
0.0270807000624954,0.0019177440748828,0.0000000000000000
0.0231351274711673,0.0142059284828893,0.0000000000000000
0.0232709836300379,0.0139457323595768,0.0000000000000000
0.0233323862028794,0.0142106663381025,0.0000000000000000
0.0209560369598848,0.0172580486273446,0.0000000000000000
0.0265572270291826,0.0056311914203491,0.0000000000000000
0.0226464521577965,0.0149712391717505,0.0000000000000000
0.0270006632949650,0.0028222110602498,0.0000000000000000
0.0198701095721198,0.0184970098112265,0.0000000000000000
0.0261661089233511,0.0072316264584658,0.0000000000000000
0.0216952468974677,0.0163193891636883,0.0000000000000000
0.0246016848899357,0.0114339155439409,0.0000000000000000
0.0256630110350369,0.0087969988444522,0.0000000000000000
0.0206546506680086,0.0175887102956601,0.0000000000000000
0.0264426022357316,0.0060635064998472,0.0000000000000000
0.0223840691888247,0.0153324081372879,0.0000000000000000
0.0269358405628239,0.0032636563681357,0.0000000000000000
0.0237370319799173,0.0131744256405806,0.0000000000000000
0.0222287120237540,0.0155852400338758,0.0000000000000000
0.0255823485403940,0.0090836872762688,0.0000000000000000
0.0267117783100379,0.0047437358310018,0.0000000000000000
0.0215028393304082,0.0165423707758414,0.0000000000000000
0.0260688014762046,0.0075126373336259,0.0000000000000000
0.0239344789915929,0.0127735212666906,0.0000000000000000
0.0244765745704618,0.0120496676637429,0.0000000000000000
0.0263778609713508,0.0069648626422991,0.0000000000000000
0.0271281022257112,0.0004342838893758,0.0000000000000000
0.0201812359019798,0.0183580855595698,0.0000000000000000
0.0256027162836330,0.0094239296450949,0.0000000000000000
0.0271038167795158,0.0001882347361222,0.0000000000000000
0.0273326176936215,0.0001571308515197,0.0000000000000000
0.0272710926970414,0.0004928891117968,0.0000000000000000
0.0272088546643090,0.0002223323718945,0.0000000000000000
0.0192993231178572,0.0191495161042660,0.0000000000000000
0.0258648482655111,0.0086320343010543,0.0000000000000000
0.0209021000426959,0.0175092246019056,0.0000000000000000
0.0251825090833052,0.0104554747708937,0.0000000000000000
0.0266251780013674,0.0058788509207140,0.0000000000000000
0.0226209967366864,0.0152305785605115,0.0000000000000000
0.0239551101481377,0.0130322754433913,0.0000000000000000
0.0270977076792871,0.0030640493310509,0.0000000000000000
0.0270636586297281,0.0033470614860158,0.0000000000000000
0.0224598155475491,0.0154657054054478,0.0000000000000000
0.0240890030679968,0.0127800633131498,0.0000000000000000
0.0265641208333855,0.0061593278033855,0.0000000000000000
0.0207182548372144,0.0177295945394228,0.0000000000000000
0.0252930620104636,0.0101903020312923,0.0000000000000000
0.0257819231512998,0.0089025813253992,0.0000000000000000
0.0198032369099446,0.0187622407725010,0.0000000000000000
0.0262255390378254,0.0074945824187568,0.0000000000000000
0.0247089789442275,0.0115499169848572,0.0000000000000000
0.0216546338573137,0.0165838259686693,0.0000000000000000
0.0268655296046466,0.0047107086742882,0.0000000000000000
0.0272240884639606,0.0016905378740980,0.0000000000000000
0.0233673222352376,0.0140704730128137,0.0000000000000000
0.0254649109825294,0.0097644511603925,0.0000000000000000
0.0204199234227333,0.0180787967193115,0.0000000000000000
0.0264472019763764,0.0066043385345479,0.0000000000000000
0.0243037902477074,0.0123742295384794,0.0000000000000000
0.0221742568607737,0.0158273180264518,0.0000000000000000
0.0270914730566604,0.0000912385034903,0.0000000000000000
0.0269766434879598,0.0037993718385024,0.0000000000000000
0.0271165494293430,0.0026046238100590,0.0000000000000000
0.0272354288369160,0.0014144730359213,0.0000000000000000
0.0248217297493025,0.0112967624775467,0.0000000000000000
0.0228760981938945,0.0148499115923575,0.0000000000000000
0.0219296771920970,0.0162159361559822,0.0000000000000000
0.0269396243421308,0.0042573196385506,0.0000000000000000
0.0234985735592343,0.0138249647193852,0.0000000000000000
0.0237066590019262,0.0134191602621622,0.0000000000000000
0.0271892595047818,0.0021499600042212,0.0000000000000000
0.0268126930423060,0.0049826459614187,0.0000000000000000
0.0214821599119165,0.0168007130081450,0.0000000000000000
0.0231241924723991,0.0144619285856561,0.0000000000000000
0.0272563900154566,0.0009558025872606,0.0000000000000000
0.0261445327011096,0.0077597656299937,0.0000000000000000
0.0267263768119114,0.0054339246424841,0.0000000000000000
0.0192221360367070,0.0190865417901548,0.0000000000000000
0.0211971871782640,0.0171611083279087,0.0000000000000000
0.0250101893313328,0.0108777567819491,0.0000000000000000
0.0260093267477318,0.0081936483817618,0.0000000000000000
0.0194420409569104,0.0193027533997250,0.0000000000000000
0.0127917132026786,0.0062236964838849,0.0000000000000000
0.0125213446031451,0.0087447985053842,0.0000000000000000
0.0118717275375705,0.0094216936691846,0.0000000000000000
0.0121666274740865,0.0068681149440353,0.0000000000000000
0.0146873628823542,0.0066258634585862,0.0000000000000000
0.0164465709350579,0.0048059297221191,0.0000000000000000
0.0157578799361678,0.0055926934189906,0.0000000000000000
0.0171248184304798,0.0041506062786064,0.0000000000000000
0.0110524492101429,0.0078665207866067,0.0000000000000000
0.0136352129625356,0.0076642948584736,0.0000000000000000
0.0103550817382250,0.0086611655873142,0.0000000000000000
0.0138633305268995,0.0051060911222352,0.0000000000000000
0.0149179518454213,0.0040524526220677,0.0000000000000000
0.0156119754214288,0.0033669242963540,0.0000000000000000
0.0163720851671897,0.0026441361509899,0.0000000000000000
0.0103772554381979,0.0097689915289885,0.0000000000000000
0.0174798766280877,0.0026662536410200,0.0000000000000000
0.0111992648520985,0.0100809829136098,0.0000000000000000
0.0177920009356336,0.0034882815263171,0.0000000000000000
0.0100204234070020,0.0094288030549273,0.0000000000000000
0.0104810034975559,0.0092051496547911,0.0000000000000000
0.0108598332113522,0.0096401393420157,0.0000000000000000
0.0109912880772872,0.0091595467439311,0.0000000000000000
0.0113316564452159,0.0095295961270589,0.0000000000000000
0.0114708270252687,0.0090307160006270,0.0000000000000000
0.0111309597837976,0.0086887679982113,0.0000000000000000
0.0116055404801971,0.0085663499687345,0.0000000000000000
0.0119777861881600,0.0088914168048680,0.0000000000000000
0.0120900056649382,0.0084116881604901,0.0000000000000000
0.0125478853894465,0.0082042084032690,0.0000000000000000
0.0121319569613883,0.0079209887395782,0.0000000000000000
0.0125893366590425,0.0077155502296021,0.0000000000000000
0.0129027827865454,0.0079687530853944,0.0000000000000000
0.0131039566601382,0.0075388482752861,0.0000000000000000
0.0126207191125344,0.0072173700461691,0.0000000000000000
0.0130641664396310,0.0070005715599577,0.0000000000000000
0.0126711800246356,0.0067231295404310,0.0000000000000000
0.0121576933622540,0.0074292700941965,0.0000000000000000
0.0117309132103605,0.0076767955146872,0.0000000000000000
0.0171394693048472,0.0023093308981294,0.0000000000000000
0.0169160265678335,0.0027700560029485,0.0000000000000000
0.0173511427553828,0.0031488731540909,0.0000000000000000
0.0168705781540904,0.0032804411644689,0.0000000000000000
0.0172393261202801,0.0036190443784287,0.0000000000000000
0.0167502368989365,0.0037642980926505,0.0000000000000000
0.0163911608360803,0.0034088278113097,0.0000000000000000
0.0162657356517268,0.0038797564147438,0.0000000000000000
0.0165956921492990,0.0042588005507576,0.0000000000000000
0.0161339028626507,0.0043668238026267,0.0000000000000000
0.0159088620571278,0.0048179538435542,0.0000000000000000
0.0156353426457977,0.0044278216473843,0.0000000000000000
0.0154233212279032,0.0048777359818942,0.0000000000000000
0.0143368627666122,0.0069763633890251,0.0000000000000000
0.0142085708385601,0.0064975713163064,0.0000000000000000
0.0145590712777264,0.0061470714682498,0.0000000000000000
0.0140787229734811,0.0060245870464857,0.0000000000000000
0.0137408155360204,0.0063728835141531,0.0000000000000000
0.0144334210739184,0.0056795121883475,0.0000000000000000
0.0149100118086560,0.0057984438810071,0.0000000000000000
0.0147855220837263,0.0053401030598655,0.0000000000000000
0.0136135238801579,0.0059172565996401,0.0000000000000000
0.0152637130547979,0.0037009552145602,0.0000000000000000
0.0157528918679090,0.0038921473593725,0.0000000000000000
0.0145779480585179,0.0044060845538647,0.0000000000000000
0.0150968665744704,0.0045416511911088,0.0000000000000000
0.0107684398884966,0.0083242161659088,0.0000000000000000
0.0160392469573281,0.0030536136859908,0.0000000000000000
0.0139863629880528,0.0073268634640720,0.0000000000000000
0.0142224321095449,0.0047512178444220,0.0000000000000000
0.0150379364877024,0.0062756756157385,0.0000000000000000
0.0138675775135906,0.0068476639962839,0.0000000000000000
0.0153916183102082,0.0059282829048009,0.0000000000000000
0.0152895662560440,0.0053935559006266,0.0000000000000000
0.0135127328610550,0.0071921186670556,0.0000000000000000
0.0107092216395897,0.0101328289065935,0.0000000000000000
0.0178438130534277,0.0029982310518001,0.0000000000000000
0.0100085745338053,0.0089628693246325,0.0000000000000000
0.0166737159215778,0.0022975558190290,0.0000000000000000
0.0139696896275205,0.0055636812491655,0.0000000000000000
0.0131546891681280,0.0058119077590767,0.0000000000000000
0.0146794312152711,0.0048830034898168,0.0000000000000000
0.0132777122019447,0.0062678061184664,0.0000000000000000
0.0143256377728135,0.0052206014923088,0.0000000000000000
0.0135079181562209,0.0054537022695331,0.0000000000000000
0.0134203300678946,0.0067087789587779,0.0000000000000000
0.0161049018708796,0.0052448951962196,0.0000000000000000
0.0117361735376791,0.0081241589766992,0.0000000000000000
0.0117265183636494,0.0072044764844671,0.0000000000000000
0.0129431097723516,0.0084304350853947,0.0000000000000000
0.0168528881169424,0.0045853889937989,0.0000000000000000
0.0112882372490244,0.0082484693786583,0.0000000000000000
0.0116150917852802,0.0098400166103807,0.0000000000000000
0.0175491909452225,0.0039017486754398,0.0000000000000000
0.0153333531976793,0.0041230056068987,0.0000000000000000
0.0165439854909692,0.0030201950134085,0.0000000000000000
0.0107347824552688,0.0088264656150574,0.0000000000000000
0.0123039933913181,0.0091573314955026,0.0000000000000000
0.0160048379638874,0.0035192785400577,0.0000000000000000
0.0113524460264008,0.0075057444483211,0.0000000000000000
0.0130450203873569,0.0065847965323036,0.0000000000000000
0.0156969062696245,0.0051853668682571,0.0000000000000000
0.0133456034723007,0.0080212071381489,0.0000000000000000
0.0123899722404077,0.0064314726663177,0.0000000000000000
0.0150645890939630,0.0050427342668485,0.0000000000000000
0.0097106181685110,0.0091931940544657,0.0000000000000000
0.0169041951320158,0.0019992431731984,0.0000000000000000
0.0181582090587831,0.0032483268420507,0.0000000000000000
0.0109593262908894,0.0104472096099468,0.0000000000000000
0.0114331343458962,0.0078947562652216,0.0000000000000000
0.0231324910673914,0.0136924797067704,0.0000000000000000
0.0237336769020624,0.0126637447742110,0.0000000000000000
0.0224962410328917,0.0146942528044790,0.0000000000000000
0.0242427300240371,0.0115914013293511,0.0000000000000000
0.0247325329253546,0.0105139010992508,0.0000000000000000
0.0251582157040161,0.0093985156482233,0.0000000000000000
0.0219264760912565,0.0155464767221062,0.0000000000000000
0.0255254559846033,0.0084556731669217,0.0000000000000000
0.0258246800158458,0.0074414477707641,0.0000000000000000
0.0260972890041185,0.0064376400052850,0.0000000000000000
0.0263172711267992,0.0054264266345943,0.0000000000000000
0.0265065688296883,0.0044081963637731,0.0000000000000000
0.0150192722528216,0.0146113559055079,0.0000000000000000
0.0225558154398264,0.0006909954607707,0.0000000000000000
0.0213988659719970,0.0162651357628233,0.0000000000000000
0.0161444071966991,0.0157670226053524,0.0000000000000000
0.0266384737196010,0.0035265540517213,0.0000000000000000
0.0237025498741472,0.0006691580321349,0.0000000000000000
0.0208166707253304,0.0169597868780224,0.0000000000000000
0.0152832076916341,0.0072226236860078,0.0000000000000000
0.0169967698512780,0.0167026390940729,0.0000000000000000
0.0267336648614927,0.0027815251865248,0.0000000000000000
0.0170750349450434,0.0055558050414328,0.0000000000000000
0.0183788932793828,0.0040978254785195,0.0000000000000000
0.0247105583944948,0.0006785550588902,0.0000000000000000
0.0203569990027052,0.0175367178977179,0.0000000000000000
0.0176244019652160,0.0173391637446339,0.0000000000000000
0.0140723342973670,0.0136240556959842,0.0000000000000000
0.0216290027450814,0.0007107458756628,0.0000000000000000
0.0267792307484829,0.0020746611033994,0.0000000000000000
0.0234199532479291,0.0131773153621724,0.0000000000000000
0.0227959740817580,0.0142042243777296,0.0000000000000000
0.0244979978142219,0.0110586743575057,0.0000000000000000
0.0239795357864359,0.0121254578882127,0.0000000000000000
0.0249568289905457,0.0099540117877053,0.0000000000000000
0.0199699120483026,0.0179790844685800,0.0000000000000000
0.0254466966206930,0.0006494972155084,0.0000000000000000
0.0138805409629776,0.0087006389173555,0.0000000000000000
0.0181963772078717,0.0179511837427700,0.0000000000000000
0.0110508322113904,0.0008788683044632,0.0000000000000000
0.0268311700554721,0.0014605406715342,0.0000000000000000
0.0205349671450231,0.0007573334685682,0.0000000000000000
0.0132628534690176,0.0127941234539744,0.0000000000000000
0.0125011561255775,0.0051490749269534,0.0000000000000000
0.0197595737163530,0.0007197778804565,0.0000000000000000
0.0259663073663321,0.0006582890208850,0.0000000000000000
0.0185658530419086,0.0183558531655051,0.0000000000000000
0.0265571540129691,0.0039971153494566,0.0000000000000000
0.0264097971408803,0.0048402127184333,0.0000000000000000
0.0221760275698781,0.0151907497369103,0.0000000000000000
0.0216638872993535,0.0159064826384383,0.0000000000000000
0.0211156046362371,0.0166185470596569,0.0000000000000000
0.0196644436153500,0.0183140638793046,0.0000000000000000
0.0253173803740246,0.0089956321345928,0.0000000000000000
0.0256509207716264,0.0080095129984498,0.0000000000000000
0.0259504164999224,0.0070076839255006,0.0000000000000000
0.0262157378231923,0.0059909718858369,0.0000000000000000
0.0124691791534473,0.0008240688267588,0.0000000000000000
0.0115154884559537,0.0063127176244705,0.0000000000000000
0.0084507405948312,0.0030209721473016,0.0000000000000000
0.0128409468779795,0.0096864471034616,0.0000000000000000
0.0136485224151555,0.0041987006685599,0.0000000000000000
0.0105519459475645,0.0072759815579583,0.0000000000000000
0.0136311993503442,0.0008210252549517,0.0000000000000000
0.0079640327669132,0.0042995817341799,0.0000000000000000
0.0079087141760469,0.0072383345775279,0.0000000000000000
0.0264550963058890,0.0006367523137132,0.0000000000000000
0.0193654153411155,0.0186396850049407,0.0000000000000000
0.0188693544742726,0.0007795316677868,0.0000000000000000
0.0146720958597195,0.0031055966864701,0.0000000000000000
0.0187912321970748,0.0027073104451999,0.0000000000000000
0.0191282893169450,0.0031053184222408,0.0000000000000000
0.0123889813359978,0.0118431981702603,0.0000000000000000
0.0192621800033470,0.0026604432203935,0.0000000000000000
0.0195687178901571,0.0029876263666447,0.0000000000000000
0.0196833902509557,0.0025555938844996,0.0000000000000000
0.0199898425860652,0.0028790893810617,0.0000000000000000
0.0198826639949842,0.0032882119592192,0.0000000000000000
0.0202890500614486,0.0031825194457977,0.0000000000000000
0.0201886965436201,0.0035677602019368,0.0000000000000000
0.0205752547897181,0.0034615783193294,0.0000000000000000
0.0204807509812637,0.0038391684063331,0.0000000000000000
0.0208606370849922,0.0037251016397736,0.0000000000000000
0.0207648384415174,0.0041003868987070,0.0000000000000000
0.0211328823235823,0.0039868587006550,0.0000000000000000
0.0210391373166607,0.0043536686195939,0.0000000000000000
0.0213874897799164,0.0042507325671037,0.0000000000000000
0.0213027697941544,0.0046001678555777,0.0000000000000000
0.0216460589830410,0.0044885193984507,0.0000000000000000
0.0215602155518173,0.0048378643872119,0.0000000000000000
0.0218915424767717,0.0047272212405354,0.0000000000000000
0.0218054088541651,0.0050712993479567,0.0000000000000000
0.0221216049942647,0.0049760353997086,0.0000000000000000
0.0220418339812708,0.0052932890075279,0.0000000000000000
0.0217341522776864,0.0053869218600402,0.0000000000000000
0.0219691048943820,0.0056040458101667,0.0000000000000000
0.0216638353062294,0.0056994935867485,0.0000000000000000
0.0218966460072937,0.0059144381991696,0.0000000000000000
0.0215943734882479,0.0060098024360087,0.0000000000000000
0.0218248942468911,0.0062224836270048,0.0000000000000000
0.0215427305344519,0.0063202013552174,0.0000000000000000
0.0217552020786658,0.0065299519805186,0.0000000000000000
0.0214791208449636,0.0066270260767964,0.0000000000000000
0.0216849220890733,0.0068314775051242,0.0000000000000000
0.0213948197984440,0.0069242345857924,0.0000000000000000
0.0216174322050182,0.0071271131594080,0.0000000000000000
0.0213237096738571,0.0072195188393621,0.0000000000000000
0.0215539977343327,0.0074229019066304,0.0000000000000000
0.0212588540064611,0.0075135826211814,0.0000000000000000
0.0214868874704161,0.0077150883196433,0.0000000000000000
0.0211983363546616,0.0078049701560136,0.0000000000000000
0.0214111579055352,0.0080080120794985,0.0000000000000000
0.0211338004828292,0.0080933927836798,0.0000000000000000
0.0213431285802655,0.0082939678036315,0.0000000000000000
0.0210672947759424,0.0083770260857897,0.0000000000000000
0.0212776741292806,0.0085716008503987,0.0000000000000000
0.0210043924342284,0.0086570327906268,0.0000000000000000
0.0212128092784781,0.0088489376922286,0.0000000000000000
0.0209429743767832,0.0089336578635454,0.0000000000000000
0.0211488295162154,0.0091234691623253,0.0000000000000000
0.0208823006150114,0.0092072407849662,0.0000000000000000
0.0210857046146582,0.0093947967793559,0.0000000000000000
0.0208256031578032,0.0094783357854758,0.0000000000000000
0.0210296932544495,0.0096630323914797,0.0000000000000000
0.0207679784569321,0.0097456661945060,0.0000000000000000
0.0209627079386553,0.0099302567827477,0.0000000000000000
0.0207055563410603,0.0100094028271959,0.0000000000000000
0.0209037203545653,0.0101900471447623,0.0000000000000000
0.0206474049808012,0.0102699808796970,0.0000000000000000
0.0208424922544632,0.0104480305571705,0.0000000000000000
0.0205898919191855,0.0105286167007049,0.0000000000000000
0.0203930228093222,0.0103500134030106,0.0000000000000000
0.0203336899874800,0.0106105788640327,0.0000000000000000
0.0205312025713691,0.0107824914489430,0.0000000000000000
0.0202747715830810,0.0108591021610012,0.0000000000000000
0.0200753474821664,0.0106919794503000,0.0000000000000000
0.0200233514921915,0.0109555237963545,0.0000000000000000
0.0202503270841657,0.0111107558972863,0.0000000000000000
0.0199718797027718,0.0112057994691396,0.0000000000000000
0.0197693320995884,0.0110456281907263,0.0000000000000000
0.0197204514183035,0.0113176379021045,0.0000000000000000
0.0199559320083010,0.0114743766286128,0.0000000000000000
0.0196699147413461,0.0115776630671015,0.0000000000000000
0.0194748925185681,0.0114206111274440,0.0000000000000000
0.0194233541625584,0.0116750622722070,0.0000000000000000
0.0196213545302592,0.0118464316594719,0.0000000000000000
0.0193677694124537,0.0119384601020374,0.0000000000000000
0.0191732027549956,0.0117737161287584,0.0000000000000000
0.0195733372782057,0.0121088208476509,0.0000000000000000
0.0206127819972588,0.0092786042320742,0.0000000000000000
0.0193234045896125,0.0122015606561339,0.0000000000000000
0.0195264651119437,0.0123697792961929,0.0000000000000000
0.0192839042035348,0.0124621145667115,0.0000000000000000
0.0194809904536979,0.0126278625989891,0.0000000000000000
0.0192417696992551,0.0127190810552927,0.0000000000000000
0.0194357383066469,0.0128826175450073,0.0000000000000000
0.0197211380668562,0.0125347997070686,0.0000000000000000
0.0222013131532604,0.0046610328574520,0.0000000000000000
0.0191956741664797,0.0129720335394705,0.0000000000000000
0.0189994810533135,0.0127866551585274,0.0000000000000000
0.0193901418326105,0.0131336849811119,0.0000000000000000
0.0215481901187904,0.0084907479412788,0.0000000000000000
0.0212971180002066,0.0095732507220513,0.0000000000000000
0.0218539224515598,0.0073198744502208,0.0000000000000000
0.0191531530580543,0.0132221845042214,0.0000000000000000
0.0193456129724657,0.0133818021989313,0.0000000000000000
0.0221174129080312,0.0061332687088729,0.0000000000000000
0.0224220765318511,0.0048857192895271,0.0000000000000000
0.0225022914963542,0.0045967634234292,0.0000000000000000
0.0191111397483936,0.0134691382563675,0.0000000000000000
0.0193031609656421,0.0136267348165618,0.0000000000000000
0.0195323971484445,0.0135415109787348,0.0000000000000000
0.0194827479803274,0.0137800769614169,0.0000000000000000
0.0192634179002448,0.0138645674524094,0.0000000000000000
0.0194405066697814,0.0140152447393470,0.0000000000000000
0.0227134997785169,0.0047996487695430,0.0000000000000000
0.0227896295716939,0.0045126565502956,0.0000000000000000
0.0192279403082327,0.0141009482865440,0.0000000000000000
0.0194102530984873,0.0142500641234559,0.0000000000000000
0.0197216680465784,0.0136958053720737,0.0000000000000000
0.0229929484177968,0.0047151686564544,0.0000000000000000
0.0230661038245240,0.0044414394183832,0.0000000000000000
0.0208535102268260,0.0081615332707691,0.0000000000000000
0.0191911208208298,0.0143319727528366,0.0000000000000000
0.0193686171922319,0.0144799399287327,0.0000000000000000
0.0232577665873873,0.0046349906712509,0.0000000000000000
0.0233259038656969,0.0043675643765400,0.0000000000000000
0.0231393629564715,0.0041745208604948,0.0000000000000000
0.0233940814097986,0.0041059084861773,0.0000000000000000
0.0191543511118298,0.0145594743745659,0.0000000000000000
0.0189735397949247,0.0144133346667448,0.0000000000000000
0.0193323360926618,0.0147031694162803,0.0000000000000000
0.0195414013176261,0.0146259415166486,0.0000000000000000
0.0232225183230426,0.0039199020488001,0.0000000000000000
0.0234693969711283,0.0038530466511357,0.0000000000000000
0.0236787506066981,0.0040659181680505,0.0000000000000000
0.0237200730914263,0.0037928956638666,0.0000000000000000
0.0195042082089703,0.0148443466172599,0.0000000000000000
0.0192983315159157,0.0149222922180530,0.0000000000000000
0.0235399426943727,0.0036085471362668,0.0000000000000000
0.0237825393693420,0.0035478912589569,0.0000000000000000
0.0239551379873928,0.0037217645909493,0.0000000000000000
0.0240199487471644,0.0034880027203423,0.0000000000000000
0.0194702484311005,0.0150620170308323,0.0000000000000000
0.0192666644555445,0.0151390520588074,0.0000000000000000
0.0197097333691589,0.0147668233307950,0.0000000000000000
0.0194333263538498,0.0152759296089096,0.0000000000000000
0.0192338735018553,0.0153525255319985,0.0000000000000000
0.0236082275005156,0.0033674909597018,0.0000000000000000
0.0210994461958740,0.0070260022969637,0.0000000000000000
0.0241870410955639,0.0036562431093155,0.0000000000000000
0.0242495463279267,0.0034314833044715,0.0000000000000000
0.0194035734022803,0.0154933854260791,0.0000000000000000
0.0192094697065571,0.0155639656212499,0.0000000000000000
0.0190538827346658,0.0154499986321697,0.0000000000000000
0.0193757226357401,0.0157039841961390,0.0000000000000000
0.0244122878492228,0.0035949346156095,0.0000000000000000
0.0244706430539202,0.0033764888477477,0.0000000000000000
0.0196276986495863,0.0154089644613134,0.0000000000000000
0.0191745414116855,0.0157699670005323,0.0000000000000000
0.0193415418345026,0.0159056500373891,0.0000000000000000
0.0210922889994083,0.0103727678562965,0.0000000000000000
0.0243134527921197,0.0032126433236505,0.0000000000000000
0.0245297485951020,0.0031591227705355,0.0000000000000000
0.0243764133185418,0.0029984938922727,0.0000000000000000
0.0245887460456115,0.0029462355958493,0.0000000000000000
0.0244383365953889,0.0027885099249433,0.0000000000000000
0.0246477369633430,0.0027375138456100,0.0000000000000000
0.0247959025228540,0.0028910853054870,0.0000000000000000
0.0248538075919597,0.0026875328379006,0.0000000000000000
0.0243516932598648,0.0038156921769245,0.0000000000000000
0.0245699952558351,0.0037579248136563,0.0000000000000000
0.0245130754126286,0.0039719358619057,0.0000000000000000
0.0191476238196371,0.0159745984555304,0.0000000000000000
0.0192881428142255,0.0161001312831665,0.0000000000000000
0.0212626617843389,0.0061494884687298,0.0000000000000000
0.0244990999373786,0.0025816342859259,0.0000000000000000
0.0249987931435858,0.0028352069743586,0.0000000000000000
0.0250536444533503,0.0026394706320368,0.0000000000000000
0.0194998848148310,0.0160537904914417,0.0000000000000000
0.0247241832897336,0.0039145668581144,0.0000000000000000
0.0246704702558630,0.0041228521075251,0.0000000000000000
0.0191198237314637,0.0161753295001416,0.0000000000000000
0.0189492691593816,0.0160469340562005,0.0000000000000000
0.0192500276429769,0.0162977940433009,0.0000000000000000
0.0231834652608139,0.0048965279796596,0.0000000000000000
0.0209516108249067,0.0033557524578454,0.0000000000000000
0.0190862620927954,0.0163731829141488,0.0000000000000000
0.0192223238658063,0.0164947427093336,0.0000000000000000
0.0248754057129276,0.0040673477944122,0.0000000000000000
0.0248239740128892,0.0042704782568496,0.0000000000000000
0.0251948623071818,0.0027797533530331,0.0000000000000000
0.0252460116101516,0.0025910425505620,0.0000000000000000
0.0251099962866440,0.0024485109461238,0.0000000000000000
0.0252991388721270,0.0024025266192347,0.0000000000000000
0.0251658015542639,0.0022614014105416,0.0000000000000000
0.0253525926072179,0.0022154351496337,0.0000000000000000
0.0190587007626742,0.0165684844229630,0.0000000000000000
0.0191985760567880,0.0166922289058876,0.0000000000000000
0.0193853340487684,0.0166075606043125,0.0000000000000000
0.0207007471152364,0.0044449187756589,0.0000000000000000
0.0250234503958033,0.0042146748718351,0.0000000000000000
0.0249736070751014,0.0044136419755638,0.0000000000000000
0.0247732794229714,0.0044709886899695,0.0000000000000000
0.0249237019328478,0.0046140553671826,0.0000000000000000
0.0247228773084727,0.0046725984544556,0.0000000000000000
0.0248637768582427,0.0048154706120706,0.0000000000000000
0.0246700115342181,0.0048752026488728,0.0000000000000000
0.0248113293293380,0.0050197669737466,0.0000000000000000
0.0246197401713062,0.0050796443100295,0.0000000000000000
0.0247691787074362,0.0052268609276201,0.0000000000000000
0.0245689504167632,0.0052846708219349,0.0000000000000000
0.0247206187329958,0.0054382039197321,0.0000000000000000
0.0245180715730235,0.0054919237865846,0.0000000000000000
0.0246703289484776,0.0056488094136226,0.0000000000000000
0.0244649385156001,0.0056989101118940,0.0000000000000000
0.0246179600656096,0.0058502050261299,0.0000000000000000
0.0244132058508526,0.0059050650915007,0.0000000000000000
0.0245658323100198,0.0060521062489913,0.0000000000000000
0.0243609616706058,0.0061109735800015,0.0000000000000000
0.0245138940141711,0.0062579730530215,0.0000000000000000
0.0243099889545163,0.0063176517724399,0.0000000000000000
0.0244661618556005,0.0064664951829100,0.0000000000000000
0.0242596245441698,0.0065246215212458,0.0000000000000000
0.0244247029682442,0.0066728306111964,0.0000000000000000
0.0242101567817409,0.0067308461234316,0.0000000000000000
0.0243597964479627,0.0068781259059787,0.0000000000000000
0.0241579625158376,0.0069367795621933,0.0000000000000000
0.0243058729678592,0.0070856146620221,0.0000000000000000
0.0241064222968108,0.0071424640563002,0.0000000000000000
0.0242539227160452,0.0072908713492202,0.0000000000000000
0.0240534624115849,0.0073467527880303,0.0000000000000000
0.0242041865739665,0.0074918327426195,0.0000000000000000
0.0240033572939291,0.0075501276974183,0.0000000000000000
0.0241534046736187,0.0076944159660219,0.0000000000000000
0.0239530330528715,0.0077528175118376,0.0000000000000000
0.0241043094032488,0.0078958582675674,0.0000000000000000
0.0239052632006378,0.0079524007046550,0.0000000000000000
0.0240543356165853,0.0080966484879626,0.0000000000000000
0.0238472918873574,0.0081429766629854,0.0000000000000000
0.0240006341108035,0.0082966666248922,0.0000000000000000
0.0237936422573651,0.0083434009136147,0.0000000000000000
0.0239495187131096,0.0084952174301455,0.0000000000000000
0.0237637583036503,0.0085551273084995,0.0000000000000000
0.0239025154408826,0.0086963368982220,0.0000000000000000
0.0237064510759166,0.0087533831348554,0.0000000000000000
0.0238521249974235,0.0088929784640190,0.0000000000000000
0.0236451376486518,0.0089471625486057,0.0000000000000000
0.0238034561600109,0.0090901327977969,0.0000000000000000
0.0236077312444677,0.0091448335642998,0.0000000000000000
0.0236211986141960,0.0084365481126722,0.0000000000000000
0.0237541101289595,0.0092829648298127,0.0000000000000000
0.0235616700390981,0.0093392080024717,0.0000000000000000
0.0237053188192666,0.0094771407167759,0.0000000000000000
0.0235136285949938,0.0095333580564347,0.0000000000000000
0.0233680147102637,0.0093940154471272,0.0000000000000000
0.0233208163791534,0.0095911061507199,0.0000000000000000
0.0234669931591515,0.0097266933953086,0.0000000000000000
0.0232747600013902,0.0097874307829999,0.0000000000000000
0.0234209698867162,0.0099225321083211,0.0000000000000000
0.0232304395965135,0.0099830425132248,0.0000000000000000
0.0233749241795865,0.0101186648749262,0.0000000000000000
0.0231861018982806,0.0101775677612202,0.0000000000000000
0.0233291642079256,0.0103122132722587,0.0000000000000000
0.0231403010574024,0.0103702240530772,0.0000000000000000
0.0239045341529573,0.0071802528210244,0.0000000000000000
0.0232841712782884,0.0105035269254083,0.0000000000000000
0.0230958251733278,0.0105623055122518,0.0000000000000000
0.0229494499099833,0.0104270030294427,0.0000000000000000
0.0229054074516937,0.0106221887415299,0.0000000000000000
0.0230486973298369,0.0107555416003939,0.0000000000000000
0.0228623622354843,0.0108175462986137,0.0000000000000000
0.0230041128124052,0.0109499851007681,0.0000000000000000
0.0228236506725806,0.0110113498469246,0.0000000000000000
0.0229645778888239,0.0111431970071156,0.0000000000000000
0.0227832050304794,0.0112033678499797,0.0000000000000000
0.0229189482141960,0.0113262290778605,0.0000000000000000
0.0227326759813166,0.0113917297315033,0.0000000000000000
0.0231707459219841,0.0094504171438151,0.0000000000000000
0.0226047125092912,0.0112548236357287,0.0000000000000000
0.0225544470160315,0.0114536397358560,0.0000000000000000
0.0227113792579243,0.0116042470752570,0.0000000000000000
0.0225105741606876,0.0116473031853713,0.0000000000000000
0.0223691166853332,0.0115111549104423,0.0000000000000000
0.0223235832835252,0.0117107063058467,0.0000000000000000
0.0224722879183791,0.0118426013887422,0.0000000000000000
0.0222845159893102,0.0119075264607016,0.0000000000000000
0.0221326505282702,0.0117757902526557,0.0000000000000000
0.0220959697790560,0.0119739708735551,0.0000000000000000
0.0222476222583949,0.0121037647645725,0.0000000000000000
0.0220605048700205,0.0121707477264177,0.0000000000000000
0.0222115998046562,0.0122987878110832,0.0000000000000000
0.0220250457536587,0.0123662714491824,0.0000000000000000
0.0218732016776439,0.0122384737626847,0.0000000000000000
0.0218458933937045,0.0124367061234824,0.0000000000000000
0.0219920401855215,0.0125630975177952,0.0000000000000000
0.0218130152314073,0.0126330164456932,0.0000000000000000
0.0219579691770634,0.0127586153121553,0.0000000000000000
0.0217782029979810,0.0128272330559400,0.0000000000000000
0.0216556929334874,0.0125100121361449,0.0000000000000000
0.0219220221095671,0.0129432121308543,0.0000000000000000
0.0217477419867779,0.0130181942872832,0.0000000000000000
0.0219056012515375,0.0131379880536754,0.0000000000000000
0.0217105212416183,0.0132090727497409,0.0000000000000000
0.0215741291122520,0.0130788662031943,0.0000000000000000
0.0215311940107504,0.0132775069478716,0.0000000000000000
0.0216586803413135,0.0133972360684151,0.0000000000000000
0.0214854034651098,0.0134691791417798,0.0000000000000000
0.0213440907394910,0.0133480654356165,0.0000000000000000
0.0213150257937385,0.0135424715485108,0.0000000000000000
0.0214643214022015,0.0136632907102821,0.0000000000000000
0.0212888536351182,0.0137354702339926,0.0000000000000000
0.0214292207175858,0.0138532388229022,0.0000000000000000
0.0212613307656453,0.0139257540900779,0.0000000000000000
0.0237666034484699,0.0078200744695401,0.0000000000000000
0.0241516382004259,0.0061730820697648,0.0000000000000000
0.0252209457035660,0.0020769666429319,0.0000000000000000
0.0254056854948494,0.0020328353151328,0.0000000000000000
0.0214101405182725,0.0140435831444171,0.0000000000000000
0.0212364692213813,0.0141141179617939,0.0000000000000000
0.0253826922128874,0.0027318276144936,0.0000000000000000
0.0255354512630410,0.0021689715693060,0.0000000000000000
0.0255870873190777,0.0019891634158465,0.0000000000000000
0.0190214538503499,0.0167601800898827,0.0000000000000000
0.0188619882641988,0.0166126112170995,0.0000000000000000
0.0191668018807457,0.0168833874895854,0.0000000000000000
0.0246666616447415,0.0064056009153161,0.0000000000000000
0.0227554772432840,0.0104854348868170,0.0000000000000000
0.0221018429267603,0.0128739837508409,0.0000000000000000
0.0249130721324577,0.0054050363123183,0.0000000000000000
0.0242909949144515,0.0026297097731721,0.0000000000000000
0.0243519066185446,0.0024239912845043,0.0000000000000000
0.0241411789441880,0.0024725189997855,0.0000000000000000
0.0242043106202604,0.0022661047557052,0.0000000000000000
0.0239881674159401,0.0023165288196040,0.0000000000000000
0.0250757405585052,0.0040165714523209,0.0000000000000000
0.0250703540251979,0.0047781210058284,0.0000000000000000
0.0243979579257060,0.0074394314311663,0.0000000000000000
0.0213722292681776,0.0142423038535429,0.0000000000000000
0.0212051180342302,0.0143091511086370,0.0000000000000000
0.0211606163816186,0.0134205748583132,0.0000000000000000
0.0241980038872657,0.0082418721547959,0.0000000000000000
0.0252187801981397,0.0041608327035246,0.0000000000000000
0.0252704313091480,0.0039697240119572,0.0000000000000000
0.0252752397376767,0.0018949106895108,0.0000000000000000
0.0215949683237793,0.0139642009317268,0.0000000000000000
0.0210621594054249,0.0141851434607821,0.0000000000000000
0.0210354225943221,0.0143740521826655,0.0000000000000000
0.0211773333168112,0.0144993108100859,0.0000000000000000
0.0210106933901760,0.0145614811071604,0.0000000000000000
0.0240455842577936,0.0088350337644806,0.0000000000000000
0.0235635165842408,0.0100525399267914,0.0000000000000000
0.0211546803162933,0.0146792410590665,0.0000000000000000
0.0209876390116498,0.0147451316943472,0.0000000000000000
0.0231453272387336,0.0110666064087484,0.0000000000000000
0.0240532430342558,0.0021070705775290,0.0000000000000000
0.0238354838702907,0.0021577650918203,0.0000000000000000
0.0189910881694557,0.0169498854123269,0.0000000000000000
0.0191383254673531,0.0170691394366056,0.0000000000000000
0.0238950280669569,0.0094229743169450,0.0000000000000000
0.0257138483588978,0.0021218371003943,0.0000000000000000
0.0257638139159777,0.0019472718228683,0.0000000000000000
0.0211322558232133,0.0148546405445093,0.0000000000000000
0.0209653346317079,0.0149263344217789,0.0000000000000000
0.0208842118837248,0.0142563941400859,0.0000000000000000
0.0254071184551459,0.0041074341547110,0.0000000000000000
0.0254576465496203,0.0039228989052044,0.0000000000000000
0.0211083620114888,0.0150302163504920,0.0000000000000000
0.0209425969907009,0.0151060589944182,0.0000000000000000
0.0189626261088140,0.0171362004070415,0.0000000000000000
0.0191090843547357,0.0172528150262457,0.0000000000000000
0.0192803722631374,0.0171870067387827,0.0000000000000000
0.0192511609804142,0.0173673766454235,0.0000000000000000
0.0190825904027218,0.0174322710004686,0.0000000000000000
0.0239001854607281,0.0019472939596905,0.0000000000000000
0.0236838414788918,0.0019994470405340,0.0000000000000000
0.0241111616308578,0.0018951865452059,0.0000000000000000
0.0236178303590828,0.0022133933592986,0.0000000000000000
0.0234602424238727,0.0020500866092458,0.0000000000000000
0.0233943778045524,0.0022701360842942,0.0000000000000000
0.0232307406733395,0.0021001625281927,0.0000000000000000
0.0231638069167966,0.0023294933222381,0.0000000000000000
0.0229949678298400,0.0021532620970774,0.0000000000000000
0.0229264147708454,0.0023968395872400,0.0000000000000000
0.0227495087753426,0.0022062041469029,0.0000000000000000
0.0226790041700239,0.0024626690108406,0.0000000000000000
0.0224941425708283,0.0022631483882777,0.0000000000000000
0.0233086341642390,0.0018861608798856,0.0000000000000000
0.0212926414266263,0.0147902710159813,0.0000000000000000
0.0194202217161462,0.0173034087978083,0.0000000000000000
0.0208113602829018,0.0150071186429874,0.0000000000000000
0.0207875402466292,0.0151805371451961,0.0000000000000000
0.0209211560511713,0.0152877440643812,0.0000000000000000
0.0207586344153654,0.0153584814580289,0.0000000000000000
0.0224202655318276,0.0025246627248958,0.0000000000000000
0.0222317447587313,0.0023259158937347,0.0000000000000000
0.0223092641086593,0.0020618700897267,0.0000000000000000
0.0220432953616658,0.0021242957988899,0.0000000000000000
0.0255871778983967,0.0040547753511846,0.0000000000000000
0.0256398388009291,0.0038747815884706,0.0000000000000000
0.0208975123545102,0.0154661244573648,0.0000000000000000
0.0207371361459689,0.0155358382318648,0.0000000000000000
0.0243112400409140,0.0055369569364614,0.0000000000000000
0.0258884909119749,0.0020763321429806,0.0000000000000000
0.0259334172026328,0.0019046476502228,0.0000000000000000
0.0258158319651547,0.0017774806418746,0.0000000000000000
0.0259818432764121,0.0017361656325593,0.0000000000000000
0.0258663614395941,0.0016110532589640,0.0000000000000000
0.0260339395077822,0.0015714527528779,0.0000000000000000
0.0206342597309021,0.0152515780467814,0.0000000000000000
0.0201221221054435,0.0024382497041548,0.0000000000000000
0.0087209548482631,0.0018438943468460,0.0000000000000000
0.0255382986593802,0.0042424849742788,0.0000000000000000
0.0255091031947625,0.0037428102007604,0.0000000000000000
0.0256879275154127,0.0036952682946617,0.0000000000000000
0.0148031358694486,0.0008092773842633,0.0000000000000000
0.0258403922513427,0.0022482835940701,0.0000000000000000
0.0192226901191098,0.0175447416522741,0.0000000000000000
0.0244636684769566,0.0049470288421578,0.0000000000000000
0.0260106070343788,0.0022033360293846,0.0000000000000000
0.0259643156429915,0.0023709807515495,0.0000000000000000
0.0190568566257448,0.0176097140456480,0.0000000000000000
0.0239637341594629,0.0017387002424720,0.0000000000000000
0.0241741817035862,0.0016899694852520,0.0000000000000000
0.0226115975929454,0.0027204451045860,0.0000000000000000
0.0223416975490412,0.0027877942794587,0.0000000000000000
0.0208749325381331,0.0156422674816516,0.0000000000000000
0.0207142856308993,0.0157107646770826,0.0000000000000000
0.0257693518088319,0.0039917534088212,0.0000000000000000
0.0259166937391053,0.0014446368245915,0.0000000000000000
0.0260845675856930,0.0014027275464284,0.0000000000000000
0.0257485932567116,0.0014849469818567,0.0000000000000000
0.0250894774133030,0.0019386966538723,0.0000000000000000
0.0251441058154726,0.0017549980357006,0.0000000000000000
0.0261312762622543,0.0023278620986071,0.0000000000000000
0.0260813239154950,0.0024962860326322,0.0000000000000000
0.0221250493550747,0.0018626515615931,0.0000000000000000
0.0218516163357061,0.0019122341716783,0.0000000000000000
0.0191956549241863,0.0177185713383379,0.0000000000000000
0.0217269263604670,0.0041145550188568,0.0000000000000000
0.0222554968284733,0.0055288838088623,0.0000000000000000
0.0219795616256341,0.0067330511683278,0.0000000000000000
0.0217678434971661,0.0021905259638094,0.0000000000000000
0.0215698111212219,0.0019684933171876,0.0000000000000000
0.0216979365445783,0.0079274652954445,0.0000000000000000
0.0214156161133970,0.0090429785172889,0.0000000000000000
0.0245134069109588,0.0070350425290554,0.0000000000000000
0.0247673344668380,0.0059965073690380,0.0000000000000000
0.0243031357755608,0.0078347152618433,0.0000000000000000
0.0255600403937739,0.0035649751179336,0.0000000000000000
0.0257375235518959,0.0035221453732433,0.0000000000000000
0.0258628530464127,0.0036490310160526,0.0000000000000000
0.0259102110075574,0.0034794071869204,0.0000000000000000
0.0249515311457526,0.0030570572835076,0.0000000000000000
0.0261519076477443,0.0016810835455852,0.0000000000000000
0.0145663886774152,0.0141465674694184,0.0000000000000000
0.0196275298286650,0.0130485181746119,0.0000000000000000
0.0156880258525076,0.0153249108288869,0.0000000000000000
0.0234700976039466,0.0104469686037758,0.0000000000000000
0.0166281589885872,0.0163166151070534,0.0000000000000000
0.0173352758281983,0.0170876548495252,0.0000000000000000
0.0196129725838848,0.0141806278919421,0.0000000000000000
0.0179155932207459,0.0176742430538839,0.0000000000000000
0.0208528826291879,0.0158152937716883,0.0000000000000000
0.0206928572412532,0.0158854990861762,0.0000000000000000
0.0205531653933727,0.0157804070943074,0.0000000000000000
0.0205320382061237,0.0159563505955346,0.0000000000000000
0.0203900802657407,0.0158501513371967,0.0000000000000000
0.0203709069170018,0.0160265012136280,0.0000000000000000
0.0205121084678050,0.0161314035666939,0.0000000000000000
0.0203524930992685,0.0162019091745994,0.0000000000000000
0.0204936753168754,0.0163032313022346,0.0000000000000000
0.0203352875501076,0.0163743979100737,0.0000000000000000
0.0243081874309008,0.0006670990960619,0.0000000000000000
0.0232503038284664,0.0007167459313613,0.0000000000000000
0.0250582534416451,0.0006451552060691,0.0000000000000000
0.0221423857786978,0.0007339270127296,0.0000000000000000
0.0223952145338202,0.0122322877623402,0.0000000000000000
0.0198210513351424,0.0120186440273943,0.0000000000000000
0.0210654075696315,0.0153915217546171,0.0000000000000000
0.0201219832957431,0.0039492299557693,0.0000000000000000
0.0101698092140830,0.0009046699789182,0.0000000000000000
0.0187996612046261,0.0186152027632511,0.0000000000000000
0.0177546415951749,0.0047707865026308,0.0000000000000000
0.0163389306499239,0.0061757655545844,0.0000000000000000
0.0225578275818226,0.0042865638335720,0.0000000000000000
0.0145934467527110,0.0079339472287302,0.0000000000000000
0.0219403668607250,0.0118424827195803,0.0000000000000000
0.0210338780765871,0.0106217805004340,0.0000000000000000
0.0212746245746958,0.0105499659442861,0.0000000000000000
0.0212194258936506,0.0107910646110166,0.0000000000000000
0.0214541317445049,0.0107188910855301,0.0000000000000000
0.0215103135071145,0.0104830654033399,0.0000000000000000
0.0216839762476072,0.0106478634438090,0.0000000000000000
0.0217400411776078,0.0104172514167280,0.0000000000000000
0.0213956420210350,0.0109427544388625,0.0000000000000000
0.0211734702894584,0.0110233158919869,0.0000000000000000
0.0224056691764127,0.0017779490484395,0.0000000000000000
0.0211096236936709,0.0007230252791904,0.0000000000000000
0.0225374905004198,0.0029844081046422,0.0000000000000000
0.0182729143866586,0.0007736488829328,0.0000000000000000
0.0257987330156528,0.0013173321300586,0.0000000000000000
0.0256302206332382,0.0013560563345850,0.0000000000000000
0.0189149365198801,0.0174986261847141,0.0000000000000000
0.0240238447839746,0.0015320024633098,0.0000000000000000
0.0242309450980072,0.0014832724502342,0.0000000000000000
0.0193620499190424,0.0176519225581152,0.0000000000000000
0.0188918105513294,0.0176747280908110,0.0000000000000000
0.0187476469119893,0.0175649215859693,0.0000000000000000
0.0191032946216123,0.0150002836119924,0.0000000000000000
0.0190425739434375,0.0139505729024112,0.0000000000000000
0.0208397455122240,0.0146160843666048,0.0000000000000000
0.0230860961812763,0.0098341293724273,0.0000000000000000
0.0190885469633995,0.0122828102094169,0.0000000000000000
0.0188137030992114,0.0170178490634802,0.0000000000000000
0.0209683615256064,0.0076243995977776,0.0000000000000000
0.0205090558258655,0.0098114441055679,0.0000000000000000
0.0211907738924082,0.0132214545972768,0.0000000000000000
0.0210010992863280,0.0132954707021575,0.0000000000000000
0.0210333921341416,0.0130916675677409,0.0000000000000000
0.0208376721638284,0.0131662390333611,0.0000000000000000
0.0208707104647031,0.0129535192493347,0.0000000000000000
0.0208075438720895,0.0133743537630007,0.0000000000000000
0.0206680479745449,0.0130329377028350,0.0000000000000000
0.0207014952051103,0.0128174111616273,0.0000000000000000
0.0207266577159419,0.0087355279131584,0.0000000000000000
0.0219799509921877,0.0116386982096909,0.0000000000000000
0.0217823588377723,0.0117070815997511,0.0000000000000000
0.0226846908702443,0.0108602726487525,0.0000000000000000
0.0268614283071270,0.0010166490193428,0.0000000000000000
0.0188691233464605,0.0132833871660282,0.0000000000000000
0.0214233425003345,0.0054683279760501,0.0000000000000000
0.0267012065759073,0.0030868388953321,0.0000000000000000
0.0267521471637755,0.0025014584804296,0.0000000000000000
0.0268171393775402,0.0017549760041003,0.0000000000000000
0.0226564223988797,0.0144279183516130,0.0000000000000000
0.0229724067898398,0.0139396338483940,0.0000000000000000
0.0223349820972655,0.0149396599780669,0.0000000000000000
0.0206370959891399,0.0171879030504716,0.0000000000000000
0.0201670775762086,0.0177576419480707,0.0000000000000000
0.0232687105533236,0.0134159748464890,0.0000000000000000
0.0234628572717789,0.0090056637917890,0.0000000000000000
0.0241154079622239,0.0118585948338466,0.0000000000000000
0.0238520742171043,0.0123887925643120,0.0000000000000000
0.0235466654487526,0.0129186585248760,0.0000000000000000
0.0243741288053580,0.0113240313105605,0.0000000000000000
0.0253807951033957,0.0036091889484638,0.0000000000000000
0.0250635657774615,0.0096882679615086,0.0000000000000000
0.0246120004801729,0.0107763246631679,0.0000000000000000
0.0248500969077863,0.0102304901902674,0.0000000000000000
0.0257420339104453,0.0077106550019764,0.0000000000000000
0.0254421470264395,0.0086942735736312,0.0000000000000000
0.0260139817714174,0.0067403708684788,0.0000000000000000
0.0262691903722145,0.0057390272086681,0.0000000000000000
0.0263755442183786,0.0051357115154787,0.0000000000000000
0.0239141359480072,0.0025070374399882,0.0000000000000000
0.0240007284206728,0.0067885335303648,0.0000000000000000
0.0208275260971109,0.0159953085961330,0.0000000000000000
0.0257877939308582,0.0033514371933368,0.0000000000000000
0.0259587650847660,0.0033102575613526,0.0000000000000000
0.0222600655137295,0.0030583400897529,0.0000000000000000
0.0245714967905972,0.0045272242112420,0.0000000000000000
0.0194082575087957,0.0022374898532881,0.0000000000000000
0.0201936438062360,0.0162730878317123,0.0000000000000000
0.0201763608533986,0.0164466298032954,0.0000000000000000
0.0203176131747276,0.0165468235537173,0.0000000000000000
0.0201645725502959,0.0166128693706051,0.0000000000000000
0.0097650962104622,0.0080125963357291,0.0000000000000000
0.0235013569845489,0.0045709401543125,0.0000000000000000
0.0202261990860325,0.0159205962119107,0.0000000000000000
0.0202459463409873,0.0157403016060344,0.0000000000000000
0.0210025354994629,0.0157474726585050,0.0000000000000000
0.0209071798305560,0.0127375022744469,0.0000000000000000
0.0207357996221512,0.0125985086703526,0.0000000000000000
0.0209457956614823,0.0125184887277592,0.0000000000000000
0.0207766887543777,0.0123781839757377,0.0000000000000000
0.0209847399565274,0.0122965262766699,0.0000000000000000
0.0208134590906161,0.0121544405903495,0.0000000000000000
0.0210220923203766,0.0120728419807822,0.0000000000000000
0.0208442944262760,0.0119271415246613,0.0000000000000000
0.0249665515989240,0.0018021781022660,0.0000000000000000
0.0250138599983428,0.0016148337257271,0.0000000000000000
0.0214823375831269,0.0022618368601884,0.0000000000000000
0.0212798691063079,0.0020380189002432,0.0000000000000000
0.0153963858083832,0.0024385579535762,0.0000000000000000
0.0155404886619364,0.0008055185790243,0.0000000000000000
0.0231010040772230,0.0025691259136798,0.0000000000000000
0.0260321016464857,0.0036053375916498,0.0000000000000000
0.0258464653654850,0.0031849396072427,0.0000000000000000
0.0260095853201085,0.0031410362339979,0.0000000000000000
0.0210565209062720,0.0118490909418499,0.0000000000000000
0.0240851126477525,0.0013286230316762,0.0000000000000000
0.0238791226525066,0.0013778028436667,0.0000000000000000
0.0204943023162153,0.0128966481908496,0.0000000000000000
0.0204618903079552,0.0131165357392394,0.0000000000000000
0.0256797864593977,0.0032279558723493,0.0000000000000000
0.0219066697407767,0.0105658739082259,0.0000000000000000
0.0219655164281336,0.0103482177372037,0.0000000000000000
0.0218536134599664,0.0107906170284791,0.0000000000000000
0.0219312415457473,0.0016449794700953,0.0000000000000000
0.0208800880133180,0.0116983671404886,0.0000000000000000
0.0193312944795602,0.0178269206317129,0.0000000000000000
0.0191720345221244,0.0178887608061366,0.0000000000000000
0.0202996153700490,0.0167144715513173,0.0000000000000000
0.0201432033847580,0.0167635596196857,0.0000000000000000
0.0200181796439418,0.0165200155150802,0.0000000000000000
0.0213754033990854,0.0017482455249797,0.0000000000000000
0.0210748742910074,0.0018106549408481,0.0000000000000000
0.0224623222582292,0.0032606455432040,0.0000000000000000
0.0205751689986482,0.0124478593239616,0.0000000000000000
0.0259191553233878,0.0030163929816423,0.0000000000000000
0.0242887570720674,0.0012816643910395,0.0000000000000000
0.0261260930378256,0.0032714606029466,0.0000000000000000
0.0261742293264136,0.0031041369613825,0.0000000000000000
0.0200759241566915,0.0158142190428363,0.0000000000000000
0.0121399469280871,0.0103874470533542,0.0000000000000000
0.0209100546886401,0.0140662357020165,0.0000000000000000
0.0207265914341576,0.0141387397533193,0.0000000000000000
0.0211819771751106,0.0023340729861801,0.0000000000000000
0.0249024136950491,0.0019846403166344,0.0000000000000000
0.0233634889103602,0.0034276796220182,0.0000000000000000
0.0261730746607963,0.0021757661059232,0.0000000000000000
0.0194494778272951,0.0171256716814786,0.0000000000000000
0.0195866290122653,0.0172386929433948,0.0000000000000000
0.0196155464587560,0.0170667045328423,0.0000000000000000
0.0197485168047495,0.0171795447473506,0.0000000000000000
0.0197211998284844,0.0173475802064320,0.0000000000000000
0.0198789419143404,0.0172898506624765,0.0000000000000000
0.0217961078529642,0.0101876958937946,0.0000000000000000
0.0220232679514189,0.0101224861691147,0.0000000000000000
0.0204592206313107,0.0166376763932023,0.0000000000000000
0.0234278820766470,0.0106312645487116,0.0000000000000000
0.0236059833421718,0.0105779615127851,0.0000000000000000
0.0235658657213473,0.0107569404214917,0.0000000000000000
0.0237385878954712,0.0107049509875071,0.0000000000000000
0.0236998339890486,0.0108791510556745,0.0000000000000000
0.0237820221897520,0.0105308723387232,0.0000000000000000
0.0239104807858579,0.0106540134757077,0.0000000000000000
0.0239528669705370,0.0104830487624426,0.0000000000000000
0.0240785777703707,0.0106040897111768,0.0000000000000000
0.0241205807145760,0.0104356054753421,0.0000000000000000
0.0240375077741813,0.0107714744204044,0.0000000000000000
0.0180828589596592,0.0020677884652218,0.0000000000000000
0.0238463160606324,0.0096099261040437,0.0000000000000000
0.0240295981000885,0.0095563609027786,0.0000000000000000
0.0239840961913163,0.0097400382348798,0.0000000000000000
0.0241616036810764,0.0096874254419939,0.0000000000000000
0.0242083696210709,0.0095106311033669,0.0000000000000000
0.0243352223232805,0.0096348758552086,0.0000000000000000
0.0243812714352259,0.0094646715398934,0.0000000000000000
0.0242910874419898,0.0098053404396630,0.0000000000000000
0.0245056327798885,0.0095865034786546,0.0000000000000000
0.0245496907439234,0.0094191656893793,0.0000000000000000
0.0244259148741471,0.0092962373622663,0.0000000000000000
0.0245948327961534,0.0092501683609375,0.0000000000000000
0.0223598909912153,0.0124220685886117,0.0000000000000000
0.0225395520180831,0.0123581555483637,0.0000000000000000
0.0225021867557382,0.0125459037946930,0.0000000000000000
0.0226786304694579,0.0124806981389589,0.0000000000000000
0.0226470335707660,0.0126608556456209,0.0000000000000000
0.0228158988705628,0.0125993495386667,0.0000000000000000
0.0228503037063013,0.0124239994776585,0.0000000000000000
0.0227834134029040,0.0127738758865335,0.0000000000000000
0.0229824159208306,0.0125398839827751,0.0000000000000000
0.0230161804821622,0.0123686086285595,0.0000000000000000
0.0231455223223005,0.0124791679274384,0.0000000000000000
0.0231789852635160,0.0123126464685664,0.0000000000000000
0.0230495058912512,0.0121988325821281,0.0000000000000000
0.0232133027083218,0.0121436315645873,0.0000000000000000
0.0231092605379770,0.0126343597144913,0.0000000000000000
0.0226145799746591,0.0128406383340537,0.0000000000000000
0.0227517711546818,0.0129475576294548,0.0000000000000000
0.0225889794593776,0.0130085825326234,0.0000000000000000
0.0227207972479984,0.0131196786193737,0.0000000000000000
0.0225601415050859,0.0131782295272009,0.0000000000000000
0.0226905556967276,0.0132891209225025,0.0000000000000000
0.0225315799556463,0.0133469500232805,0.0000000000000000
0.0226623757579353,0.0134546120931534,0.0000000000000000
0.0225036664071998,0.0135141305727102,0.0000000000000000
0.0230841956232718,0.0120288949056027,0.0000000000000000
0.0232487978496424,0.0119741530206829,0.0000000000000000
0.0233765654343679,0.0120882867865492,0.0000000000000000
0.0234117217649366,0.0119206660133296,0.0000000000000000
0.0232839220041354,0.0118048972374877,0.0000000000000000
0.0234479163244861,0.0117520578052687,0.0000000000000000
0.0228744340584015,0.0130614755098150,0.0000000000000000
0.0256803718008907,0.0011900550731570,0.0000000000000000
0.0254929369206515,0.0012315185125553,0.0000000000000000
0.0258495542983144,0.0011506458148329,0.0000000000000000
0.0187236778029723,0.0177431069576566,0.0000000000000000
0.0185783384668222,0.0176323821084425,0.0000000000000000
0.0206365788901881,0.0120088634652203,0.0000000000000000
0.0195017762720179,0.0177512613546379,0.0000000000000000
0.0200975987963367,0.0156275319672469,0.0000000000000000
0.0242991153917000,0.0040339318773475,0.0000000000000000
0.0239950949979883,0.0103145981987083,0.0000000000000000
0.0247904498178271,0.0037234715472706,0.0000000000000000
0.0244720582458348,0.0091277377219701,0.0000000000000000
0.0246407140663097,0.0090811095147557,0.0000000000000000
0.0245182879228564,0.0089583017483860,0.0000000000000000
0.0246869542781376,0.0089117186200851,0.0000000000000000
0.0245633609028697,0.0087878433889334,0.0000000000000000
0.0247330813477404,0.0087413373959467,0.0000000000000000
0.0246082578668166,0.0086170156447644,0.0000000000000000
0.0247791762359901,0.0085699353000821,0.0000000000000000
0.0246529927263790,0.0084458834090135,0.0000000000000000
0.0248254060888634,0.0083982380327938,0.0000000000000000
0.0246982521551139,0.0082734013497558,0.0000000000000000
0.0248719007979145,0.0082261756126998,0.0000000000000000
0.0247465621617467,0.0081007657554818,0.0000000000000000
0.0249189434966180,0.0080533808705277,0.0000000000000000
0.0247979271217818,0.0079369088792231,0.0000000000000000
0.0249682293626604,0.0078843803501137,0.0000000000000000
0.0250886966152086,0.0080093028338987,0.0000000000000000
0.0251353191026144,0.0078404765178815,0.0000000000000000
0.0250163973376927,0.0077141702902639,0.0000000000000000
0.0251842279234894,0.0076699985600689,0.0000000000000000
0.0250630358326155,0.0075446438380290,0.0000000000000000
0.0252367455806113,0.0075006940346237,0.0000000000000000
0.0251104496759784,0.0073752814138720,0.0000000000000000
0.0252821403717428,0.0073308258303273,0.0000000000000000
0.0251600233044445,0.0072066215041489,0.0000000000000000
0.0253299803554178,0.0071616373285844,0.0000000000000000
0.0252077812184597,0.0070373730917418,0.0000000000000000
0.0253762438722322,0.0069929005261612,0.0000000000000000
0.0252535785692230,0.0068680193748669,0.0000000000000000
0.0254235824267275,0.0068236715974988,0.0000000000000000
0.0252992052633220,0.0066996665191118,0.0000000000000000
0.0254706492811367,0.0066559607812609,0.0000000000000000
0.0253494640895690,0.0065292641868087,0.0000000000000000
0.0255188083798011,0.0064867351370133,0.0000000000000000
0.0253906012157169,0.0063567822275012,0.0000000000000000
0.0255655948757053,0.0063170046001361,0.0000000000000000
0.0254380683416319,0.0061872990912418,0.0000000000000000
0.0256131020932166,0.0061478313905423,0.0000000000000000
0.0254918251597117,0.0060214979305506,0.0000000000000000
0.0256634408125014,0.0059790977850551,0.0000000000000000
0.0255412908371036,0.0058534600774591,0.0000000000000000
0.0257111083957843,0.0058124821971636,0.0000000000000000
0.0255888619765788,0.0056855228868780,0.0000000000000000
0.0257580609510018,0.0056439167703772,0.0000000000000000
0.0256366517372485,0.0055176392677841,0.0000000000000000
0.0258050566898325,0.0054767868162330,0.0000000000000000
0.0256842313721573,0.0053506338683523,0.0000000000000000
0.0258520419666539,0.0053085262816561,0.0000000000000000
0.0257316034560620,0.0051828806141888,0.0000000000000000
0.0255609771006049,0.0052252453233206,0.0000000000000000
0.0256105362467649,0.0050553273240938,0.0000000000000000
0.0257829564805546,0.0050140471132140,0.0000000000000000
0.0256612691199854,0.0048859158204918,0.0000000000000000
0.0258318047964134,0.0048456991797790,0.0000000000000000
0.0253692549948264,0.0058956634842992,0.0000000000000000
0.0250806406872498,0.0069254487372915,0.0000000000000000
0.0248091815167397,0.0090341024473845,0.0000000000000000
0.0259134198459853,0.0025625777884468,0.0000000000000000
0.0213928638862128,0.0025505565881309,0.0000000000000000
0.0218230319157015,0.0114967051429709,0.0000000000000000
0.0218553639419340,0.0099668608044373,0.0000000000000000
0.0220814686687644,0.0098940911084746,0.0000000000000000
0.0219120140481515,0.0097535253956346,0.0000000000000000
0.0221445268552185,0.0096684607708007,0.0000000000000000
0.0223098389078043,0.0098271894019217,0.0000000000000000
0.0223680973355528,0.0096002451729904,0.0000000000000000
0.0222076457758855,0.0094364489275077,0.0000000000000000
0.0224226422253492,0.0093699266083254,0.0000000000000000
0.0222624223777384,0.0092048216955445,0.0000000000000000
0.0224822222775321,0.0091391789086349,0.0000000000000000
0.0223189766887634,0.0089724473021503,0.0000000000000000
0.0225354456661095,0.0089048332760971,0.0000000000000000
0.0223814362086023,0.0087394218292075,0.0000000000000000
0.0225967517118233,0.0086705637006461,0.0000000000000000
0.0224417447325081,0.0085038795731641,0.0000000000000000
0.0226794279489404,0.0084332413037435,0.0000000000000000
0.0225087735357959,0.0082669232769684,0.0000000000000000
0.0227510429790574,0.0081932024882564,0.0000000000000000
0.0225730246131716,0.0080273771942136,0.0000000000000000
0.0228107514310746,0.0079581078333858,0.0000000000000000
0.0226298437308885,0.0077876241631338,0.0000000000000000
0.0228691980269372,0.0077194754264894,0.0000000000000000
0.0226990679586506,0.0075474828942087,0.0000000000000000
0.0229345553601331,0.0074760103363947,0.0000000000000000
0.0227622048603330,0.0073007700981833,0.0000000000000000
0.0230067288971095,0.0072311810722503,0.0000000000000000
0.0228276206954669,0.0070541771928091,0.0000000000000000
0.0230768528555327,0.0069841325029410,0.0000000000000000
0.0228929774353756,0.0068061430324666,0.0000000000000000
0.0231298407509806,0.0067362081612036,0.0000000000000000
0.0229479358931581,0.0065548419741975,0.0000000000000000
0.0232016671333145,0.0064848238585667,0.0000000000000000
0.0230129970919158,0.0063039136391595,0.0000000000000000
0.0232615644520008,0.0062360501363169,0.0000000000000000
0.0230767096140727,0.0060526311277870,0.0000000000000000
0.0233262888007944,0.0059848590869625,0.0000000000000000
0.0231418638164527,0.0058003923556590,0.0000000000000000
0.0233927107923336,0.0057354504779161,0.0000000000000000
0.0228521633613332,0.0086189556808413,0.0000000000000000
0.0230465553959858,0.0078914237422692,0.0000000000000000
0.0223711811914370,0.0134054529317226,0.0000000000000000
0.0223437333138905,0.0135747216386475,0.0000000000000000
0.0224756963701357,0.0136819613227734,0.0000000000000000
0.0223170745108085,0.0137429646754483,0.0000000000000000
0.0224480478075371,0.0138494893857121,0.0000000000000000
0.0222902871544820,0.0139102349858029,0.0000000000000000
0.0221578549263621,0.0138034739472636,0.0000000000000000
0.0221368928628586,0.0139658714193237,0.0000000000000000
0.0222649933309197,0.0140764130828968,0.0000000000000000
0.0220862776281486,0.0141307536064129,0.0000000000000000
0.0222353677287654,0.0142424790908548,0.0000000000000000
0.0220840243215716,0.0143060995567820,0.0000000000000000
0.0262481398057825,0.0024506541872560,0.0000000000000000
0.0249042964397216,0.0086902189947082,0.0000000000000000
0.0193047976808881,0.0179932932447606,0.0000000000000000
0.0191492367459726,0.0180557442535963,0.0000000000000000
0.0249963382277125,0.0083489890934613,0.0000000000000000
0.0216186649843211,0.0115678553070096,0.0000000000000000
0.0202719227657044,0.0168733420565409,0.0000000000000000
0.0221816793729599,0.0033405964026218,0.0000000000000000
0.0248148902376536,0.0016559783818030,0.0000000000000000
0.0248847149696538,0.0014688801317277,0.0000000000000000
0.0212304958848881,0.0119986160110067,0.0000000000000000
0.0241590799152794,0.0030489805386798,0.0000000000000000
0.0231754725503906,0.0074099175290080,0.0000000000000000
0.0254790175803455,0.0055603799699050,0.0000000000000000
0.0233200144343356,0.0116347532619232,0.0000000000000000
0.0234855677240091,0.0115828566442137,0.0000000000000000
0.0236098155812967,0.0117015554149306,0.0000000000000000
0.0236492668210936,0.0115312419740422,0.0000000000000000
0.0228017169190983,0.0102853046800485,0.0000000000000000
0.0186049523460584,0.0174493217516714,0.0000000000000000
0.0192800650225064,0.0181574880835171,0.0000000000000000
0.0191265183315614,0.0182194346002845,0.0000000000000000
0.0189949666652796,0.0181172461657338,0.0000000000000000
0.0252092485288897,0.0064019164845038,0.0000000000000000
0.0261992516961166,0.0026161357161521,0.0000000000000000
0.0235229635426458,0.0114145857229239,0.0000000000000000
0.0236878917450228,0.0113656000352082,0.0000000000000000
0.0254984483734858,0.0071146836508097,0.0000000000000000
0.0207532580985873,0.0139444769713331,0.0000000000000000
0.0205667714546466,0.0140133768200738,0.0000000000000000
0.0205393707612253,0.0142167425048555,0.0000000000000000
0.0203728444229710,0.0140943338336732,0.0000000000000000
0.0203425363266953,0.0143152726686376,0.0000000000000000
0.0204036367865072,0.0138833433959951,0.0000000000000000
0.0262894317849943,0.0032291012236752,0.0000000000000000
0.0241635678073846,0.0102727448952738,0.0000000000000000
0.0233066545874149,0.0124113559035247,0.0000000000000000
0.0249277562315259,0.0074329240653689,0.0000000000000000
0.0071750220502555,0.0054783793979179,0.0000000000000000
0.0184291310905106,0.0175173831102616,0.0000000000000000
0.0184571842474238,0.0173293263997237,0.0000000000000000
0.0243277459819225,0.0018505027346016,0.0000000000000000
0.0221312766139130,0.0105037676328632,0.0000000000000000
0.0234551430390093,0.0064082252760520,0.0000000000000000
0.0202844775264258,0.0129788010227138,0.0000000000000000
0.0202525431105214,0.0132029748142789,0.0000000000000000
0.0176097183742568,0.0007666237371705,0.0000000000000000
0.0198522450089329,0.0174554573851853,0.0000000000000000
0.0257121011876321,0.0047174476660916,0.0000000000000000
0.0258812512352341,0.0046778069248290,0.0000000000000000
0.0228184217804943,0.0133982981564418,0.0000000000000000
0.0257319569127653,0.0010238517546591,0.0000000000000000
0.0242854958582485,0.0103886553040974,0.0000000000000000
0.0243303422618025,0.0102299773180587,0.0000000000000000
0.0234349117705073,0.0031862772916632,0.0000000000000000
0.0229181611532731,0.0120819766709327,0.0000000000000000
0.0247182237111183,0.0093692007639830,0.0000000000000000
0.0254354584676569,0.0050969000237447,0.0000000000000000
0.0235389058684822,0.0120339211256969,0.0000000000000000
0.0233440292830904,0.0069017143882931,0.0000000000000000
0.0259518245957318,0.0049720672899672,0.0000000000000000
0.0219710019847549,0.0031260807233984,0.0000000000000000
0.0222098527845553,0.0134645309937904,0.0000000000000000
0.0211715710946215,0.0015225431141378,0.0000000000000000
0.0208657583985684,0.0015757972988859,0.0000000000000000
0.0222866495208539,0.0083072760342778,0.0000000000000000
0.0227051021918631,0.0066670907172348,0.0000000000000000
0.0211180876546886,0.0126562102269558,0.0000000000000000
0.0238116500338332,0.0114796741679909,0.0000000000000000
0.0238500373432574,0.0113174354966135,0.0000000000000000
0.0257820949409726,0.0061087962896921,0.0000000000000000
0.0227258105309517,0.0090674237495880,0.0000000000000000
0.0223908380547671,0.0078915673704080,0.0000000000000000
0.0220921109693198,0.0090452771663752,0.0000000000000000
0.0239406291785116,0.0011738346149149,0.0000000000000000
0.0237350826886793,0.0012229758034963,0.0000000000000000
0.0226144782601888,0.0095189302734896,0.0000000000000000
0.0182833997232837,0.0174003135801725,0.0000000000000000
0.0183034910542628,0.0172076813689515,0.0000000000000000
0.0250685181469490,0.0014295890464808,0.0000000000000000
0.0249371425165015,0.0012882289677941,0.0000000000000000
0.0235721905686404,0.0059151716158786,0.0000000000000000
0.0236393127604921,0.0056693462325453,0.0000000000000000
0.0227892797958572,0.0135624808013697,0.0000000000000000
0.0162854709785205,0.0008265929318355,0.0000000000000000
0.0210882076903018,0.0116150700041771,0.0000000000000000
0.0223885374910827,0.0035485557952827,0.0000000000000000
0.0255739222194088,0.0015156698061966,0.0000000000000000
0.0254131119434557,0.0074487996763705,0.0000000000000000
0.0231882609593212,0.0032460263102213,0.0000000000000000
0.0202041823291326,0.0139672728727158,0.0000000000000000
0.0226065595034731,0.0070956385582093,0.0000000000000000
0.0263657928147707,0.0025704175346108,0.0000000000000000
0.0264057141530264,0.0024162107787159,0.0000000000000000
0.0263207752168875,0.0027219782063233,0.0000000000000000
0.0236707041219512,0.0014284220408977,0.0000000000000000
0.0235238186186240,0.0012703296020403,0.0000000000000000
0.0222133503063819,0.0144093736893358,0.0000000000000000
0.0220599559460187,0.0144719046283969,0.0000000000000000
0.0219316182386677,0.0143657255636741,0.0000000000000000
0.0219056338401633,0.0145331900835773,0.0000000000000000
0.0220361533693356,0.0146377298024938,0.0000000000000000
0.0218828837354672,0.0146998059995381,0.0000000000000000
0.0217510621731531,0.0145966930599793,0.0000000000000000
0.0217287057236960,0.0147630402315979,0.0000000000000000
0.0218610612213099,0.0148647338907348,0.0000000000000000
0.0217085616126232,0.0149283780776876,0.0000000000000000
0.0218882489393396,0.0034212711470830,0.0000000000000000
0.0255909799960949,0.0067842743629852,0.0000000000000000
0.0253406064565620,0.0029211098248749,0.0000000000000000
0.0202305439511658,0.0137598481215620,0.0000000000000000
0.0218398538298913,0.0150280269111977,0.0000000000000000
0.0216892476427935,0.0150921300011508,0.0000000000000000
0.0242011299436585,0.0107226612619318,0.0000000000000000
0.0241624621740732,0.0108867877903530,0.0000000000000000
0.0244330935778948,0.0086674384663388,0.0000000000000000
0.0228857016166094,0.0058688044202515,0.0000000000000000
0.0229535990229390,0.0056102240947468,0.0000000000000000
0.0207677941721420,0.0018732519197965,0.0000000000000000
0.0205514100036546,0.0016324633785335,0.0000000000000000
0.0197787732128046,0.0170081993309534,0.0000000000000000
0.0255419121102652,0.0047580697950134,0.0000000000000000
0.0231535633259043,0.0116876791009105,0.0000000000000000
0.0086592980754950,0.0080597917468621,0.0000000000000000
0.0223936494986270,0.0141802233638562,0.0000000000000000
0.0253066102057130,0.0077998273006218,0.0000000000000000
0.0209158923765981,0.0114646429088413,0.0000000000000000
0.0206930082696928,0.0115490646855394,0.0000000000000000
0.0245623779075153,0.0023778500248811,0.0000000000000000
0.0243015206128137,0.0091666029407080,0.0000000000000000
0.0234604269536323,0.0054904387640539,0.0000000000000000
0.0237047544333839,0.0054254664720982,0.0000000000000000
0.0225936440045249,0.0103508877702096,0.0000000000000000
0.0181354641006473,0.0172745072885801,0.0000000000000000
0.0181487210597246,0.0170787132414699,0.0000000000000000
0.0183319565971812,0.0170142381171621,0.0000000000000000
0.0181790934540478,0.0168758444281423,0.0000000000000000
0.0179841312718558,0.0169501779372961,0.0000000000000000
0.0180159641426685,0.0167418133687200,0.0000000000000000
0.0182149283715902,0.0166662076233207,0.0000000000000000
0.0180485289045632,0.0165296175996536,0.0000000000000000
0.0182447298206026,0.0164599720692004,0.0000000000000000
0.0180760877201455,0.0163211494497829,0.0000000000000000
0.0178764078104292,0.0163917917945226,0.0000000000000000
0.0179108671977611,0.0161725595271922,0.0000000000000000
0.0181343925754007,0.0161103397691751,0.0000000000000000
0.0179404292854990,0.0159548562398246,0.0000000000000000
0.0177238304769723,0.0160407951328166,0.0000000000000000
0.0177676370899499,0.0157989332680916,0.0000000000000000
0.0179978739884126,0.0157723489331059,0.0000000000000000
0.0178638313234448,0.0155695917149894,0.0000000000000000
0.0175839909860067,0.0156541122860951,0.0000000000000000
0.0176283919937612,0.0154104564597075,0.0000000000000000
0.0178758225616872,0.0153139180757073,0.0000000000000000
0.0176689411072130,0.0151593830335637,0.0000000000000000
0.0174268957848266,0.0152495496209928,0.0000000000000000
0.0174737391043555,0.0149930127651020,0.0000000000000000
0.0172290294291203,0.0150836058461201,0.0000000000000000
0.0172743854297947,0.0148269349673992,0.0000000000000000
0.0175228438666916,0.0147353593032970,0.0000000000000000
0.0173220517621185,0.0145645434471552,0.0000000000000000
0.0175731520157002,0.0144771564020098,0.0000000000000000
0.0173692496180973,0.0143009607140114,0.0000000000000000
0.0171159886596355,0.0143871479123180,0.0000000000000000
0.0171605562927443,0.0141178093036263,0.0000000000000000
0.0169057740782046,0.0141887821541298,0.0000000000000000
0.0169484754375104,0.0139289745344023,0.0000000000000000
0.0172202329771764,0.0138378294987904,0.0000000000000000
0.0170135054206909,0.0136374575158700,0.0000000000000000
0.0167231746126808,0.0137426000158853,0.0000000000000000
0.0167778701508537,0.0134499206264651,0.0000000000000000
0.0170875583943792,0.0133384354755125,0.0000000000000000
0.0168435568151415,0.0131462663498345,0.0000000000000000
0.0165421372646846,0.0132489475284030,0.0000000000000000
0.0166037018488398,0.0129423538373834,0.0000000000000000
0.0169058991442348,0.0128413588863053,0.0000000000000000
0.0166657978428903,0.0126300149626818,0.0000000000000000
0.0169698131773176,0.0125314470302177,0.0000000000000000
0.0167302679752970,0.0123130726996820,0.0000000000000000
0.0164003688335860,0.0124093221751528,0.0000000000000000
0.0164666803677650,0.0120857646699261,0.0000000000000000
0.0167989813806889,0.0119866160021749,0.0000000000000000
0.0165345107543149,0.0117549283457135,0.0000000000000000
0.0168737279609844,0.0116529975193388,0.0000000000000000
0.0166235025009782,0.0114239501907479,0.0000000000000000
0.0169509085824606,0.0113168854728404,0.0000000000000000
0.0162464876142244,0.0114823577219623,0.0000000000000000
0.0166899871072789,0.0110745587001423,0.0000000000000000
0.0170276073625299,0.0109734688537091,0.0000000000000000
0.0167656915678851,0.0107315420716744,0.0000000000000000
0.0171083513425971,0.0106228470347757,0.0000000000000000
0.0168400243449140,0.0103846873140366,0.0000000000000000
0.0171841143228003,0.0102728015351353,0.0000000000000000
0.0164928718820966,0.0104957496142432,0.0000000000000000
0.0169160451607156,0.0100271533329673,0.0000000000000000
0.0172683725018760,0.0099115422904226,0.0000000000000000
0.0169895066682045,0.0096620191987133,0.0000000000000000
0.0173441160112128,0.0095508284299756,0.0000000000000000
0.0176230108719464,0.0097951106124026,0.0000000000000000
0.0176997413498356,0.0094386270454732,0.0000000000000000
0.0174263130502720,0.0091903788865842,0.0000000000000000
0.0177807516281693,0.0090821003653574,0.0000000000000000
0.0180491050728316,0.0093302978182749,0.0000000000000000
0.0181337925647623,0.0089762933071363,0.0000000000000000
0.0178673049672175,0.0087233043648300,0.0000000000000000
0.0182228823997920,0.0086182344195288,0.0000000000000000
0.0179534746567374,0.0083608999133961,0.0000000000000000
0.0183135604364659,0.0082554489490397,0.0000000000000000
0.0183933542311657,0.0092284688142225,0.0000000000000000
0.0180405731286374,0.0079918984162869,0.0000000000000000
0.0184055055120724,0.0078896379910520,0.0000000000000000
0.0173675795368187,0.0108650685496665,0.0000000000000000
0.0186734671650625,0.0081502854343958,0.0000000000000000
0.0187687374803620,0.0077875253111180,0.0000000000000000
0.0185012734469908,0.0075253499257591,0.0000000000000000
0.0188691498525572,0.0074203086721684,0.0000000000000000
0.0176718471654093,0.0080999304078969,0.0000000000000000
0.0185956549204442,0.0071551800599299,0.0000000000000000
0.0189678460615910,0.0070503823959988,0.0000000000000000
0.0191027272720853,0.0080482419297743,0.0000000000000000
0.0186904219927869,0.0067802165932849,0.0000000000000000
0.0190647185848724,0.0066808049337003,0.0000000000000000
0.0193367415615871,0.0069483547589727,0.0000000000000000
0.0194361364118337,0.0065814199447005,0.0000000000000000
0.0191678055750252,0.0063112546356940,0.0000000000000000
0.0195404986670909,0.0062115337968858,0.0000000000000000
0.0183171076635912,0.0068779447555346,0.0000000000000000
0.0192693582364312,0.0059360373725297,0.0000000000000000
0.0183090123406157,0.0095729293512850,0.0000000000000000
0.0186431676472016,0.0094733762646693,0.0000000000000000
0.0185629819214138,0.0098054257763906,0.0000000000000000
0.0188907120273387,0.0097059308129014,0.0000000000000000
0.0188103912097701,0.0100299730823551,0.0000000000000000
0.0189676981110736,0.0093826769475756,0.0000000000000000
0.0196454719209488,0.0058419884931075,0.0000000000000000
0.0172066217011892,0.0115440889378118,0.0000000000000000
0.0172081528497139,0.0127407539129150,0.0000000000000000
0.0177722557582698,0.0146475783802072,0.0000000000000000
0.0178240252206321,0.0143915788648903,0.0000000000000000
0.0171830347664281,0.0153410135789991,0.0000000000000000
0.0169821583265872,0.0151736857859997,0.0000000000000000
0.0184101639690280,0.0064940630332237,0.0000000000000000
0.0192060991043891,0.0096082138270626,0.0000000000000000
0.0192832988902210,0.0092931267653755,0.0000000000000000
0.0163015136077398,0.0130433287098620,0.0000000000000000
0.0162362406087216,0.0133439508566144,0.0000000000000000
0.0159949447448511,0.0131459909880098,0.0000000000000000
0.0159298104224265,0.0134534986501632,0.0000000000000000
0.0156846832761033,0.0132522403730922,0.0000000000000000
0.0161120562447362,0.0121760818699100,0.0000000000000000
0.0193736612152143,0.0055561010162222,0.0000000000000000
0.0166347498523790,0.0097960472631622,0.0000000000000000
0.0167090136133188,0.0094059028080897,0.0000000000000000
0.0163370162124947,0.0095446788909745,0.0000000000000000
0.0164220276041804,0.0091359471400266,0.0000000000000000
0.0160353402706857,0.0092623552396782,0.0000000000000000
0.0159547352157555,0.0096767385565561,0.0000000000000000
0.0156453070410102,0.0093904069406301,0.0000000000000000
0.0155649601261914,0.0097929281966748,0.0000000000000000
0.0161187178654023,0.0088586421261117,0.0000000000000000
0.0184938427446512,0.0101315642562828,0.0000000000000000
0.0187385652305659,0.0103467767120024,0.0000000000000000
0.0196963536112992,0.0068514918178194,0.0000000000000000
0.0180201893017055,0.0145620891235420,0.0000000000000000
0.0180714284613365,0.0143074212456751,0.0000000000000000
0.0199117290855671,0.0061176153134514,0.0000000000000000
0.0200165541923890,0.0057548214625595,0.0000000000000000
0.0152497819176576,0.0095181612972041,0.0000000000000000
0.0151665717436950,0.0099308187276949,0.0000000000000000
0.0180195370093814,0.0065971551542693,0.0000000000000000
0.0190532308914060,0.0102414528762570,0.0000000000000000
0.0156242968946892,0.0135760693186074,0.0000000000000000
0.0158991681356896,0.0137834575717885,0.0000000000000000
0.0153690231280179,0.0133633554823683,0.0000000000000000
0.0154326521806023,0.0130312138823274,0.0000000000000000
0.0184311557241001,0.0104470388175106,0.0000000000000000
0.0186683041471667,0.0106606298039783,0.0000000000000000
0.0169379745504845,0.0154346478974838,0.0000000000000000
0.0151174921881544,0.0131313535890047,0.0000000000000000
0.0151858625482389,0.0127840849543910,0.0000000000000000
0.0148001329296068,0.0129246317782861,0.0000000000000000
0.0149119707516652,0.0125467114908562,0.0000000000000000
0.0189907097187495,0.0056483934015128,0.0000000000000000
0.0167315978425959,0.0152652874991061,0.0000000000000000
0.0183717020205343,0.0107500722900498,0.0000000000000000
0.0148475822551945,0.0096504948010866,0.0000000000000000
0.0147667649709686,0.0100679973295384,0.0000000000000000
0.0150860099586608,0.0103466983094723,0.0000000000000000
0.0146889023809487,0.0104825483520482,0.0000000000000000
0.0149990286841400,0.0107575094636558,0.0000000000000000
0.0146127577028998,0.0108907860778966,0.0000000000000000
0.0142951024262170,0.0106212321567240,0.0000000000000000
0.0142176804623451,0.0110269148598911,0.0000000000000000
0.0138980350979772,0.0107597849054499,0.0000000000000000
0.0138180288466961,0.0111644008671509,0.0000000000000000
0.0149250360290724,0.0111549970952648,0.0000000000000000
0.0144413344405617,0.0097860181772916,0.0000000000000000
0.0145453365124482,0.0126625254126891,0.0000000000000000
0.0196043055413648,0.0072047983364531,0.0000000000000000
0.0146292135652861,0.0123187077919161,0.0000000000000000
0.0195177104735129,0.0095119360929614,0.0000000000000000
0.0195925880721841,0.0092057736536949,0.0000000000000000
0.0199499860816711,0.0071137955498470,0.0000000000000000
0.0198619128730313,0.0074527596221311,0.0000000000000000
0.0165143197201956,0.0087324505870990,0.0000000000000000
0.0161975958006719,0.0084646366554767,0.0000000000000000
0.0172717517383520,0.0124365150798545,0.0000000000000000
0.0175048168456772,0.0126425417301517,0.0000000000000000
0.0175687534239948,0.0123432188871616,0.0000000000000000
0.0177926016451990,0.0125515625405072,0.0000000000000000
0.0178549569412615,0.0122583375438086,0.0000000000000000
0.0177326157967222,0.0128431593132970,0.0000000000000000
0.0180118383109227,0.0127544503102543,0.0000000000000000
0.0179534962076577,0.0130409819713183,0.0000000000000000
0.0181186894818232,0.0061976663522444,0.0000000000000000
0.0185996616616443,0.0109693475445311,0.0000000000000000
0.0182689090704036,0.0110528571339453,0.0000000000000000
0.0134930444815133,0.0108973105734242,0.0000000000000000
0.0150318715723739,0.0121617857200599,0.0000000000000000
0.0178750331153302,0.0141355053695232,0.0000000000000000
0.0181240675360774,0.0140506908590888,0.0000000000000000
0.0179250950174653,0.0138743266647793,0.0000000000000000
0.0181771143366870,0.0137913485581323,0.0000000000000000
0.0153318758179138,0.0091124498619748,0.0000000000000000
0.0190922529376688,0.0052604124783965,0.0000000000000000
0.0194925762777949,0.0051642549629131,0.0000000000000000
0.0167770001385736,0.0149991645701960,0.0000000000000000
0.0165193668018097,0.0150929908149883,0.0000000000000000
0.0177617886052580,0.0077186872573462,0.0000000000000000
0.0173762622679849,0.0078307312026161,0.0000000000000000
0.0153016498412156,0.0110270486213255,0.0000000000000000
0.0165661096905240,0.0148172358241945,0.0000000000000000
0.0163038784302902,0.0149117963800648,0.0000000000000000
0.0163494592588857,0.0146320294736529,0.0000000000000000
0.0160791109244034,0.0147287591595876,0.0000000000000000
0.0193609121635583,0.0089799584876028,0.0000000000000000
0.0196734036546800,0.0088926519731414,0.0000000000000000
0.0182639989114912,0.0144781809355124,0.0000000000000000
0.0182139886526069,0.0147272829188001,0.0000000000000000
0.0142785285007103,0.0124382240821234,0.0000000000000000
0.0185306992321610,0.0112794592676556,0.0000000000000000
0.0182446951346809,0.0113730197016689,0.0000000000000000
0.0184625601084022,0.0115808097044437,0.0000000000000000
0.0202743505294474,0.0060236910094545,0.0000000000000000
0.0203773497268407,0.0056703784602575,0.0000000000000000
0.0174752323562796,0.0074441930612476,0.0000000000000000
0.0170792830306250,0.0075521691330186,0.0000000000000000
0.0171797397975622,0.0071723165764609,0.0000000000000000
0.0167677690024106,0.0072754271050651,0.0000000000000000
0.0182259922807507,0.0129495191542531,0.0000000000000000
0.0182870084316312,0.0126703030250016,0.0000000000000000
0.0155649871109275,0.0138851135353453,0.0000000000000000
0.0188967820177277,0.0108746498438936,0.0000000000000000
0.0134156816382882,0.0113134218528471,0.0000000000000000
0.0181246731169703,0.0105449367119354,0.0000000000000000
0.0198180076684782,0.0094268087701600,0.0000000000000000
0.0197472913787879,0.0097249683854197,0.0000000000000000
0.0178160341103850,0.0168185218201927,0.0000000000000000
0.0183718793769083,0.0139683308486460,0.0000000000000000
0.0130855349618711,0.0110416829486858,0.0000000000000000
0.0192043547208477,0.0048627608774609,0.0000000000000000
0.0176924393437839,0.0063268154748646,0.0000000000000000
0.0143485175069352,0.0120565138889571,0.0000000000000000
0.0139907101333245,0.0121871637485128,0.0000000000000000
0.0185054739079805,0.0146391351833233,0.0000000000000000
0.0184133159279065,0.0148852121374224,0.0000000000000000
0.0187064803807293,0.0053684446055431,0.0000000000000000
0.0166891709689486,0.0155293346816193,0.0000000000000000
0.0168946012128643,0.0156964864188390,0.0000000000000000
0.0256859790846465,0.0064425970754871,0.0000000000000000
0.0220022745109807,0.0138579307850241,0.0000000000000000
0.0201966266866939,0.0073629742097105,0.0000000000000000
0.0201080502552564,0.0076939207916357,0.0000000000000000
0.0202859647625365,0.0070302458843212,0.0000000000000000
0.0216283291588456,0.0100351654441545,0.0000000000000000
0.0135776472691628,0.0104860732781415,0.0000000000000000
0.0184279373839731,0.0137097458259453,0.0000000000000000
0.0202698195524464,0.0155550768550688,0.0000000000000000
0.0201205505222168,0.0154398174383408,0.0000000000000000
0.0235711435572740,0.0112444138935526,0.0000000000000000
0.0199239018973274,0.0157019560530085,0.0000000000000000
0.0199029468004604,0.0158918205445695,0.0000000000000000
0.0258782829684213,0.0057721407294961,0.0000000000000000
0.0200062123580371,0.0173972130144946,0.0000000000000000
0.0200348411570815,0.0172343880530506,0.0000000000000000
0.0263307759226166,0.0030720686134603,0.0000000000000000
0.0197800222006399,0.0077865126477113,0.0000000000000000
0.0200231149181504,0.0080215853557174,0.0000000000000000
0.0160740957595114,0.0017035967866772,0.0000000000000000
0.0150657411367222,0.0134342811059263,0.0000000000000000
0.0155066389530913,0.0126890728095104,0.0000000000000000
0.0222391771794508,0.0132977583374510,0.0000000000000000
0.0218196311438232,0.0151891658605675,0.0000000000000000
0.0216701357009063,0.0152533809626348,0.0000000000000000
0.0215391369828796,0.0151560108832616,0.0000000000000000
0.0215203120439878,0.0153185721268817,0.0000000000000000
0.0247651670255494,0.0013276519950450,0.0000000000000000
0.0248131424893475,0.0011435186873461,0.0000000000000000
0.0249937575680152,0.0011058305753675,0.0000000000000000
0.0176765775685704,0.0131312468279897,0.0000000000000000
0.0142057466768238,0.0128135031716077,0.0000000000000000
0.0216832540748059,0.0032020208715238,0.0000000000000000
0.0196081438116259,0.0047681033233540,0.0000000000000000
0.0193219472393578,0.0044590380320376,0.0000000000000000
0.0210883950037092,0.0026397942962622,0.0000000000000000
0.0166524453996507,0.0157855748883013,0.0000000000000000
0.0197162143967614,0.0080985229657599,0.0000000000000000
0.0152267340870027,0.0114162000404148,0.0000000000000000
0.0172973173703752,0.0082153010047727,0.0000000000000000
0.0240421103555043,0.0101554339245283,0.0000000000000000
0.0161296539338310,0.0144532226046221,0.0000000000000000
0.0158494642356265,0.0145578301617734,0.0000000000000000
0.0246623487661446,0.0033131646309326,0.0000000000000000
0.0259861510372320,0.0037710275201331,0.0000000000000000
0.0261525262918317,0.0037265172295384,0.0000000000000000
0.0261146766098145,0.0038861614839670,0.0000000000000000
0.0261959477366087,0.0035651989908803,0.0000000000000000
0.0263126157903367,0.0036820757726506,0.0000000000000000
0.0204093598126421,0.0136960245935817,0.0000000000000000
0.0226638808171526,0.0034505402939331,0.0000000000000000
0.0235038017859298,0.0121981730889616,0.0000000000000000
0.0214620842442298,0.0014603996166293,0.0000000000000000
0.0197428264139596,0.0134394985551151,0.0000000000000000
0.0226498098228111,0.0101388262151152,0.0000000000000000
0.0189731772921617,0.0182828602158114,0.0000000000000000
0.0191063663675203,0.0183822764835724,0.0000000000000000
0.0197477763497895,0.0145522820195884,0.0000000000000000
0.0199120362949624,0.0146931596764474,0.0000000000000000
0.0198753045738492,0.0149021195293035,0.0000000000000000
0.0200722405753470,0.0148303080227997,0.0000000000000000
0.0206498565557172,0.0162353188289469,0.0000000000000000
0.0259004959049231,0.0009859883289106,0.0000000000000000
0.0207309886806292,0.0113089563954449,0.0000000000000000
0.0206324224540672,0.0164020564457339,0.0000000000000000
0.0207842434828903,0.0163363755457896,0.0000000000000000
0.0207673175840807,0.0164985911153467,0.0000000000000000
0.0226041179839938,0.0137890356036214,0.0000000000000000
0.0225767120946945,0.0139519967549505,0.0000000000000000
0.0185526988501781,0.0178137308696574,0.0000000000000000
0.0092198857923963,0.0009149191132736,0.0000000000000000
0.0257707828550097,0.0045431973399909,0.0000000000000000
0.0259343461629990,0.0045112431048356,0.0000000000000000
0.0260479429181516,0.0046361934540182,0.0000000000000000
0.0260965424880407,0.0044726147995014,0.0000000000000000
0.0259848647041743,0.0043508143564465,0.0000000000000000
0.0261453609410838,0.0043123973505825,0.0000000000000000
0.0262091028424583,0.0045939547190203,0.0000000000000000
0.0190158095341454,0.0188447001220163,0.0000000000000000
0.0236758657304282,0.0031282171669629,0.0000000000000000
0.0235065350768872,0.0029490349220008,0.0000000000000000
0.0178153588865977,0.0059124883914119,0.0000000000000000
0.0184137589873285,0.0165889460947664,0.0000000000000000
0.0184347370369629,0.0163844418392905,0.0000000000000000
0.0260166647718727,0.0011131583176703,0.0000000000000000
0.0260657637358012,0.0009499319360728,0.0000000000000000
0.0261801908409524,0.0010745227358321,0.0000000000000000
0.0262294046014582,0.0009145788443820,0.0000000000000000
0.0263412103793081,0.0010342783413414,0.0000000000000000
0.0262945239096082,0.0011936662611173,0.0000000000000000
0.0264516701617884,0.0011537088705209,0.0000000000000000
0.0264063668004627,0.0013081596880269,0.0000000000000000
0.0264993674504483,0.0010006348690951,0.0000000000000000
0.0240097851544132,0.0109431723883895,0.0000000000000000
0.0241250937569572,0.0110490880003623,0.0000000000000000
0.0181715391082954,0.0116723982023385,0.0000000000000000
0.0183954622832468,0.0118780674897866,0.0000000000000000
0.0179204081200701,0.0114720903971613,0.0000000000000000
0.0255183204752363,0.0028689825226047,0.0000000000000000
0.0228280126730250,0.0019686031813510,0.0000000000000000
0.0196459546859218,0.0168947867766986,0.0000000000000000
0.0187021634956655,0.0179191058802836,0.0000000000000000
0.0259702213570842,0.0054332279957602,0.0000000000000000
0.0260154729842044,0.0052697931839157,0.0000000000000000
0.0185239175251201,0.0143823575628476,0.0000000000000000
0.0255665548269446,0.0026867524034366,0.0000000000000000
0.0145257404477990,0.0093743961093392,0.0000000000000000
0.0140973863355574,0.0095047320956018,0.0000000000000000
0.0186160305676536,0.0148424411028200,0.0000000000000000
0.0185865449874624,0.0150484978924994,0.0000000000000000
0.0183644923133759,0.0151235737892329,0.0000000000000000
0.0185453799165676,0.0152752135526305,0.0000000000000000
0.0265609721933001,0.0012699276447483,0.0000000000000000
0.0265158166596312,0.0014229203560859,0.0000000000000000
0.0199497431419801,0.0144825675371739,0.0000000000000000
0.0198102464147641,0.0168349652137731,0.0000000000000000
0.0261606109468481,0.0028013363215231,0.0000000000000000
0.0226405075987775,0.0050661777846563,0.0000000000000000
0.0267439002588022,0.0006487471240637,0.0000000000000000
0.0245706883855367,0.0081402795542151,0.0000000000000000
0.0198728046334623,0.0050914961078128,0.0000000000000000
0.0189728529615272,0.0084486803808956,0.0000000000000000
0.0194360936573890,0.0180949478751872,0.0000000000000000
0.0176567492472403,0.0120037461574099,0.0000000000000000
0.0261616886441982,0.0047466022300299,0.0000000000000000
0.0216654605009618,0.0113544947173966,0.0000000000000000
0.0218687390909857,0.0112828186035064,0.0000000000000000
0.0183255780505887,0.0153544620430243,0.0000000000000000
0.0185032208024430,0.0155037031209983,0.0000000000000000
0.0209579631291170,0.0012774518687532,0.0000000000000000
0.0162528997801246,0.0151796641467043,0.0000000000000000
0.0166593849245731,0.0076626822670331,0.0000000000000000
0.0163473597532082,0.0073932025914530,0.0000000000000000
0.0185284826090974,0.0179939582352053,0.0000000000000000
0.0229523673639689,0.0039521919137688,0.0000000000000000
0.0238137663988042,0.0058401187771185,0.0000000000000000
0.0237527532242588,0.0060872794173004,0.0000000000000000
0.0244468963838408,0.0103423592865980,0.0000000000000000
0.0244903810012106,0.0101831239794810,0.0000000000000000
0.0244044858363443,0.0105061715481564,0.0000000000000000
0.0200439705607378,0.0150168735024359,0.0000000000000000
0.0202362562972764,0.0149519481141272,0.0000000000000000
0.0202662719114644,0.0147611517519660,0.0000000000000000
0.0251335838521590,0.0038256580530494,0.0000000000000000
0.0205192826168075,0.0144165607276151,0.0000000000000000
0.0182439887060874,0.0135529976078934,0.0000000000000000
0.0254315758248044,0.0034295532436309,0.0000000000000000
0.0252476546773432,0.0034737227157471,0.0000000000000000
0.0212368235278560,0.0049335939140512,0.0000000000000000
0.0158566451700254,0.0100994769768938,0.0000000000000000
0.0217650218793443,0.0119270839742567,0.0000000000000000
0.0225736603785292,0.0121706430625496,0.0000000000000000
0.0199470692018741,0.0083413642393901,0.0000000000000000
0.0204199237605090,0.0148936212233179,0.0000000000000000
0.0225175191517659,0.0105704455777708,0.0000000000000000
0.0216491655846423,0.0154147710712415,0.0000000000000000
0.0215022315103546,0.0154801754547788,0.0000000000000000
0.0216292234261356,0.0155756173180510,0.0000000000000000
0.0214843349113362,0.0156406129999201,0.0000000000000000
0.0236609767016016,0.0121432815972742,0.0000000000000000
0.0236942451759083,0.0119841378441573,0.0000000000000000
0.0212379580468770,0.0130063123245389,0.0000000000000000
0.0229510297967063,0.0119106686896722,0.0000000000000000
0.0249752085338171,0.0023039271310823,0.0000000000000000
0.0213555551862573,0.0155489814242939,0.0000000000000000
0.0213368033507694,0.0157068894940673,0.0000000000000000
0.0213859046963085,0.0152268686860394,0.0000000000000000
0.0239705581916223,0.0114299123865191,0.0000000000000000
0.0239311297194616,0.0115949991711002,0.0000000000000000
0.0220234638659425,0.0136927739707021,0.0000000000000000
0.0218596416678776,0.0137556739536494,0.0000000000000000
0.0194097721923252,0.0182541455814196,0.0000000000000000
0.0211103203722546,0.0138090851168290,0.0000000000000000
0.0224234292676877,0.0130805438707294,0.0000000000000000
0.0203176198504522,0.0127536343380321,0.0000000000000000
0.0200980478644582,0.0128423194902469,0.0000000000000000
0.0201387591542630,0.0126033687531753,0.0000000000000000
0.0206356780671382,0.0059347611179528,0.0000000000000000
0.0205349110403232,0.0063534326618411,0.0000000000000000
0.0207388182211075,0.0055910666407614,0.0000000000000000
0.0204852608127410,0.0053237318927810,0.0000000000000000
0.0155940129083347,0.0112870416145195,0.0000000000000000
0.0155186787958210,0.0116625060254961,0.0000000000000000
0.0156713174530251,0.0109072727781796,0.0000000000000000
0.0263559686103937,0.0035236136617398,0.0000000000000000
0.0160307792064974,0.0128359163590927,0.0000000000000000
0.0219884342068614,0.0149632770793068,0.0000000000000000
0.0235157698752432,0.0109307815773526,0.0000000000000000
0.0197487267797459,0.0157785240621469,0.0000000000000000
0.0252945659825869,0.0032946149577421,0.0000000000000000
0.0235572538984227,0.0024370055640144,0.0000000000000000
0.0158032069612936,0.0085782256027565,0.0000000000000000
0.0158815785487895,0.0081754304411507,0.0000000000000000
0.0154734831991605,0.0082874327374751,0.0000000000000000
0.0215809080063344,0.0035179842128906,0.0000000000000000
0.0232200418789676,0.0092514090981269,0.0000000000000000
0.0196958443538416,0.0175136379819506,0.0000000000000000
0.0198237515064459,0.0176188998755403,0.0000000000000000
0.0253905557867313,0.0052666009309094,0.0000000000000000
0.0252635754068558,0.0051417802609127,0.0000000000000000
0.0202549983508828,0.0082552775479841,0.0000000000000000
0.0201798246833286,0.0085658599047837,0.0000000000000000
0.0234585254258755,0.0014789770555578,0.0000000000000000
0.0233063575636408,0.0013170867644397,0.0000000000000000
0.0233671140810787,0.0011010639435128,0.0000000000000000
0.0231525539420493,0.0011508831773873,0.0000000000000000
0.0230852305532032,0.0013688809700934,0.0000000000000000
0.0229285988053213,0.0011987004707437,0.0000000000000000
0.0228573212979376,0.0014138760817425,0.0000000000000000
0.0226975731606617,0.0012456098340240,0.0000000000000000
0.0230025396984482,0.0009874172279354,0.0000000000000000
0.0188393379136309,0.0181819951070017,0.0000000000000000
0.0196772617578359,0.0167203304913515,0.0000000000000000
0.0208660819519846,0.0024054059203644,0.0000000000000000
0.0260328632945370,0.0041921460327081,0.0000000000000000
0.0261943758392419,0.0041578451524484,0.0000000000000000
0.0251126092965288,0.0033361435563528,0.0000000000000000
0.0188730744124939,0.0135527091578521,0.0000000000000000
0.0228096652425731,0.0029157774166153,0.0000000000000000
0.0190194131769213,0.0035832043840685,0.0000000000000000
0.0235312293366676,0.0052480660738349,0.0000000000000000
0.0237726837561574,0.0051848143750996,0.0000000000000000
0.0263622708614829,0.0014676371469255,0.0000000000000000
0.0264731466904478,0.0015777225755807,0.0000000000000000
0.0198348948749045,0.0150886019479721,0.0000000000000000
0.0215958702790127,0.0146603284486128,0.0000000000000000
0.0216102098727074,0.0144974937210866,0.0000000000000000
0.0232835588431804,0.0053091723683655,0.0000000000000000
0.0118042841644069,0.0112026150484448,0.0000000000000000
0.0224200349015692,0.0102094780094342,0.0000000000000000
0.0238008582817659,0.0097947609922855,0.0000000000000000
0.0179251862284145,0.0150613185814263,0.0000000000000000
0.0223224569345662,0.0126160873268441,0.0000000000000000
0.0214751937318529,0.0114134973573775,0.0000000000000000
0.0257854009845888,0.0008693941118660,0.0000000000000000
0.0199795620597472,0.0047002959861988,0.0000000000000000
0.0231937578872096,0.0115225247426891,0.0000000000000000
0.0201588878646788,0.0173359552550508,0.0000000000000000
0.0201888820616975,0.0171805359682236,0.0000000000000000
0.0203103429196626,0.0172794189952935,0.0000000000000000
0.0200655263019273,0.0170739182038118,0.0000000000000000
0.0168826594196339,0.0068257404671235,0.0000000000000000
0.0184913837524975,0.0128612255202298,0.0000000000000000
0.0185538496611116,0.0125865607112899,0.0000000000000000
0.0148496408998046,0.0115451070524106,0.0000000000000000
0.0243142611579375,0.0108383451405988,0.0000000000000000
0.0168631545818511,0.0159484604964477,0.0000000000000000
0.0170959499793117,0.0158618305774094,0.0000000000000000
0.0170596910070098,0.0161143495243132,0.0000000000000000
0.0182603363131164,0.0175877705348049,0.0000000000000000
0.0202956338899662,0.0153779250358471,0.0000000000000000
0.0194567594211573,0.0086498085583608,0.0000000000000000
0.0233968975678250,0.0112973275483716,0.0000000000000000
0.0183532155062124,0.0123959962532914,0.0000000000000000
0.0163956435154335,0.0143416021851088,0.0000000000000000
0.0209143582934341,0.0164296052933684,0.0000000000000000
0.0209342028438049,0.0162722291523801,0.0000000000000000
0.0210615930744141,0.0163644744427482,0.0000000000000000
0.0210833079801828,0.0162108336073339,0.0000000000000000
0.0172932777638748,0.0160161461620230,0.0000000000000000
0.0172803525044574,0.0162479415785574,0.0000000000000000
0.0256282136452199,0.0009005484457314,0.0000000000000000
0.0248657411757032,0.0009674442509740,0.0000000000000000
0.0246905112426201,0.0010034963038262,0.0000000000000000
0.0186934093019543,0.0134370930178502,0.0000000000000000
0.0231230646707601,0.0035105876078699,0.0000000000000000
0.0238686703343166,0.0101930145866372,0.0000000000000000
0.0264431374444525,0.0031873434067394,0.0000000000000000
0.0236025231550196,0.0050067136783208,0.0000000000000000
0.0238402388830271,0.0049452384889691,0.0000000000000000
0.0240092395838021,0.0051204589608335,0.0000000000000000
0.0240738353228702,0.0048819937274495,0.0000000000000000
0.0239099955913646,0.0047126601649649,0.0000000000000000
0.0241379250862599,0.0046497790515033,0.0000000000000000
0.0239780461986286,0.0044830834069100,0.0000000000000000
0.0241989398468812,0.0044351785575715,0.0000000000000000
0.0227804870248558,0.0119604876964179,0.0000000000000000
0.0186290103590352,0.0123013091846508,0.0000000000000000
0.0230042524000267,0.0015662049121585,0.0000000000000000
0.0237383724296239,0.0028966589059246,0.0000000000000000
0.0177811615158773,0.0170203342753152,0.0000000000000000
0.0204530206886504,0.0019459630144645,0.0000000000000000
0.0202299144753885,0.0016977906053054,0.0000000000000000
0.0203362337433373,0.0013846415797780,0.0000000000000000
0.0200101632662618,0.0014423474904013,0.0000000000000000
0.0199000199877597,0.0017594503995741,0.0000000000000000
0.0196751133011573,0.0014984843250500,0.0000000000000000
0.0201314207542536,0.0011395345953405,0.0000000000000000
0.0205222929467824,0.0072736431075678,0.0000000000000000
0.0244322631178875,0.0014328310127152,0.0000000000000000
0.0230213728698077,0.0093066887273771,0.0000000000000000
0.0230827653396212,0.0090808622147402,0.0000000000000000
0.0229709178705471,0.0095096945552874,0.0000000000000000
0.0187504144201508,0.0114745732785930,0.0000000000000000
0.0207596976899418,0.0027233274537365,0.0000000000000000
0.0200347463343295,0.0096415134410661,0.0000000000000000
0.0199635176349031,0.0099347951754750,0.0000000000000000
0.0196813919478634,0.0100184815908609,0.0000000000000000
0.0200953275322962,0.0093662342093914,0.0000000000000000
0.0198991484523775,0.0102190310590546,0.0000000000000000
0.0196076510953888,0.0103185650293378,0.0000000000000000
0.0264774997107810,0.0026945013755103,0.0000000000000000
0.0229416304070261,0.0134986040590161,0.0000000000000000
0.0229719599399460,0.0133437635888329,0.0000000000000000
0.0186174777987099,0.0138852618188044,0.0000000000000000
0.0203452923747518,0.0171260142122160,0.0000000000000000
0.0158040447184325,0.0148298478328610,0.0000000000000000
0.0253179414406752,0.0049674144183304,0.0000000000000000
0.0253293568180168,0.0017146804608729,0.0000000000000000
0.0176743247038746,0.0139578240652926,0.0000000000000000
0.0177299305398520,0.0136940315654988,0.0000000000000000
0.0201268323962153,0.0174810465424502,0.0000000000000000
0.0240435996118024,0.0042736591972999,0.0000000000000000
0.0237876945621795,0.0010208612481193,0.0000000000000000
0.0240022482257356,0.0009726915222160,0.0000000000000000
0.0130136636685729,0.0114582419293029,0.0000000000000000
0.0126765960104847,0.0111761080002634,0.0000000000000000
0.0133428816242362,0.0117210107676545,0.0000000000000000
0.0155539258459171,0.0146679640423754,0.0000000000000000
0.0214071779449468,0.0150583295014837,0.0000000000000000
0.0187670154325611,0.0151962249903965,0.0000000000000000
0.0169546956197678,0.0007890315290949,0.0000000000000000
0.0217194376989638,0.0111534442333617,0.0000000000000000
0.0205988843090540,0.0069491877336878,0.0000000000000000
0.0127912291412467,0.0107189535056589,0.0000000000000000
0.0236044321279834,0.0016334251092770,0.0000000000000000
0.0140514018291927,0.0118049077066683,0.0000000000000000
0.0217893526889632,0.0029190568563524,0.0000000000000000
0.0250613442693139,0.0035167444449083,0.0000000000000000
0.0220856964963533,0.0133596622117171,0.0000000000000000
0.0225957477380636,0.0037703821506110,0.0000000000000000
0.0223097110544255,0.0038543902434591,0.0000000000000000
0.0236228032812981,0.0123023447106915,0.0000000000000000
0.0204382529418213,0.0154900935257800,0.0000000000000000
0.0245996978656042,0.0102957094702972,0.0000000000000000
0.0246362891763066,0.0101363407514969,0.0000000000000000
0.0245308627835076,0.0100237612673241,0.0000000000000000
0.0246795819618698,0.0099793287629312,0.0000000000000000
0.0245746664051747,0.0098634968255235,0.0000000000000000
0.0247273611974414,0.0098180330667341,0.0000000000000000
0.0226259973377188,0.0014579084054652,0.0000000000000000
0.0224651737104521,0.0012912212071797,0.0000000000000000
0.0187910397860418,0.0172038877593985,0.0000000000000000
0.0264352631951407,0.0028435827647344,0.0000000000000000
0.0165618044546514,0.0083703883388543,0.0000000000000000
0.0227290224797099,0.0138820964149459,0.0000000000000000
0.0188292836931735,0.0183377677653911,0.0000000000000000
0.0225388361168628,0.0010746170832220,0.0000000000000000
0.0223065629965082,0.0011188665309793,0.0000000000000000
0.0222380188366299,0.0013489914807733,0.0000000000000000
0.0220674662834716,0.0011568061806751,0.0000000000000000
0.0208926742583740,0.0165789432212709,0.0000000000000000
0.0207511992614663,0.0166561060992001,0.0000000000000000
0.0256948473374918,0.0028118675314491,0.0000000000000000
0.0140278575504471,0.0099280292745156,0.0000000000000000
0.0136834782574445,0.0096415298756839,0.0000000000000000
0.0168303138044460,0.0147250434710134,0.0000000000000000
0.0262982865377696,0.0042737296775765,0.0000000000000000
0.0263418864362157,0.0041181414061993,0.0000000000000000
0.0186392509166736,0.0170871842145975,0.0000000000000000
0.0186856064951373,0.0168898325883193,0.0000000000000000
0.0226938793669915,0.0056804415254144,0.0000000000000000
0.0226398750529924,0.0059510227703962,0.0000000000000000
0.0200403410889343,0.0138355135425236,0.0000000000000000
0.0200082695982276,0.0140501887473833,0.0000000000000000
0.0200640000455930,0.0136456243662845,0.0000000000000000
0.0228461078815970,0.0100809662840725,0.0000000000000000
0.0227010771138980,0.0099316974760282,0.0000000000000000
0.0205060217052363,0.0114049576549182,0.0000000000000000
0.0204638786306657,0.0116412083528897,0.0000000000000000
0.0214579759015207,0.0145564317878747,0.0000000000000000
0.0176187522508972,0.0168880069378217,0.0000000000000000
0.0176444813649774,0.0166802702880562,0.0000000000000000
0.0174335585798283,0.0167551458283666,0.0000000000000000
0.0212987337828702,0.0028985541702337,0.0000000000000000
0.0178610157078634,0.0073443309783770,0.0000000000000000
0.0240041752278089,0.0112735876243125,0.0000000000000000
0.0241191456248163,0.0113804187526053,0.0000000000000000
0.0238810193635388,0.0111629149214242,0.0000000000000000
0.0252449181868887,0.0053261928769072,0.0000000000000000
0.0204278779961720,0.0133256249363959,0.0000000000000000
0.0161402811063731,0.0141551612327192,0.0000000000000000
0.0250510601772444,0.0009340975135182,0.0000000000000000
0.0251761380889418,0.0010639932086052,0.0000000000000000
0.0252312744879631,0.0008849709250969,0.0000000000000000
0.0185115130413416,0.0061100334569523,0.0000000000000000
0.0258658373286274,0.0042359332642872,0.0000000000000000
0.0218869994618954,0.0135789742080295,0.0000000000000000
0.0230218673351734,0.0115918081090159,0.0000000000000000
0.0229080979506202,0.0136485806559507,0.0000000000000000
0.0244697325718600,0.0012336765561034,0.0000000000000000
0.0243373434075942,0.0010801147604764,0.0000000000000000
0.0189065849303380,0.0045607740644942,0.0000000000000000
0.0178916120212588,0.0133151916061484,0.0000000000000000
0.0212069549582753,0.0156168388021866,0.0000000000000000
0.0203840262876675,0.0150604415662497,0.0000000000000000
0.0173782993972299,0.0014052416595130,0.0000000000000000
0.0253428646691079,0.0010093190506634,0.0000000000000000
0.0211352256518991,0.0113784160848507,0.0000000000000000
0.0214341411595838,0.0116578973975077,0.0000000000000000
0.0266152627729658,0.0015465086728593,0.0000000000000000
0.0265743200447857,0.0016971715344935,0.0000000000000000
0.0264281249699865,0.0017290762232652,0.0000000000000000
0.0265385076468731,0.0018428124325714,0.0000000000000000
0.0263855435764975,0.0018824792949772,0.0000000000000000
0.0264963372291297,0.0019964532782196,0.0000000000000000
0.0174699988881859,0.0165382187310412,0.0000000000000000
0.0189410937102196,0.0146398572164408,0.0000000000000000
0.0254681326444708,0.0030523205367941,0.0000000000000000
0.0208836500546525,0.0167429736641800,0.0000000000000000
0.0170436529922604,0.0163550833303695,0.0000000000000000
0.0156159246606726,0.0078073006865488,0.0000000000000000
0.0168822019246092,0.0086516068019668,0.0000000000000000
0.0204585307135539,0.0147074610975585,0.0000000000000000
0.0173925612021951,0.0060087767014800,0.0000000000000000
0.0218270536411106,0.0139409423370127,0.0000000000000000
0.0214580341019649,0.0157997029280363,0.0000000000000000
0.0213201348587445,0.0158661476340283,0.0000000000000000
0.0214387270370803,0.0159550150529370,0.0000000000000000
0.0213064051784688,0.0160244386204429,0.0000000000000000
0.0211767683897137,0.0159325188305785,0.0000000000000000
0.0251233363296317,0.0050052926972232,0.0000000000000000
0.0182934986783278,0.0155729500995750,0.0000000000000000
0.0184633279038199,0.0157277145245809,0.0000000000000000
0.0186752607968620,0.0156524277141447,0.0000000000000000
0.0186279705116406,0.0158723594896076,0.0000000000000000
0.0184297389654093,0.0159418335062057,0.0000000000000000
0.0185957014576260,0.0160923375523488,0.0000000000000000
0.0156561561411322,0.0143739620741389,0.0000000000000000
0.0264928451999798,0.0036275893190487,0.0000000000000000
0.0264272815917345,0.0037952618465018,0.0000000000000000
0.0208405645175728,0.0052724924344393,0.0000000000000000
0.0205933727973208,0.0049899945166116,0.0000000000000000
0.0164401891312458,0.0156257236151236,0.0000000000000000
0.0164289144256640,0.0158922624064439,0.0000000000000000
0.0176069717645511,0.0067284030023901,0.0000000000000000
0.0186396703767823,0.0165382187667646,0.0000000000000000
0.0159604562423193,0.0111863197348397,0.0000000000000000
0.0160380611767542,0.0107908532164871,0.0000000000000000
0.0257018283300612,0.0007564558822780,0.0000000000000000
0.0206059818918355,0.0148259834918681,0.0000000000000000
0.0203381732334799,0.0145422295461849,0.0000000000000000
0.0218037973632528,0.0037531179254472,0.0000000000000000
0.0203765375074404,0.0067013216898223,0.0000000000000000
0.0205391091745717,0.0111492859877594,0.0000000000000000
0.0208060447623680,0.0110748158299273,0.0000000000000000
0.0239496277189426,0.0099094964665309,0.0000000000000000
0.0184337246476102,0.0131277647400501,0.0000000000000000
0.0188428183159175,0.0157997831507435,0.0000000000000000
0.0238124649713776,0.0043104109195443,0.0000000000000000
0.0129238284095510,0.0118897575934283,0.0000000000000000
0.0132613895785040,0.0121615130711803,0.0000000000000000
0.0194533499800011,0.0078824386628694,0.0000000000000000
0.0264767471796867,0.0030067073605890,0.0000000000000000
0.0202409783550390,0.0115033541522961,0.0000000000000000
0.0202340907434536,0.0117403908637808,0.0000000000000000
0.0164460427037490,0.0140546163866937,0.0000000000000000
0.0228054726254664,0.0093429657521574,0.0000000000000000
0.0186995314441708,0.0130509754673536,0.0000000000000000
0.0217239394216487,0.0136711350166343,0.0000000000000000
0.0261101093477776,0.0007904907371011,0.0000000000000000
0.0262949144124041,0.0007483269330500,0.0000000000000000
0.0197198583922949,0.0159705437262352,0.0000000000000000
0.0198843450985552,0.0160823079181731,0.0000000000000000
0.0196959976008669,0.0161602249201491,0.0000000000000000
0.0198657688626191,0.0162575877283249,0.0000000000000000
0.0196908348755613,0.0163458875146293,0.0000000000000000
0.0251364042382822,0.0031655813276141,0.0000000000000000
0.0071326750217354,0.0063990516975887,0.0000000000000000
0.0155112120378781,0.0149548073576309,0.0000000000000000
0.0175110805591903,0.0161335477418367,0.0000000000000000
0.0208859059360819,0.0062034550622909,0.0000000000000000
0.0207985513134706,0.0065067150350080,0.0000000000000000
0.0076492306276894,0.0049797287964923,0.0000000000000000
0.0083058348140672,0.0048715503457340,0.0000000000000000
0.0085949431477844,0.0042959162175935,0.0000000000000000
0.0088881930921117,0.0048652929732628,0.0000000000000000
0.0092000472059928,0.0043365127067939,0.0000000000000000
0.0094834950378674,0.0048418480513000,0.0000000000000000
0.0097724256037805,0.0043529741924560,0.0000000000000000
0.0092000698192029,0.0053460173065696,0.0000000000000000
0.0100486000218854,0.0048343664206399,0.0000000000000000
0.0103277327668120,0.0043474699770818,0.0000000000000000
0.0100584024808212,0.0038785641293700,0.0000000000000000
0.0106032758083897,0.0038723535149099,0.0000000000000000
0.0103433186912936,0.0034217480679098,0.0000000000000000
0.0108689562473358,0.0034265874247326,0.0000000000000000
0.0106165709724562,0.0029757289749057,0.0000000000000000
0.0111298255157989,0.0029864839173333,0.0000000000000000
0.0113797820220365,0.0034269072985693,0.0000000000000000
0.0116313045498551,0.0029965021329943,0.0000000000000000
0.0118778300885018,0.0034292145948504,0.0000000000000000
0.0121226511013293,0.0030043261362565,0.0000000000000000
0.0118785278901567,0.0025746321277332,0.0000000000000000
0.0123680244799194,0.0025915497365606,0.0000000000000000
0.0116320417778154,0.0038606400478016,0.0000000000000000
0.0108819790973704,0.0025429798147193,0.0000000000000000
0.0103777871019869,0.0025316619723665,0.0000000000000000
0.0105974573363520,0.0048029304374559,0.0000000000000000
0.0103267878754926,0.0052978865939221,0.0000000000000000
0.0125985664319204,0.0030032026277284,0.0000000000000000
0.0128351448879753,0.0025935541408059,0.0000000000000000
0.0121276864791461,0.0038587093735174,0.0000000000000000
0.0126101527794215,0.0021910641187255,0.0000000000000000
0.0130704266521776,0.0021931865154939,0.0000000000000000
0.0132969933987693,0.0025930731200384,0.0000000000000000
0.0135290263134089,0.0021965486620885,0.0000000000000000
0.0106436319766916,0.0021065595290479,0.0000000000000000
0.0101430530984495,0.0020880897254393,0.0000000000000000
0.0098748784009831,0.0025147294224987,0.0000000000000000
0.0118845078086847,0.0042943934994035,0.0000000000000000
0.0128456729801023,0.0018000569399337,0.0000000000000000
0.0123926131140925,0.0017945187426187,0.0000000000000000
0.0108611770528827,0.0052780042631010,0.0000000000000000
0.0105959850940182,0.0057617363841985,0.0000000000000000
0.0111344620366966,0.0021188821875869,0.0000000000000000
0.0137494092577619,0.0025886481776826,0.0000000000000000
0.0139728857984465,0.0021912841990890,0.0000000000000000
0.0135269457490584,0.0029917386158080,0.0000000000000000
0.0137567970564277,0.0018035855549576,0.0000000000000000
0.0141983726657677,0.0018026195193491,0.0000000000000000
0.0123681657268733,0.0042818503244857,0.0000000000000000
0.0126127293031299,0.0038520290578668,0.0000000000000000
0.0144113531228242,0.0022153696510056,0.0000000000000000
0.0146475972394531,0.0018234444134469,0.0000000000000000
0.0100639589337234,0.0057688392701756,0.0000000000000000
0.0103333184304232,0.0062295870123074,0.0000000000000000
0.0098029546206112,0.0062349321720472,0.0000000000000000
0.0098051892869692,0.0034067718532548,0.0000000000000000
0.0078754037251713,0.0055983215258571,0.0000000000000000
0.0113843422720055,0.0042955586705022,0.0000000000000000
0.0116416598574740,0.0047599112741790,0.0000000000000000
0.0109261771741116,0.0016889176253170,0.0000000000000000
0.0114243369406188,0.0017206503134491,0.0000000000000000
0.0144115500468048,0.0014374687244249,0.0000000000000000
0.0096433340425852,0.0020733764597795,0.0000000000000000
0.0093247028672765,0.0025032038184859,0.0000000000000000
0.0148387323480604,0.0014484594228049,0.0000000000000000
0.0128731031175217,0.0042810721262122,0.0000000000000000
0.0089179076609594,0.0038253122440604,0.0000000000000000
0.0099109577081195,0.0016606290426967,0.0000000000000000
0.0150829494836427,0.0017893147489019,0.0000000000000000
0.0152513136776121,0.0014354214165442,0.0000000000000000
0.0139649727212756,0.0029795274131174,0.0000000000000000
0.0137603719625118,0.0034001037541584,0.0000000000000000
0.0132930101175313,0.0033995057819542,0.0000000000000000
0.0094410859963598,0.0016539313865515,0.0000000000000000
0.0100459213970105,0.0066777811865075,0.0000000000000000
0.0095361786875751,0.0066982995259395,0.0000000000000000
0.0092695467577857,0.0062402801485118,0.0000000000000000
0.0090188494608933,0.0067167352801645,0.0000000000000000
0.0093091310391942,0.0071484766262379,0.0000000000000000
0.0086776863900246,0.0062458577849601,0.0000000000000000
0.0087597938847919,0.0071992709459932,0.0000000000000000
0.0105876843707315,0.0067081946794672,0.0000000000000000
0.0126232825100111,0.0014368904250811,0.0000000000000000
0.0131135089207860,0.0013471427343042,0.0000000000000000
0.0121758072185849,0.0014308661173979,0.0000000000000000
0.0155246467737369,0.0017644210576310,0.0000000000000000
0.0204415098337711,0.0010768733767450,0.0000000000000000
0.0085441471585572,0.0055023136963837,0.0000000000000000
0.0119227811148437,0.0017758127076809,0.0000000000000000
0.0193654297703031,0.0101326322363217,0.0000000000000000
0.0157563807747034,0.0105120702122864,0.0000000000000000
0.0198643285470045,0.0166413128701322,0.0000000000000000
0.0207376412158087,0.0168167445203322,0.0000000000000000
0.0263402551788074,0.0020358999704850,0.0000000000000000
0.0264545091834814,0.0021488702922096,0.0000000000000000
0.0262271149069267,0.0019201339443257,0.0000000000000000
0.0266069012358253,0.0021111298122687,0.0000000000000000
0.0265690372164845,0.0022582027536815,0.0000000000000000
0.0267083503336998,0.0022277943672115,0.0000000000000000
0.0083211905263555,0.0036708560160039,0.0000000000000000
0.0175695154144734,0.0170991335283187,0.0000000000000000
0.0110330829583757,0.0056961257895091,0.0000000000000000
0.0113987117249888,0.0053200578338172,0.0000000000000000
0.0210804600636459,0.0064532565557017,0.0000000000000000
0.0210092063018733,0.0058641715444425,0.0000000000000000
0.0181224583554175,0.0119490874228275,0.0000000000000000
0.0204636915791011,0.0172280663430358,0.0000000000000000
0.0205049290630336,0.0170756876656117,0.0000000000000000
0.0206506819786515,0.0170270362913082,0.0000000000000000
0.0205327597511543,0.0169198467777929,0.0000000000000000
0.0219309337988473,0.0110791877996185,0.0000000000000000
0.0220788575680081,0.0112140460924893,0.0000000000000000
0.0221339705354713,0.0110049615051400,0.0000000000000000
0.0222800673810173,0.0111509684001884,0.0000000000000000
0.0223220046418872,0.0109347340452322,0.0000000000000000
0.0221968751759146,0.0107973377232641,0.0000000000000000
0.0188156101871348,0.0125404027031651,0.0000000000000000
0.0196671006352885,0.0176807432592528,0.0000000000000000
0.0197944331626700,0.0177772407660280,0.0000000000000000
0.0199432417059681,0.0177014153642286,0.0000000000000000
0.0223835318914581,0.0008778951578307,0.0000000000000000
0.0202358360851319,0.0008695620642908,0.0000000000000000
0.0207454279661119,0.0010272510282798,0.0000000000000000
0.0228159473609070,0.0117871898413260,0.0000000000000000
0.0253027268987867,0.0011956460722130,0.0000000000000000
0.0137642384521836,0.0091922554367741,0.0000000000000000
0.0190488418327108,0.0040843854524962,0.0000000000000000
0.0194662410718232,0.0040490347239802,0.0000000000000000
0.0122955593529829,0.0108652250395720,0.0000000000000000
0.0236576588094468,0.0110589017376830,0.0000000000000000
0.0197706674997050,0.0155773272035939,0.0000000000000000
0.0264016688713213,0.0033461408611671,0.0000000000000000
0.0265461384201446,0.0032940838789506,0.0000000000000000
0.0195335546094677,0.0175792909031289,0.0000000000000000
0.0128318064365126,0.0010401709381301,0.0000000000000000
0.0204852130124155,0.0084990963935685,0.0000000000000000
0.0221047954639490,0.0131757625463804,0.0000000000000000
0.0192856774109024,0.0083004058419918,0.0000000000000000
0.0201550850030581,0.0152699628395910,0.0000000000000000
0.0199664289130421,0.0153407941061850,0.0000000000000000
0.0162295168648551,0.0138500882233597,0.0000000000000000
0.0195502087520901,0.0018416452613533,0.0000000000000000
0.0193270957223810,0.0015591933878542,0.0000000000000000
0.0194559264658461,0.0012424326196566,0.0000000000000000
0.0191051034076810,0.0012942410177229,0.0000000000000000
0.0189734295751024,0.0016217865939713,0.0000000000000000
0.0187445838045537,0.0013445164399216,0.0000000000000000
0.0185856965205717,0.0016700417751121,0.0000000000000000
0.0183693876440368,0.0013796234775621,0.0000000000000000
0.0188362486950346,0.0019733812382749,0.0000000000000000
0.0192219582903079,0.0009737449742049,0.0000000000000000
0.0261265794722084,0.0053865391683892,0.0000000000000000
0.0260695468545784,0.0055496796227638,0.0000000000000000
0.0261581562531054,0.0052287883232607,0.0000000000000000
0.0195241120319316,0.0162710215577385,0.0000000000000000
0.0195268916552896,0.0164489699105132,0.0000000000000000
0.0087144985282055,0.0024273624297321,0.0000000000000000
0.0213571349257698,0.0032710585210253,0.0000000000000000
0.0212375881865481,0.0036150931528424,0.0000000000000000
0.0191238387108139,0.0087540335301336,0.0000000000000000
0.0227687981048898,0.0054313977917174,0.0000000000000000
0.0234602999292853,0.0111124642264167,0.0000000000000000
0.0233296847476573,0.0109969575279444,0.0000000000000000
0.0197974100238219,0.0021421649415871,0.0000000000000000
0.0212296985942243,0.0162886282860745,0.0000000000000000
0.0223837369500549,0.0107345678645777,0.0000000000000000
0.0235660923962066,0.0026799916256195,0.0000000000000000
0.0233253929128813,0.0027612367532574,0.0000000000000000
0.0264516794920646,0.0042356138422996,0.0000000000000000
0.0122843868252177,0.0113673316155010,0.0000000000000000
0.0132762601885004,0.0093345693527330,0.0000000000000000
0.0211915566148867,0.0164624337695911,0.0000000000000000
0.0227171210030064,0.0140489987424296,0.0000000000000000
0.0177641469642727,0.0016839337816783,0.0000000000000000
0.0178132367785063,0.0012625093219735,0.0000000000000000
0.0230953870980691,0.0134486066610190,0.0000000000000000
0.0231319700480200,0.0133054809473116,0.0000000000000000
0.0229324673116844,0.0033047894735386,0.0000000000000000
0.0242423253545577,0.0050288730422162,0.0000000000000000
0.0241798268399811,0.0052846751570467,0.0000000000000000
0.0173346863538931,0.0157707279736351,0.0000000000000000
0.0204182034756748,0.0087956847915270,0.0000000000000000
0.0200893946580508,0.0088828508151107,0.0000000000000000
0.0203574462017491,0.0090761458061321,0.0000000000000000
0.0203117601477944,0.0095832254481551,0.0000000000000000
0.0172437143397814,0.0166417599727599,0.0000000000000000
0.0237728296355038,0.0100084414280839,0.0000000000000000
0.0151194116254902,0.0079677189361968,0.0000000000000000
0.0150710257596878,0.0084082267499186,0.0000000000000000
0.0249397306136705,0.0033847797116504,0.0000000000000000
0.0181066502664783,0.0154345131934230,0.0000000000000000
0.0257469982775417,0.0026421537959967,0.0000000000000000
0.0256156418254630,0.0024911662936689,0.0000000000000000
0.0258681856709119,0.0027370202477915,0.0000000000000000
0.0088345249440500,0.0013031135861705,0.0000000000000000
0.0228733548144533,0.0036795076602877,0.0000000000000000
0.0144304093030850,0.0116753355963474,0.0000000000000000
0.0142806386627043,0.0033952823142895,0.0000000000000000
0.0243592321770334,0.0106729799165838,0.0000000000000000
0.0232748804406080,0.0132501979028814,0.0000000000000000
0.0232760472405306,0.0131029833986556,0.0000000000000000
0.0234016282293651,0.0130119419602062,0.0000000000000000
0.0232600230562966,0.0129536625625541,0.0000000000000000
0.0231327390339165,0.0130472937717555,0.0000000000000000
0.0231044358235187,0.0129083045550769,0.0000000000000000
0.0233884060507888,0.0128579759961385,0.0000000000000000
0.0235058718435239,0.0127425328830749,0.0000000000000000
0.0233610072458012,0.0127060261563988,0.0000000000000000
0.0234844067887128,0.0126014822008265,0.0000000000000000
0.0266532655891134,0.0019562979244677,0.0000000000000000
0.0241485949385824,0.0112117810784482,0.0000000000000000
0.0201575965292331,0.0064085168238377,0.0000000000000000
0.0214782653366835,0.0038730569296326,0.0000000000000000
0.0249217509722857,0.0007859223079392,0.0000000000000000
0.0183890548609086,0.0024156572127062,0.0000000000000000
0.0220314107266720,0.0039862656857029,0.0000000000000000
0.0220127930274214,0.0043674425601703,0.0000000000000000
0.0183806272635649,0.0178830612112355,0.0000000000000000
0.0183478799242579,0.0180985804966840,0.0000000000000000
0.0201481423096428,0.0144063369928570,0.0000000000000000
0.0227592247831283,0.0137189795516842,0.0000000000000000
0.0254027253096593,0.0008393665592611,0.0000000000000000
0.0263215803989747,0.0047127550528537,0.0000000000000000
0.0263768748062006,0.0045404342786152,0.0000000000000000
0.0262261523717644,0.0029558386479369,0.0000000000000000
0.0198551442309128,0.0138926329013209,0.0000000000000000
0.0187549302558424,0.0144970095303761,0.0000000000000000
0.0187875899806162,0.0142659707895695,0.0000000000000000
0.0234761927635170,0.0123576616147781,0.0000000000000000
0.0235984884041217,0.0124630158099315,0.0000000000000000
0.0262410456205507,0.0033960445232331,0.0000000000000000
0.0195130223204085,0.0167687547957456,0.0000000000000000
0.0213417916563114,0.0112088775421922,0.0000000000000000
0.0162725642611889,0.0077558314349325,0.0000000000000000
0.0195832444494623,0.0156364410741199,0.0000000000000000
0.0185383076001377,0.0181781961058100,0.0000000000000000
0.0198456497509774,0.0105020764877262,0.0000000000000000
0.0195874297987519,0.0106054994252579,0.0000000000000000
0.0196404632386143,0.0178458541695666,0.0000000000000000
0.0197979513374213,0.0179492822992842,0.0000000000000000
0.0196225572360407,0.0180077047673856,0.0000000000000000
0.0197314168142444,0.0180862363881537,0.0000000000000000
0.0159480649233904,0.0075167217816943,0.0000000000000000
0.0160667925281022,0.0070351966349467,0.0000000000000000
0.0205216070462506,0.0024679150957897,0.0000000000000000
0.0204409278779833,0.0173990174106047,0.0000000000000000
0.0096776697815783,0.0012004248265896,0.0000000000000000
0.0225479608807881,0.0141080747638270,0.0000000000000000
0.0223704062796025,0.0052192607463659,0.0000000000000000
0.0260621170226836,0.0051008709387095,0.0000000000000000
0.0221793148001537,0.0058363445344808,0.0000000000000000
0.0201809740925597,0.0101340690284609,0.0000000000000000
0.0259489583265406,0.0039328545899874,0.0000000000000000
0.0235117561062651,0.0061595097058388,0.0000000000000000
0.0236943972347927,0.0063315300578724,0.0000000000000000
0.0236426554997652,0.0065694163857236,0.0000000000000000
0.0238729662678842,0.0064743959602974,0.0000000000000000
0.0233967104403000,0.0066515138855554,0.0000000000000000
0.0236199671311850,0.0068233452426670,0.0000000000000000
0.0235333615570202,0.0070605260437699,0.0000000000000000
0.0232854151395014,0.0071839649759686,0.0000000000000000
0.0235141816680542,0.0072971041550711,0.0000000000000000
0.0237627220702792,0.0070216571961506,0.0000000000000000
0.0191619833246587,0.0076659893777680,0.0000000000000000
0.0192472190085347,0.0073082344940080,0.0000000000000000
0.0212587280681164,0.0012387530627885,0.0000000000000000
0.0215595435517539,0.0011538063843223,0.0000000000000000
0.0213145274468401,0.0009572265579091,0.0000000000000000
0.0217419425857949,0.0013979024901802,0.0000000000000000
0.0202328168073966,0.0133945306011233,0.0000000000000000
0.0200508228287657,0.0132835680958007,0.0000000000000000
0.0262352280544185,0.0040021429040812,0.0000000000000000
0.0264020280561622,0.0039541523969312,0.0000000000000000
0.0239285423635064,0.0062409150609042,0.0000000000000000
0.0220469009550315,0.0064345399555710,0.0000000000000000
0.0223139777777448,0.0063377737224799,0.0000000000000000
0.0222470350773467,0.0066369574379897,0.0000000000000000
0.0221833456164590,0.0069278355387031,0.0000000000000000
0.0219177966252478,0.0070256716129292,0.0000000000000000
0.0221193545179799,0.0072167878857884,0.0000000000000000
0.0220616379881566,0.0074594440258195,0.0000000000000000
0.0223014747231557,0.0074170027359647,0.0000000000000000
0.0218299400684930,0.0076337669606104,0.0000000000000000
0.0219556721641429,0.0078898791868366,0.0000000000000000
0.0218787085878791,0.0081295449186170,0.0000000000000000
0.0239157069592369,0.0030813475645699,0.0000000000000000
0.0239860928797984,0.0028702682143765,0.0000000000000000
0.0247160782100090,0.0061974602430789,0.0000000000000000
0.0249119625334820,0.0061381568882019,0.0000000000000000
0.0249625170110141,0.0059441643097725,0.0000000000000000
0.0251078626848105,0.0060872688083881,0.0000000000000000
0.0251638590862879,0.0059084378538656,0.0000000000000000
0.0250157392577017,0.0057573491414903,0.0000000000000000
0.0252242751317216,0.0057103604515712,0.0000000000000000
0.0250595063000572,0.0055693321512018,0.0000000000000000
0.0250577980850575,0.0062734046694718,0.0000000000000000
0.0248625778217654,0.0063433747552469,0.0000000000000000
0.0248219128285500,0.0065388536330835,0.0000000000000000
0.0250155644935319,0.0064654163901974,0.0000000000000000
0.0249774291608599,0.0066548536172711,0.0000000000000000
0.0247985084531539,0.0067230089607192,0.0000000000000000
0.0246325712998764,0.0066039684273481,0.0000000000000000
0.0246146763591481,0.0068198394276784,0.0000000000000000
0.0247163039134390,0.0070126137390369,0.0000000000000000
0.0246387569848331,0.0071996599689845,0.0000000000000000
0.0248288898387690,0.0071646859469049,0.0000000000000000
0.0247729976981498,0.0073333589870542,0.0000000000000000
0.0191304470456692,0.0099217593716314,0.0000000000000000
0.0262508833877108,0.0044293168796574,0.0000000000000000
0.0257328026047399,0.0062742546245012,0.0000000000000000
0.0258959570638822,0.0062277590919252,0.0000000000000000
0.0259464141259932,0.0060706728599614,0.0000000000000000
0.0260380571901098,0.0061801134060151,0.0000000000000000
0.0258476870665702,0.0063850085514436,0.0000000000000000
0.0257951118943267,0.0065597942404275,0.0000000000000000
0.0258298678215996,0.0059388492859339,0.0000000000000000
0.0259847781523898,0.0058935041164528,0.0000000000000000
0.0260262515950733,0.0057215152521901,0.0000000000000000
0.0255432440444349,0.0069500544803063,0.0000000000000000
0.0256578622195179,0.0070748455253933,0.0000000000000000
0.0256162478601053,0.0072310232338077,0.0000000000000000
0.0257633783361096,0.0071908132972343,0.0000000000000000
0.0254550687891980,0.0072806031711239,0.0000000000000000
0.0255725880543609,0.0073889014785495,0.0000000000000000
0.0255375431737349,0.0075613593523499,0.0000000000000000
0.0253588567080455,0.0076250812761656,0.0000000000000000
0.0254604761660701,0.0077505528003809,0.0000000000000000
0.0254102587039871,0.0079235721870648,0.0000000000000000
0.0257026244028195,0.0069135613075836,0.0000000000000000
0.0257454207302178,0.0067375847184377,0.0000000000000000
0.0243503973497849,0.0076360657935821,0.0000000000000000
0.0245408391804306,0.0075851445173840,0.0000000000000000
0.0245190226213707,0.0077968437199083,0.0000000000000000
0.0246656264413992,0.0077054402532893,0.0000000000000000
0.0244477239307311,0.0079786837657023,0.0000000000000000
0.0242488966786098,0.0080409757439083,0.0000000000000000
0.0256344915610373,0.0066111577192686,0.0000000000000000
0.0193911695642801,0.0174794758193358,0.0000000000000000
0.0188631826436244,0.0180124403551354,0.0000000000000000
0.0162000533953784,0.0154502078058786,0.0000000000000000
0.0188229415005932,0.0111800999558793,0.0000000000000000
0.0191030260291442,0.0110851799711361,0.0000000000000000
0.0191743906289216,0.0107857541029465,0.0000000000000000
0.0193591517751833,0.0109867944300554,0.0000000000000000
0.0190251826940681,0.0113560362394780,0.0000000000000000
0.0262020356933364,0.0015145906366564,0.0000000000000000
0.0238199888508090,0.0120953306679209,0.0000000000000000
0.0238395565839201,0.0119301027949909,0.0000000000000000
0.0185747073398003,0.0141269753548478,0.0000000000000000
0.0238502340140746,0.0033124967991460,0.0000000000000000
0.0214851631160066,0.0087625980602294,0.0000000000000000
0.0217408345866632,0.0086819161010620,0.0000000000000000
0.0216719142822245,0.0089545272185946,0.0000000000000000
0.0216108847787764,0.0092243347361010,0.0000000000000000
0.0218034272445061,0.0084066653122500,0.0000000000000000
0.0219769667645926,0.0086074866661758,0.0000000000000000
0.0213525743437306,0.0093068612835488,0.0000000000000000
0.0215445705376383,0.0094838372412455,0.0000000000000000
0.0217939471042622,0.0093813698762203,0.0000000000000000
0.0214948806630804,0.0097205762141025,0.0000000000000000
0.0212622887069379,0.0098589359925062,0.0000000000000000
0.0211605761586672,0.0101263919518967,0.0000000000000000
0.0231081333924343,0.0076513757050751,0.0000000000000000
0.0232766734836746,0.0078248646723873,0.0000000000000000
0.0232194890330023,0.0080549707935814,0.0000000000000000
0.0234271646874569,0.0079884540173239,0.0000000000000000
0.0233677260376731,0.0082105439368824,0.0000000000000000
0.0231634821170536,0.0082783455251903,0.0000000000000000
0.0233110850570968,0.0084303636276723,0.0000000000000000
0.0231024006757165,0.0085073849870886,0.0000000000000000
0.0232697722553354,0.0086517365496206,0.0000000000000000
0.0236014094168175,0.0081603353186485,0.0000000000000000
0.0234819437472130,0.0077625666678899,0.0000000000000000
0.0230604611674850,0.0087294373544692,0.0000000000000000
0.0232277214433661,0.0088783834488285,0.0000000000000000
0.0228667544725045,0.0088434260336377,0.0000000000000000
0.0224667334875544,0.0068414741100016,0.0000000000000000
0.0176216900078825,0.0134253342402002,0.0000000000000000
0.0174042974941933,0.0132269909171501,0.0000000000000000
0.0173260969291155,0.0135273089669744,0.0000000000000000
0.0230185097980081,0.0131653801343716,0.0000000000000000
0.0250427485174992,0.0081783290591586,0.0000000000000000
0.0251629160087047,0.0083021869539887,0.0000000000000000
0.0251195336985965,0.0084672012797109,0.0000000000000000
0.0252734263912966,0.0084196626574860,0.0000000000000000
0.0253177418868892,0.0082590670530684,0.0000000000000000
0.0252297608973228,0.0085787512116097,0.0000000000000000
0.0250806170291965,0.0086640919929821,0.0000000000000000
0.0252029128156472,0.0087403855868493,0.0000000000000000
0.0171502080341136,0.0130384134282916,0.0000000000000000
0.0235132197504695,0.0102520682750669,0.0000000000000000
0.0204776753300062,0.0164725259926037,0.0000000000000000
0.0248563327849764,0.0088637375701766,0.0000000000000000
0.0249736601987138,0.0089871848143274,0.0000000000000000
0.0249302665269562,0.0091500790574842,0.0000000000000000
0.0250855765245892,0.0091092078434204,0.0000000000000000
0.0251319937363755,0.0089488124565736,0.0000000000000000
0.0250498789869411,0.0092634291221208,0.0000000000000000
0.0248859766913053,0.0093173017631455,0.0000000000000000
0.0252165832199122,0.0092342177279101,0.0000000000000000
0.0185567749875499,0.0010264922610068,0.0000000000000000
0.0204235073594340,0.0075999346380040,0.0000000000000000
0.0203371491413590,0.0079333373275218,0.0000000000000000
0.0206627948562025,0.0078395271515049,0.0000000000000000
0.0251689952892789,0.0043553899442669,0.0000000000000000
0.0206498444469452,0.0013235275516143,0.0000000000000000
0.0179688894788751,0.0096814470089599,0.0000000000000000
0.0178951140561245,0.0100323988740021,0.0000000000000000
0.0175398286196786,0.0101544266049607,0.0000000000000000
0.0174555627158490,0.0105130126172086,0.0000000000000000
0.0176841478409327,0.0107592636456134,0.0000000000000000
0.0176083081436687,0.0110868470024592,0.0000000000000000
0.0179429531717233,0.0110081055335758,0.0000000000000000
0.0185801515024130,0.0085296143925370,0.0000000000000000
0.0197683880411389,0.0122784931626846,0.0000000000000000
0.0200121239863219,0.0121883904169686,0.0000000000000000
0.0186824610070338,0.0117453087456994,0.0000000000000000
0.0262378281484066,0.0050719609171471,0.0000000000000000
0.0196738131930707,0.0127911775300177,0.0000000000000000
0.0198664185100003,0.0129407998812148,0.0000000000000000
0.0187092881693528,0.0154246887699011,0.0000000000000000
0.0157231021464729,0.0014004761491923,0.0000000000000000
0.0161015707249571,0.0011993609214481,0.0000000000000000
0.0209557055376486,0.0161053334955125,0.0000000000000000
0.0197061696866790,0.0165436509310603,0.0000000000000000
0.0245505899990403,0.0104538057759411,0.0000000000000000
0.0245244924096006,0.0106179274954485,0.0000000000000000
0.0242415837167052,0.0105550272028814,0.0000000000000000
0.0260003770885719,0.0047988990853844,0.0000000000000000
0.0261382546263043,0.0049188608466330,0.0000000000000000
0.0262903543859815,0.0049276044445835,0.0000000000000000
0.0222821911144514,0.0041593748522605,0.0000000000000000
0.0233292507927053,0.0076003074076901,0.0000000000000000
0.0235588208911652,0.0075433536496024,0.0000000000000000
0.0089762227625592,0.0084109192448165,0.0000000000000000
0.0092015394374004,0.0079430859124864,0.0000000000000000
0.0216228719482183,0.0108600090962389,0.0000000000000000
0.0197834941090906,0.0143408174591479,0.0000000000000000
0.0236478442350013,0.0103937904241204,0.0000000000000000
0.0133042400151597,0.0017916577037030,0.0000000000000000
0.0135705442175601,0.0014213221978470,0.0000000000000000
0.0139870482256884,0.0014251148726779,0.0000000000000000
0.0142253881682008,0.0011071739508201,0.0000000000000000
0.0253573513660992,0.0042997576099921,0.0000000000000000
0.0253126991313315,0.0044914230284870,0.0000000000000000
0.0254843660975051,0.0044380216107938,0.0000000000000000
0.0256761299945880,0.0043734897515618,0.0000000000000000
0.0251199856208938,0.0045556811797750,0.0000000000000000
0.0252547340190276,0.0046816946909025,0.0000000000000000
0.0241427661001249,0.0084386294742490,0.0000000000000000
0.0243338151515032,0.0083784918204053,0.0000000000000000
0.0240913034061052,0.0086370098850117,0.0000000000000000
0.0242381918650722,0.0087532366840622,0.0000000000000000
0.0241891623270275,0.0089677584040904,0.0000000000000000
0.0239936036655127,0.0090281666397150,0.0000000000000000
0.0239411468090359,0.0092252185003195,0.0000000000000000
0.0240751578549064,0.0093697310935788,0.0000000000000000
0.0259179034026653,0.0055995445311367,0.0000000000000000
0.0261379251368653,0.0058400065823970,0.0000000000000000
0.0206715219308065,0.0160643786284455,0.0000000000000000
0.0252289068642431,0.0055114220418123,0.0000000000000000
0.0205476038191689,0.0149910161707846,0.0000000000000000
0.0231047156792829,0.0112566921849102,0.0000000000000000
0.0159110140947168,0.0155310156737616,0.0000000000000000
0.0265098134824618,0.0025355595390124,0.0000000000000000
0.0266367901999698,0.0026418740925122,0.0000000000000000
0.0239393970037763,0.0053570534099114,0.0000000000000000
0.0238724313750513,0.0055992623312149,0.0000000000000000
0.0240390031580146,0.0057813722642251,0.0000000000000000
0.0256464571772062,0.0029912389003598,0.0000000000000000
0.0249686258110508,0.0051737438427369,0.0000000000000000
0.0186386173896288,0.0163085056312093,0.0000000000000000
0.0209971466216291,0.0159261666504188,0.0000000000000000
0.0219598440833595,0.0151201332694802,0.0000000000000000
0.0219442242549831,0.0152906524370734,0.0000000000000000
0.0215565143282158,0.0141940693478922,0.0000000000000000
0.0217325306189373,0.0141001772426725,0.0000000000000000
0.0217025495213115,0.0142726433954369,0.0000000000000000
0.0219061977274153,0.0141006617860306,0.0000000000000000
0.0210968347454820,0.0055393881822566,0.0000000000000000
0.0229456629497708,0.0127003528872129,0.0000000000000000
0.0229284807384259,0.0128808000599419,0.0000000000000000
0.0181595840354107,0.0132123500710306,0.0000000000000000
0.0223663791452537,0.0143461251831877,0.0000000000000000
0.0223384288076940,0.0145061147220910,0.0000000000000000
0.0225430092869851,0.0142794140100667,0.0000000000000000
0.0224929176216123,0.0144476662006259,0.0000000000000000
0.0226815478516032,0.0142820375263916,0.0000000000000000
0.0252066650926874,0.0081375410200176,0.0000000000000000
0.0253629398899602,0.0080939949519027,0.0000000000000000
0.0254637751895958,0.0082027490398335,0.0000000000000000
0.0226323935163750,0.0136201999908854,0.0000000000000000
0.0194700708019647,0.0179230286434104,0.0000000000000000
0.0195843069859586,0.0181654640592394,0.0000000000000000
0.0221541309947763,0.0080515597931484,0.0000000000000000
0.0205979786558222,0.0167574317068169,0.0000000000000000
0.0158789059633683,0.0115621966941932,0.0000000000000000
0.0158084408881856,0.0119240462164497,0.0000000000000000
0.0154349321851843,0.0120299006035958,0.0000000000000000
0.0157065444815780,0.0123353242233354,0.0000000000000000
0.0262889120281968,0.0022974324419494,0.0000000000000000
0.0246521307011064,0.0035382565961864,0.0000000000000000
0.0250137776791077,0.0088313104894425,0.0000000000000000
0.0237287530739589,0.0118183718507317,0.0000000000000000
0.0238807963044777,0.0117639678783951,0.0000000000000000
0.0198628276382505,0.0117507070223170,0.0000000000000000
0.0150316610315997,0.0027526676993243,0.0000000000000000
0.0149206964710350,0.0022461292496577,0.0000000000000000
0.0198080762385987,0.0012013841192011,0.0000000000000000
0.0260762736763763,0.0020259693937005,0.0000000000000000
0.0229249835837761,0.0083593003861711,0.0000000000000000
0.0229179766495219,0.0049697000053745,0.0000000000000000
0.0224628145115981,0.0111005385774787,0.0000000000000000
0.0210857119910387,0.0152105186662699,0.0000000000000000
0.0212327059693812,0.0153007458500260,0.0000000000000000
0.0220126822125690,0.0148025096616319,0.0000000000000000
0.0221623604907068,0.0147362675578262,0.0000000000000000
0.0221874092888389,0.0145737736028601,0.0000000000000000
0.0223336872342389,0.0146735074531015,0.0000000000000000
0.0221628427070717,0.0149102572848124,0.0000000000000000
0.0180930109071036,0.0044240771496759,0.0000000000000000
0.0182198218536210,0.0048758592011671,0.0000000000000000
0.0178590023225371,0.0052021459350691,0.0000000000000000
0.0173966202115396,0.0051259212545829,0.0000000000000000
0.0192570127677358,0.0183182732505260,0.0000000000000000
0.0193914187161280,0.0184110247287821,0.0000000000000000
0.0237730158437149,0.0116454715970824,0.0000000000000000
0.0104140669791939,0.0016882123583751,0.0000000000000000
0.0106751478270911,0.0012642845726522,0.0000000000000000
0.0265789596501572,0.0037540086614359,0.0000000000000000
0.0179697988292680,0.0148116260434055,0.0000000000000000
0.0247087218544699,0.0025344348558344,0.0000000000000000
0.0247743153689385,0.0023418890573328,0.0000000000000000
0.0246299593665184,0.0021783993633530,0.0000000000000000
0.0244200364788018,0.0022213504938972,0.0000000000000000
0.0244802354672596,0.0020115105309338,0.0000000000000000
0.0242661222022263,0.0020586209396455,0.0000000000000000
0.0245306633420532,0.0018017183693088,0.0000000000000000
0.0247039440705989,0.0019687558755545,0.0000000000000000
0.0243808901268539,0.0016379329989025,0.0000000000000000
0.0245977454716818,0.0016003246752878,0.0000000000000000
0.0221389390191077,0.0126888599085047,0.0000000000000000
0.0222882004636310,0.0128056851442171,0.0000000000000000
0.0109565863414869,0.0061748408229550,0.0000000000000000
0.0207814091752805,0.0106879393733342,0.0000000000000000
0.0210389126839994,0.0009917131848116,0.0000000000000000
0.0153270882461560,0.0144736276158371,0.0000000000000000
0.0217889221989233,0.0153491977061188,0.0000000000000000
0.0154681385243401,0.0102205070447787,0.0000000000000000
0.0241246236166915,0.0098572134666264,0.0000000000000000
0.0242566500242155,0.0099640371112737,0.0000000000000000
0.0196328399491931,0.0151972899782602,0.0000000000000000
0.0222516327480227,0.0100527419955408,0.0000000000000000
0.0221906088914830,0.0102803995223041,0.0000000000000000
0.0223540818758755,0.0104257517697065,0.0000000000000000
0.0166901935276067,0.0058326228853867,0.0000000000000000
0.0167638320555718,0.0063329355724661,0.0000000000000000
0.0266029202187105,0.0011184603759327,0.0000000000000000
0.0267096298292267,0.0012224504162555,0.0000000000000000
0.0266425707587689,0.0009686920418073,0.0000000000000000
0.0265486971887369,0.0008535692161873,0.0000000000000000
0.0267139926023149,0.0008211825332574,0.0000000000000000
0.0263941417732323,0.0008861424341697,0.0000000000000000
0.0266875066518850,0.0013949907176723,0.0000000000000000
0.0163321513533876,0.0111614931441159,0.0000000000000000
0.0199751048175684,0.0175528550252750,0.0000000000000000
0.0240288103597377,0.0117273719293475,0.0000000000000000
0.0238600631528688,0.0008190996527821,0.0000000000000000
0.0240552689409076,0.0007837487838776,0.0000000000000000
0.0241928048464417,0.0009376522971060,0.0000000000000000
0.0192312421495620,0.0184646458655291,0.0000000000000000
0.0190862220942134,0.0185320208559117,0.0000000000000000
0.0189632258708621,0.0184337834531095,0.0000000000000000
0.0135399685269204,0.0130711533181382,0.0000000000000000
0.0136048944197193,0.0127026412477400,0.0000000000000000
0.0259667363402991,0.0012789898019182,0.0000000000000000
0.0124743968020403,0.0100198421565568,0.0000000000000000
0.0129119926001007,0.0102184320082293,0.0000000000000000
0.0184782572841411,0.0088885333543010,0.0000000000000000
0.0262740593990497,0.0038410519389451,0.0000000000000000
0.0232386178073626,0.0106905168680758,0.0000000000000000
0.0254585259442568,0.0018556501274824,0.0000000000000000
0.0142235468830392,0.0082971832127196,0.0000000000000000
0.0143357867203366,0.0087267253800050,0.0000000000000000
0.0189736989367273,0.0105596821589623,0.0000000000000000
0.0193078831510720,0.0104824561509407,0.0000000000000000
0.0239143802385766,0.0039472170645834,0.0000000000000000
0.0171208388361148,0.0118830571560324,0.0000000000000000
0.0183216665251223,0.0142189928011029,0.0000000000000000
0.0224289987107351,0.0120375869398678,0.0000000000000000
0.0242699208568212,0.0109845095215161,0.0000000000000000
0.0113809612170108,0.0025547090021840,0.0000000000000000
0.0254848239939053,0.0023539212408445,0.0000000000000000
0.0178094853867678,0.0104086140745598,0.0000000000000000
0.0210500445648413,0.0155751246589339,0.0000000000000000
0.0206475940410110,0.0146466659685565,0.0000000000000000
0.0198974283295997,0.0091313009343661,0.0000000000000000
0.0211952995019631,0.0122168539026348,0.0000000000000000
0.0214023192076907,0.0121418784790598,0.0000000000000000
0.0213568890506193,0.0123555938241188,0.0000000000000000
0.0214201440823149,0.0119064506807982,0.0000000000000000
0.0215701435790263,0.0122816413973727,0.0000000000000000
0.0211573655332762,0.0124356827298604,0.0000000000000000
0.0213167131641548,0.0125719675364895,0.0000000000000000
0.0212830052953292,0.0127876891452282,0.0000000000000000
0.0214964860766619,0.0126964762427211,0.0000000000000000
0.0075403639950458,0.0068140941344636,0.0000000000000000
0.0081435304132862,0.0066306865289697,0.0000000000000000
0.0077510403348513,0.0062278177917548,0.0000000000000000
0.0187785615544279,0.0149558229100358,0.0000000000000000
0.0222450157640363,0.0130031445741300,0.0000000000000000
0.0241422033224153,0.0011269846313538,0.0000000000000000
0.0243768402289944,0.0008685586384642,0.0000000000000000
0.0244998665175946,0.0006904732168404,0.0000000000000000
0.0199407257416824,0.0169589920579956,0.0000000000000000
0.0247255715202702,0.0031014578151845,0.0000000000000000
0.0183917349388192,0.0161568164068153,0.0000000000000000
0.0251984527343203,0.0015712603389638,0.0000000000000000
0.0252387861934824,0.0013801059043224,0.0000000000000000
0.0253837511624396,0.0015102587865828,0.0000000000000000
0.0206633219216883,0.0030818598180915,0.0000000000000000
0.0197971225124727,0.0064908791864767,0.0000000000000000
0.0216137581635924,0.0082094005584534,0.0000000000000000
0.0220264822491043,0.0114268090504548,0.0000000000000000
0.0194529020232391,0.0034112773944981,0.0000000000000000
0.0145391822876685,0.0112891880908275,0.0000000000000000
0.0224723457327931,0.0127295946895865,0.0000000000000000
0.0195751602331455,0.0132921944020755,0.0000000000000000
0.0198124532027278,0.0132081515239482,0.0000000000000000
0.0197323070779289,0.0043783596303733,0.0000000000000000
0.0172840431626530,0.0112034745972877,0.0000000000000000
0.0175704367402141,0.0114198223119981,0.0000000000000000
0.0174560790867757,0.0117613678949524,0.0000000000000000
0.0117232769521972,0.0013675503147890,0.0000000000000000
0.0120131106027025,0.0009699914066200,0.0000000000000000
0.0239844701419806,0.0060106085874476,0.0000000000000000
0.0115259822433041,0.0009075759594802,0.0000000000000000
0.0256644807544279,0.0022999255427384,0.0000000000000000
0.0171369902952630,0.0156015925221682,0.0000000000000000
0.0168006909442092,0.0090224193301032,0.0000000000000000
0.0161167440919872,0.0103751453431146,0.0000000000000000
0.0162479003345413,0.0099396876759668,0.0000000000000000
0.0214285580896461,0.0161045955671508,0.0000000000000000
0.0240903022638084,0.0115471170866159,0.0000000000000000
0.0190329593165154,0.0177832487832987,0.0000000000000000
0.0111287035942548,0.0047917630641618,0.0000000000000000
0.0119180625070339,0.0051923823904025,0.0000000000000000
0.0117930693218191,0.0055968984734701,0.0000000000000000
0.0121451492635266,0.0047375085781598,0.0000000000000000
0.0213357734885213,0.0103134391728973,0.0000000000000000
0.0227141424633994,0.0123035081685982,0.0000000000000000
0.0246716108863163,0.0095383052378389,0.0000000000000000
0.0248337432664172,0.0094888489418869,0.0000000000000000
0.0249968206854988,0.0094376117835897,0.0000000000000000
0.0247778719105281,0.0096550258197961,0.0000000000000000
0.0187238776448927,0.0091456711567827,0.0000000000000000
0.0182377740342527,0.0157862720075442,0.0000000000000000
0.0247368059580303,0.0075342728579988,0.0000000000000000
0.0148084175802370,0.0143883059503845,0.0000000000000000
0.0148973410592626,0.0140608787986742,0.0000000000000000
0.0146606651395761,0.0138113172593837,0.0000000000000000
0.0225381648818647,0.0097598020917689,0.0000000000000000
0.0227482481805981,0.0097143780625170,0.0000000000000000
0.0172138043039163,0.0168796891589703,0.0000000000000000
0.0249508946200134,0.0085231124489564,0.0000000000000000
0.0197547661433794,0.0054686400639566,0.0000000000000000
0.0233425837571779,0.0122519592378279,0.0000000000000000
0.0227857109309557,0.0006905709941247,0.0000000000000000
0.0200659194594894,0.0119284967499935,0.0000000000000000
0.0202416561085991,0.0121131621251262,0.0000000000000000
0.0202117783825905,0.0123456998639385,0.0000000000000000
0.0164368090984277,0.0161450613642576,0.0000000000000000
0.0116491300138570,0.0021552446869414,0.0000000000000000
0.0168498824462137,0.0164962302096797,0.0000000000000000
0.0123610446041631,0.0034254052375613,0.0000000000000000
0.0159721139418351,0.0152485430412408,0.0000000000000000
0.0181722886815933,0.0149689692848785,0.0000000000000000
0.0177775285454042,0.0175179832210144,0.0000000000000000
0.0178349912187336,0.0173202765960319,0.0000000000000000
0.0179669410041636,0.0174856918122188,0.0000000000000000
0.0200590044541292,0.0159971064767412,0.0000000000000000
0.0138085756599044,0.0133525170941150,0.0000000000000000
0.0141996418476648,0.0132052886954707,0.0000000000000000
0.0159732893034753,0.0065327818235820,0.0000000000000000
0.0180526505775653,0.0178198007175788,0.0000000000000000
0.0247631992180971,0.0092003269846151,0.0000000000000000
0.0151373522263589,0.0117895017825940,0.0000000000000000
0.0153040563220634,0.0123987670777311,0.0000000000000000
0.0083473012430180,0.0076002539297409,0.0000000000000000
0.0261327432162509,0.0012349493674493,0.0000000000000000
0.0129857658630155,0.0124903246704636,0.0000000000000000
0.0193100506041672,0.0170060104468575,0.0000000000000000
0.0236716893888733,0.0047675417554723,0.0000000000000000
0.0186773364801129,0.0184977977500234,0.0000000000000000
0.0189117758708773,0.0187301060306032,0.0000000000000000
0.0196698922404527,0.0149836471975759,0.0000000000000000
0.0201213054291472,0.0104179580487642,0.0000000000000000
0.0207079983364691,0.0143283465454514,0.0000000000000000
0.0144264647703165,0.0135361538602360,0.0000000000000000
0.0145749102858585,0.0132051301878149,0.0000000000000000
0.0186968504263123,0.0180887158224341,0.0000000000000000
0.0224832738780416,0.0099800662277674,0.0000000000000000
0.0259498915628355,0.0008227855629592,0.0000000000000000
0.0224202751278414,0.0140127387228409,0.0000000000000000
0.0183707414376954,0.0168049242838508,0.0000000000000000
0.0221751114462837,0.0124907330695151,0.0000000000000000
0.0252544384140227,0.0006880828372862,0.0000000000000000
0.0251195115687795,0.0012438989624638,0.0000000000000000
0.0234793181357159,0.0006842193175208,0.0000000000000000
0.0236375047739197,0.0008535354820683,0.0000000000000000
0.0182374562166264,0.0099100818557274,0.0000000000000000
0.0256393682626530,0.0018167794514614,0.0000000000000000
0.0266064868728662,0.0006070661254267,0.0000000000000000
0.0097909436284743,0.0071363294182722,0.0000000000000000
0.0249338116735141,0.0038743344228063,0.0000000000000000
0.0254328025608398,0.0025471393160528,0.0000000000000000
0.0216107236505069,0.0157556841770851,0.0000000000000000
0.0217511927570069,0.0156847228328358,0.0000000000000000
0.0095003247107543,0.0038625683496797,0.0000000000000000
0.0092529283419985,0.0033786514768667,0.0000000000000000
0.0130664082175886,0.0038094417053449,0.0000000000000000
0.0243865596170325,0.0081836698210564,0.0000000000000000
0.0238688140501198,0.0108245071717348,0.0000000000000000
0.0249013814587152,0.0069822445467326,0.0000000000000000
0.0209659260065945,0.0108726422104050,0.0000000000000000
0.0230115266571089,0.0006872710808452,0.0000000000000000
0.0145706087558258,0.0026425737404797,0.0000000000000000
0.0248671120168815,0.0056038826174665,0.0000000000000000
0.0218499380206513,0.0133295773106055,0.0000000000000000
0.0216580153919878,0.0016702467641972,0.0000000000000000
0.0187880292962820,0.0164299711865428,0.0000000000000000
0.0188210549047334,0.0162309071787196,0.0000000000000000
0.0260853612520406,0.0029746503893141,0.0000000000000000
0.0129431315016452,0.0048233214843107,0.0000000000000000
0.0236579066641182,0.0096660042282424,0.0000000000000000
0.0260772149646486,0.0034400227478582,0.0000000000000000
0.0170387826080350,0.0122144043797621,0.0000000000000000
0.0258978571965886,0.0051431647620618,0.0000000000000000
0.0258702405607652,0.0068575190131345,0.0000000000000000
0.0225766639344175,0.0020067323419909,0.0000000000000000
0.0226703331716393,0.0017917993744779,0.0000000000000000
0.0153178522227428,0.0136772370150336,0.0000000000000000
0.0152275135681437,0.0139717903466114,0.0000000000000000
0.0244635635161198,0.0041804232909250,0.0000000000000000
0.0253825204174429,0.0085403132428453,0.0000000000000000
0.0188684573954597,0.0155511017847214,0.0000000000000000
0.0215773757604587,0.0148286055221247,0.0000000000000000
0.0252372698812632,0.0062144903546624,0.0000000000000000
0.0218746140959663,0.0007166043112743,0.0000000000000000
0.0217480362700850,0.0009340848981623,0.0000000000000000
0.0209879715538189,0.0046752192436418,0.0000000000000000
0.0199827401135245,0.0167977707699116,0.0000000000000000
0.0238426807737926,0.0109919341404583,0.0000000000000000
0.0218549102131362,0.0091235530390094,0.0000000000000000
0.0222241916803836,0.0113679221795792,0.0000000000000000
0.0200327622550280,0.0163445724448568,0.0000000000000000
0.0214320162828556,0.0129375433276897,0.0000000000000000
0.0204145634265676,0.0042058089028123,0.0000000000000000
0.0251646889171041,0.0065760475037569,0.0000000000000000
0.0237654207311166,0.0122663580193648,0.0000000000000000
0.0201764738897793,0.0141854572293180,0.0000000000000000
0.0175188085682478,0.0088297164747405,0.0000000000000000
0.0131808602996735,0.0008618687958669,0.0000000000000000
0.0097871309270141,0.0053100441513437,0.0000000000000000
0.0258158467558932,0.0038191194030211,0.0000000000000000
0.0232222699976735,0.0009386553165120,0.0000000000000000
0.0227743784271173,0.0010383645230409,0.0000000000000000
0.0235711629905547,0.0118702892031828,0.0000000000000000
0.0158155470532003,0.0141053688986009,0.0000000000000000
0.0260408710498463,0.0026737528826579,0.0000000000000000
0.0257908747662920,0.0024358479610784,0.0000000000000000
0.0255670193005947,0.0010636825052781,0.0000000000000000
0.0217004163559910,0.0138218246551622,0.0000000000000000
0.0241361290438479,0.0038747357435816,0.0000000000000000
0.0100978709119478,0.0075696438011928,0.0000000000000000
0.0228491130869293,0.0132296194885562,0.0000000000000000
0.0254851655798218,0.0032353169188690,0.0000000000000000
0.0240846614593003,0.0032624923751433,0.0000000000000000
0.0213897715809533,0.0007155058445968,0.0000000000000000
0.0189389003622765,0.0173187450224644,0.0000000000000000
0.0209719525794594,0.0134986293406232,0.0000000000000000
0.0207826885520051,0.0135782059575696,0.0000000000000000
0.0268486781556901,0.0011634142806127,0.0000000000000000
0.0268576834664873,0.0008681372260044,0.0000000000000000
0.0265660050512867,0.0041390694583748,0.0000000000000000
0.0268287263642337,0.0016087461542040,0.0000000000000000
0.0267988967625764,0.0019041218009350,0.0000000000000000
0.0151731582278011,0.0008016447009096,0.0000000000000000
0.0249126156815299,0.0024926275767184,0.0000000000000000
0.0236138457019161,0.0098618286798388,0.0000000000000000
0.0191283606552810,0.0147763111421056,0.0000000000000000
0.0190737662555690,0.0137103448031827,0.0000000000000000
0.0221821542452462,0.0015903801886155,0.0000000000000000
0.0210745674444044,0.0128709508154152,0.0000000000000000
0.0200404207698125,0.0067746974221656,0.0000000000000000
0.0206079133205944,0.0134434845466976,0.0000000000000000
0.0230708084104150,0.0019319506559502,0.0000000000000000
0.0195616086084952,0.0174082708983468,0.0000000000000000
0.0242248285553811,0.0028357818049286,0.0000000000000000
0.0208538905148475,0.0007498871601417,0.0000000000000000
0.0195774191085184,0.0144049454899193,0.0000000000000000
0.0111262119082348,0.0038626938104052,0.0000000000000000
0.0201144345778128,0.0146192922545715,0.0000000000000000
0.0232610947269557,0.0030042695652116,0.0000000000000000
0.0230627037259315,0.0028294328458081,0.0000000000000000
0.0252518581534499,0.0079685664637488,0.0000000000000000
0.0164152960765182,0.0066536949946696,0.0000000000000000
0.0172267454373616,0.0064650572937525,0.0000000000000000
0.0206143023194589,0.0165707312921506,0.0000000000000000
0.0201275286204669,0.0054031783411243,0.0000000000000000
0.0256933359528438,0.0016491846425213,0.0000000000000000
0.0180664390902522,0.0124771187305339,0.0000000000000000
0.0267180667950656,0.0029373249857338,0.0000000000000000
0.0222499223729160,0.0150606028587340,0.0000000000000000
0.0143194894107874,0.0138940021733613,0.0000000000000000
0.0220088720055000,0.0154315834476936,0.0000000000000000
0.0225798702140659,0.0145684002041866,0.0000000000000000
0.0224177478988816,0.0148166596284057,0.0000000000000000
0.0228901354929717,0.0140682855044141,0.0000000000000000
0.0230548709775793,0.0138184830010557,0.0000000000000000
0.0199078875220976,0.0171241488426064,0.0000000000000000
0.0195654976852909,0.0184249629723630,0.0000000000000000
0.0192537086780152,0.0187400386182539,0.0000000000000000
0.0202110187960732,0.0160990223855078,0.0000000000000000
0.0200726305955886,0.0178763530029710,0.0000000000000000
0.0228684654872004,0.0042377873459899,0.0000000000000000
0.0232367337791362,0.0015221705976458,0.0000000000000000
0.0202652109822500,0.0176539760075861,0.0000000000000000
0.0211958447227098,0.0157740582545316,0.0000000000000000
0.0199078792365479,0.0126941486361597,0.0000000000000000
0.0121451193948186,0.0021835616658522,0.0000000000000000
0.0231972350701973,0.0135613332298436,0.0000000000000000
0.0208038427413297,0.0161681573745346,0.0000000000000000
0.0178881204931743,0.0117752527046554,0.0000000000000000
0.0215852386044106,0.0120255712539492,0.0000000000000000
0.0194448014398976,0.0007302844002229,0.0000000000000000
0.0205766359664465,0.0156040743491820,0.0000000000000000
0.0190773727117096,0.0152308389389887,0.0000000000000000
0.0147306620409033,0.0119096038717658,0.0000000000000000
0.0198449646347209,0.0086358585904771,0.0000000000000000
0.0208655724344186,0.0144386674610888,0.0000000000000000
0.0160448036572811,0.0125160561013638,0.0000000000000000
0.0215591207972017,0.0149938672497705,0.0000000000000000
0.0240523409646991,0.0119957370829021,0.0000000000000000
0.0190083115064450,0.0141827900414336,0.0000000000000000
0.0237548381637100,0.0125239679666736,0.0000000000000000
0.0207904292625979,0.0148156091682033,0.0000000000000000
0.0244393537762801,0.0111942177307877,0.0000000000000000
0.0245537522448873,0.0109204732845984,0.0000000000000000
0.0173521591567521,0.0121070515925288,0.0000000000000000
0.0211318576036213,0.0136171879251547,0.0000000000000000
0.0153804208726808,0.0106285177382830,0.0000000000000000
0.0243155534911627,0.0114592478455979,0.0000000000000000
0.0263508191868436,0.0052819488454489,0.0000000000000000
0.0189472513470219,0.0130281634810055,0.0000000000000000
0.0174461114314984,0.0129371843549659,0.0000000000000000
0.0247974528760797,0.0103740283529703,0.0000000000000000
0.0249054692805946,0.0100841606741027,0.0000000000000000
0.0250301806286201,0.0098338550048751,0.0000000000000000
0.0221839515972696,0.0136345664590527,0.0000000000000000
0.0191186467780891,0.0120323689643403,0.0000000000000000
0.0188634214240398,0.0121242088626974,0.0000000000000000
0.0210869101052277,0.0139970068742093,0.0000000000000000
0.0246715622410668,0.0106490769551932,0.0000000000000000
0.0251047913042842,0.0095538697518555,0.0000000000000000
0.0143664515143954,0.0102061081143583,0.0000000000000000
0.0117778987924557,0.0107137527385007,0.0000000000000000
0.0256119082430777,0.0033931853539041,0.0000000000000000
0.0205869823528180,0.0138214178233562,0.0000000000000000
0.0224009511110963,0.0132429182904546,0.0000000000000000
0.0195529006497495,0.0158457666924459,0.0000000000000000
0.0253569188664052,0.0088272852931002,0.0000000000000000
0.0219140785404384,0.0120443661889737,0.0000000000000000
0.0184070054123433,0.0177011974435729,0.0000000000000000
0.0173756949085963,0.0155048486866429,0.0000000000000000
0.0177204936062157,0.0148998588349022,0.0000000000000000
0.0256960074874003,0.0078539575305874,0.0000000000000000
0.0257848191856079,0.0075794751116992,0.0000000000000000
0.0260509701695034,0.0065949054027368,0.0000000000000000
0.0166079485068416,0.0145365706006674,0.0000000000000000
0.0197438966915187,0.0037230345105907,0.0000000000000000
0.0265049697710875,0.0034584841159291,0.0000000000000000
0.0268353875780641,0.0013131626013748,0.0000000000000000
0.0262944648028954,0.0055835781455793,0.0000000000000000
0.0175389311357566,0.0158961978735603,0.0000000000000000
0.0206351576058641,0.0132431959535883,0.0000000000000000
0.0179422275856419,0.0171656355655788,0.0000000000000000
0.0209580716341169,0.0112467416248344,0.0000000000000000
0.0177032101643565,0.0162614201453868,0.0000000000000000
0.0227135552672494,0.0106779825276727,0.0000000000000000
0.0265876479054675,0.0028509570210330,0.0000000000000000
0.0179854317679159,0.0136261771129322,0.0000000000000000
0.0214785011212277,0.0143815335309866,0.0000000000000000
0.0204479333001887,0.0100819527844856,0.0000000000000000
0.0164863948239167,0.0135311996077453,0.0000000000000000
0.0234542058194688,0.0085489067470672,0.0000000000000000
0.0234844691024096,0.0087733813608213,0.0000000000000000
0.0194413949534209,0.0098196652507096,0.0000000000000000
0.0217619485477604,0.0144046024420141,0.0000000000000000
0.0206567273970699,0.0090044768985672,0.0000000000000000
0.0185584747156074,0.0167519389905453,0.0000000000000000
0.0112209588914522,0.0013046411816918,0.0000000000000000
0.0164722129866838,0.0153572014272367,0.0000000000000000
0.0213825771472001,0.0131478686428152,0.0000000000000000
0.0199600111446197,0.0124408167566659,0.0000000000000000
0.0243578417331216,0.0045942776689516,0.0000000000000000
0.0207875953565940,0.0084500193475856,0.0000000000000000
0.0200724468281218,0.0130633607567224,0.0000000000000000
0.0229958269158654,0.0102345316590217,0.0000000000000000
0.0231183454280175,0.0118577794400830,0.0000000000000000
0.0181333012008363,0.0076232115283234,0.0000000000000000
0.0238166504531014,0.0015832446769652,0.0000000000000000
0.0221759959031340,0.0115718468181116,0.0000000000000000
0.0170705420349876,0.0092964022566424,0.0000000000000000
0.0233608691010291,0.0114674705828601,0.0000000000000000
0.0231298137335375,0.0096437400260132,0.0000000000000000
0.0210240729510272,0.0073429737637350,0.0000000000000000
0.0250348159482893,0.0021216102231806,0.0000000000000000
0.0195181321547051,0.0075501221901568,0.0000000000000000
0.0187907861044327,0.0064046536654723,0.0000000000000000
0.0204197950747072,0.0122757142759999,0.0000000000000000
0.0253262511816630,0.0037882052051254,0.0000000000000000
0.0130629108010343,0.0029976706535806,0.0000000000000000
0.0209484751838617,0.0136938675357250,0.0000000000000000
0.0101069298742053,0.0029673914282747,0.0000000000000000
0.0255918752812653,0.0045900500882724,0.0000000000000000
0.0111457228969939,0.0066736387112774,0.0000000000000000
0.0205286954778714,0.0126742264075501,0.0000000000000000
0.0234159152230837,0.0091992227066348,0.0000000000000000
0.0161745136387657,0.0118308959196925,0.0000000000000000
0.0182284226019978,0.0057933747485739,0.0000000000000000
0.0199444021760376,0.0155138786599636,0.0000000000000000
0.0095200160219357,0.0057852969055562,0.0000000000000000
0.0266686746129434,0.0023699569293755,0.0000000000000000
0.0213417090210843,0.0057884453657060,0.0000000000000000
0.0245210014465054,0.0083192110323662,0.0000000000000000
0.0237729965750632,0.0023663672377145,0.0000000000000000
0.0254914234215260,0.0049277448222390,0.0000000000000000
0.0238520123612316,0.0073977256873720,0.0000000000000000
0.0178458922920036,0.0166048190386536,0.0000000000000000
0.0216829871956026,0.0024573098245657,0.0000000000000000
0.0179516520152553,0.0007722884027662,0.0000000000000000
0.0170287609969523,0.0149108859015260,0.0000000000000000
0.0175825641985240,0.0055632425734266,0.0000000000000000
0.0220687846874311,0.0028534851005342,0.0000000000000000
0.0232104676307932,0.0055542302404540,0.0000000000000000
0.0169851168012496,0.0079232126162967,0.0000000000000000
0.0198159848323545,0.0107743408131554,0.0000000000000000
0.0214944549162916,0.0051570647858795,0.0000000000000000
0.0149413671284723,0.0075507797750868,0.0000000000000000
0.0255200584910510,0.0053904144796663,0.0000000000000000
0.0190185198008487,0.0179528851335409,0.0000000000000000
0.0246236636467800,0.0096995356064268,0.0000000000000000
0.0237773086345988,0.0075926425592839,0.0000000000000000
0.0188511356079407,0.0168249284110945,0.0000000000000000
0.0254196227613532,0.0057279590401442,0.0000000000000000
0.0228841992665425,0.0122516477872337,0.0000000000000000
0.0163411608328058,0.0127294986909227,0.0000000000000000
0.0176219422594322,0.0142167781711424,0.0000000000000000
0.0203909402351397,0.0027954934831053,0.0000000000000000
0.0194786216452728,0.0169482017423014,0.0000000000000000
0.0139650148825157,0.0038292913392384,0.0000000000000000
0.0233303641542414,0.0024939035111049,0.0000000000000000
0.0242015778288300,0.0059561067557494,0.0000000000000000
0.0229860507566583,0.0081225584614757,0.0000000000000000
0.0204294474671387,0.0118744166148302,0.0000000000000000
0.0238268887286958,0.0103623390489096,0.0000000000000000
0.0188483999079715,0.0137971942091177,0.0000000000000000
0.0157291221510436,0.0089866567725668,0.0000000000000000
0.0122029202789370,0.0056110151479940,0.0000000000000000
0.0249840817963625,0.0072538566174124,0.0000000000000000
0.0219627435335439,0.0023879476892070,0.0000000000000000
0.0242532800269796,0.0093321132863909,0.0000000000000000
0.0159096156464554,0.0008181394607495,0.0000000000000000
0.0165305188017431,0.0011369803304228,0.0000000000000000
0.0248200522558683,0.0058023138547772,0.0000000000000000
0.0181283363503563,0.0152094591612820,0.0000000000000000
0.0206578826162132,0.0117831769639382,0.0000000000000000
0.0215695289430716,0.0102552237237030,0.0000000000000000
0.0242532794427895,0.0057346024419499,0.0000000000000000
0.0204123167434691,0.0156700174612616,0.0000000000000000
0.0157381805732126,0.0129364503548729,0.0000000000000000
0.0221025119588876,0.0036330791677145,0.0000000000000000
0.0187012719417098,0.0049702731534136,0.0000000000000000
0.0228262686884437,0.0061218492835695,0.0000000000000000
0.0230323104071715,0.0053742835562029,0.0000000000000000
0.0221505129763788,0.0088023433656590,0.0000000000000000
0.0131946953938380,0.0105992020716714,0.0000000000000000
0.0190448887102033,0.0090646505654627,0.0000000000000000
0.0172810941297196,0.0007839518334481,0.0000000000000000
0.0246214689266193,0.0043270347839204,0.0000000000000000
0.0228979802684883,0.0138093112709593,0.0000000000000000
0.0227602980929894,0.0063970769492629,0.0000000000000000
0.0245143524248313,0.0047359231083302,0.0000000000000000
0.0233007026643447,0.0036761097290857,0.0000000000000000
0.0149409276675006,0.0092453055117404,0.0000000000000000
0.0205504291082278,0.0081897784802848,0.0000000000000000
0.0212199276662916,0.0161528535285379,0.0000000000000000
0.0226915528723320,0.0040369529350542,0.0000000000000000
0.0213715211598881,0.0153909389405494,0.0000000000000000
0.0244467232348163,0.0072436781526811,0.0000000000000000
0.0256107921467229,0.0081559069401679,0.0000000000000000
0.0219751895289758,0.0009367302360038,0.0000000000000000
0.0189992697278045,0.0023510113105450,0.0000000000000000
0.0210335227240162,0.0167473446484694,0.0000000000000000
0.0132850414276085,0.0045225420539436,0.0000000000000000
0.0241772104220068,0.0117151547679234,0.0000000000000000
0.0176021283643007,0.0084697895187020,0.0000000000000000
0.0228645927977685,0.0026536621753113,0.0000000000000000
0.0217850971763967,0.0155227935753669,0.0000000000000000
0.0221543803831722,0.0025874370568256,0.0000000000000000
0.0209731438166897,0.0021040452386004,0.0000000000000000
0.0244592735072040,0.0097482561063421,0.0000000000000000
0.0174172155779649,0.0140372437768993,0.0000000000000000
0.0212486637795570,0.0151300189117903,0.0000000000000000
0.0232344395710015,0.0128135734161055,0.0000000000000000
0.0128324449125613,0.0034145425106727,0.0000000000000000
0.0261543292554679,0.0006354764459842,0.0000000000000000
0.0262470846778057,0.0013536217744340,0.0000000000000000
0.0253013566914219,0.0060524429205013,0.0000000000000000
0.0141286631276742,0.0114198172206043,0.0000000000000000
0.0235299528602639,0.0018422344193955,0.0000000000000000
0.0190845399728937,0.0187000339187760,0.0000000000000000
0.0212721200641780,0.0149534344164311,0.0000000000000000
0.0230090013710040,0.0030664023520143,0.0000000000000000
0.0136811464562442,0.0119359674485344,0.0000000000000000
0.0187702342417264,0.0173850787598081,0.0000000000000000
0.0255151849343614,0.0016860174424255,0.0000000000000000
0.0139787473172296,0.0103508233960319,0.0000000000000000
0.0242798834231227,0.0085690934031048,0.0000000000000000
0.0236914502174002,0.0101971748024965,0.0000000000000000
0.0235746205557293,0.0010543978771261,0.0000000000000000
0.0251948957098525,0.0036521112727824,0.0000000000000000
0.0132697355087026,0.0098366277290912,0.0000000000000000
0.0108612872810081,0.0043287949124195,0.0000000000000000
0.0244837006434672,0.0084935402397509,0.0000000000000000
0.0188755672569109,0.0178448035531538,0.0000000000000000
0.0201204615378870,0.0020205605466528,0.0000000000000000
0.0219126675410795,0.0088656652872214,0.0000000000000000
0.0202363823974957,0.0098657895600351,0.0000000000000000
0.0241207236064446,0.0091612904324860,0.0000000000000000
0.0237323207813437,0.0112062245631048,0.0000000000000000
0.0237559133084532,0.0017895341666301,0.0000000000000000
0.0209810596207979,0.0029783551056181,0.0000000000000000
0.0235722719422508,0.0043087962003310,0.0000000000000000
0.0220537939147010,0.0135297692622093,0.0000000000000000
0.0257868522257608,0.0006290366129725,0.0000000000000000
0.0220943748344954,0.0153126742373311,0.0000000000000000
0.0234307683146183,0.0048248140303050,0.0000000000000000
0.0202300307836971,0.0170252795014872,0.0000000000000000
0.0244632100956198,0.0107943035215383,0.0000000000000000
0.0181652878742067,0.0102457724316697,0.0000000000000000
0.0156110499793981,0.0068673749926899,0.0000000000000000
0.0095583280231594,0.0029479938694074,0.0000000000000000
0.0244187898301388,0.0099096341858753,0.0000000000000000
0.0192024458672992,0.0018961050097799,0.0000000000000000
0.0193376779750883,0.0168272822201861,0.0000000000000000
0.0182307536346334,0.0177646711363632,0.0000000000000000
0.0249357096109098,0.0096074418224133,0.0000000000000000
0.0229885639684450,0.0117403836861420,0.0000000000000000
0.0203602982663923,0.0125209065699765,0.0000000000000000
0.0251566449906259,0.0029763002628581,0.0000000000000000
0.0230378621280869,0.0100268259704805,0.0000000000000000
0.0241095536200900,0.0063776067875797,0.0000000000000000
0.0232880479395684,0.0125731213321019,0.0000000000000000
0.0198090055500265,0.0154108693211059,0.0000000000000000
0.0136261106155581,0.0123207345579062,0.0000000000000000
0.0215980620513291,0.0117929936572921,0.0000000000000000
0.0251250699225296,0.0067521325419192,0.0000000000000000
0.0182267679665710,0.0072489505521312,0.0000000000000000
0.0200410905454401,0.0161756141308860,0.0000000000000000
0.0176762592676590,0.0164714292593691,0.0000000000000000
0.0170763026619286,0.0146520426880717,0.0000000000000000
0.0186351344031738,0.0120082307822717,0.0000000000000000
0.0089958896405327,0.0029267104199998,0.0000000000000000
0.0204305704473832,0.0168043290408360,0.0000000000000000
0.0187478655431697,0.0127984800815922,0.0000000000000000
0.0258658738763184,0.0072981813892445,0.0000000000000000
0.0240897112625255,0.0055292034918685,0.0000000000000000
0.0246242309825315,0.0079752493789919,0.0000000000000000
0.0264626824011792,0.0046818199314675,0.0000000000000000
0.0199825504527691,0.0142712049363728,0.0000000000000000
0.0188914879394238,0.0060237815211168,0.0000000000000000
0.0196180833949690,0.0083589395083570,0.0000000000000000
0.0220988029198188,0.0150744268577093,0.0000000000000000
0.0243938040070567,0.0088406902076006,0.0000000000000000
0.0215615583222416,0.0160355887029957,0.0000000000000000
0.0226006911859773,0.0119686982003010,0.0000000000000000
0.0095578090132723,0.0075718484909561,0.0000000000000000
0.0240602337039676,0.0065845212252518,0.0000000000000000
0.0188131767461634,0.0140347941860307,0.0000000000000000
0.0154060777606738,0.0086960320534770,0.0000000000000000
0.0257105782014334,0.0041771187426376,0.0000000000000000
0.0194661006777560,0.0185343552278474,0.0000000000000000
0.0260749507997139,0.0040427672172381,0.0000000000000000
0.0138899467529854,0.0129645183222676,0.0000000000000000
0.0248367761638685,0.0021498703278563,0.0000000000000000
0.0248311445551244,0.0077487207355731,0.0000000000000000
0.0126873898170460,0.0122131711404223,0.0000000000000000
0.0249150279829978,0.0075949463574467,0.0000000000000000
0.0174799482276373,0.0137854438948774,0.0000000000000000
0.0242983247330995,0.0048063125734348,0.0000000000000000
0.0266841407450128,0.0032351511017996,0.0000000000000000
0.0266806405001721,0.0018092859342948,0.0000000000000000
0.0181183782519611,0.0010816236532901,0.0000000000000000
0.0137396339203886,0.0115599209772432,0.0000000000000000
0.0188206444689985,0.0088051972300188,0.0000000000000000
0.0202332554497537,0.0050118009741269,0.0000000000000000
0.0191572853333913,0.0188483974302022,0.0000000000000000
0.0243749666231178,0.0090122182045510,0.0000000000000000
0.0164378180990442,0.0108347307454327,0.0000000000000000
0.0263212222211399,0.0016207757431181,0.0000000000000000
0.0094299923704147,0.0084020240797590,0.0000000000000000
0.0255082612553794,0.0080443707075676,0.0000000000000000
0.0211842832445207,0.0067201024235484,0.0000000000000000
0.0211156543239381,0.0160592084663653,0.0000000000000000
0.0233854312601862,0.0016806798849867,0.0000000000000000
0.0231942435594930,0.0108771348209231,0.0000000000000000
0.0247526432370441,0.0008617172830630,0.0000000000000000
0.0152394621640766,0.0148455666309469,0.0000000000000000
0.0237409708461740,0.0045255721002558,0.0000000000000000
0.0226431217732009,0.0117879542679870,0.0000000000000000
0.0239164734646730,0.0122567148302668,0.0000000000000000
0.0171691962322900,0.0089397697549469,0.0000000000000000
0.0208825654178225,0.0067906543346447,0.0000000000000000
0.0248927463937459,0.0097829265999812,0.0000000000000000
0.0209338373144918,0.0138794892133336,0.0000000000000000
0.0214066084733760,0.0100947250113035,0.0000000000000000
0.0238436502957295,0.0066854739913792,0.0000000000000000
0.0243934329532759,0.0053469129141563,0.0000000000000000
0.0255537087252937,0.0078791046989124,0.0000000000000000
0.0257217962160487,0.0073384571608773,0.0000000000000000
0.0228920450286075,0.0098713551280184,0.0000000000000000
0.0223829425647746,0.0060361451829373,0.0000000000000000
0.0268660589458224,0.0007301489593876,0.0000000000000000
0.0244230401341204,0.0051456256716111,0.0000000000000000
0.0168472778556328,0.0162072703449118,0.0000000000000000
0.0263956665393426,0.0050006063864225,0.0000000000000000
0.0243734909940141,0.0100731270764676,0.0000000000000000
0.0233595695449762,0.0050692725619741,0.0000000000000000
0.0262665454070450,0.0017818011822808,0.0000000000000000
0.0186564028469901,0.0136503357219603,0.0000000000000000
0.0239640346329730,0.0069977758842087,0.0000000000000000
0.0214265024441043,0.0148919611364356,0.0000000000000000
0.0165875114646063,0.0101460390250993,0.0000000000000000
0.0227452235787629,0.0121228269310055,0.0000000000000000
0.0236950957155305,0.0072059235746156,0.0000000000000000
0.0219874721385013,0.0013896182873788,0.0000000000000000
0.0227302143611299,0.0031547471227833,0.0000000000000000
0.0244126131517140,0.0043862802341502,0.0000000000000000
0.0233786772979584,0.0108139326274165,0.0000000000000000
0.0232776120676279,0.0090685525153054,0.0000000000000000
0.0259052303478512,0.0071542499556990,0.0000000000000000
0.0150075041742714,0.0088115534448203,0.0000000000000000
0.0199283817322706,0.0009320124840488,0.0000000000000000
0.0224387584436975,0.0129113648575567,0.0000000000000000
0.0209633606892251,0.0079047645919490,0.0000000000000000
0.0205998881400237,0.0154258856888163,0.0000000000000000
0.0186232645529759,0.0172715184713137,0.0000000000000000
0.0195562397435745,0.0166130045515378,0.0000000000000000
0.0182273757118694,0.0016988529550675,0.0000000000000000
0.0212533004829974,0.0117648294677763,0.0000000000000000
0.0250271330506668,0.0070950384073720,0.0000000000000000
0.0171329529364642,0.0010943720469420,0.0000000000000000
0.0168626040043117,0.0144538777316778,0.0000000000000000
0.0245864056190860,0.0073926418240921,0.0000000000000000
0.0106313929968773,0.0008095645712067,0.0000000000000000
0.0236480585270548,0.0127724844324040,0.0000000000000000
0.0214438924428456,0.0147258165601955,0.0000000000000000
0.0203853601809579,0.0046322036548735,0.0000000000000000
0.0198121924032310,0.0141105573592560,0.0000000000000000
0.0136191759289010,0.0100554026002913,0.0000000000000000
0.0205674210596409,0.0095359734543275,0.0000000000000000
0.0260929482476042,0.0018515641790384,0.0000000000000000
0.0266709776818637,0.0033812392076629,0.0000000000000000
0.0224588265488731,0.0076246023934732,0.0000000000000000
0.0185639215410762,0.0007159345623453,0.0000000000000000
0.0198550967231556,0.0164404631162393,0.0000000000000000
0.0189166523909801,0.0118742465713389,0.0000000000000000
0.0224158916306091,0.0113065079065456,0.0000000000000000
0.0090291908991514,0.0058204432301943,0.0000000000000000
0.0081983616043781,0.0060409994655851,0.0000000000000000
0.0240569352382874,0.0026666504220995,0.0000000000000000
0.0254883734600022,0.0013853179763970,0.0000000000000000
0.0184711515053370,0.0020128506300345,0.0000000000000000
0.0258463922090797,0.0044029355634244,0.0000000000000000
0.0184893573494232,0.0045731552908588,0.0000000000000000
0.0255995439196518,0.0077011168413641,0.0000000000000000
0.0202771736456429,0.0174208743079778,0.0000000000000000
0.0205674630733702,0.0173187448707677,0.0000000000000000
0.0258017805137812,0.0070488941565240,0.0000000000000000
0.0220452507225257,0.0092747770479559,0.0000000000000000
0.0254278349638671,0.0046270167942048,0.0000000000000000
0.0183565704222305,0.0121288587261252,0.0000000000000000
0.0250025126829184,0.0036966090011107,0.0000000000000000
0.0201112189574252,0.0176339286768432,0.0000000000000000
0.0259961753995157,0.0063353498255444,0.0000000000000000
0.0228634227944656,0.0115132277843097,0.0000000000000000
0.0190517031917306,0.0125182945754495,0.0000000000000000
0.0206538203372789,0.0021704924300716,0.0000000000000000
0.0183166026182187,0.0053398110113896,0.0000000000000000
0.0179368163202961,0.0069815269630009,0.0000000000000000
0.0147557473552469,0.0134793015513551,0.0000000000000000
0.0237403166608906,0.0079973929091563,0.0000000000000000
0.0249893718786927,0.0032299196679196,0.0000000000000000
0.0217435143233312,0.0158160533657964,0.0000000000000000
0.0221646457917664,0.0077096889237516,0.0000000000000000
0.0238154352157485,0.0026895927192534,0.0000000000000000
0.0160417538902471,0.0149963009034785,0.0000000000000000
0.0172388693769701,0.0085649730636650,0.0000000000000000
0.0166351291111037,0.0008019639535607,0.0000000000000000
0.0261349812154220,0.0062930386191659,0.0000000000000000
0.0207025916328498,0.0075026914464245,0.0000000000000000
0.0141690835652539,0.0025839541846159,0.0000000000000000
0.0222809613496239,0.0148139635675120,0.0000000000000000
0.0149874767469490,0.0137391343461641,0.0000000000000000
0.0258899850840418,0.0066736882313224,0.0000000000000000
0.0213239988493419,0.0163885221724824,0.0000000000000000
0.0157666425917466,0.0021121590238866,0.0000000000000000
0.0184760326079494,0.0171489380828244,0.0000000000000000
0.0244118241999308,0.0109466081352627,0.0000000000000000
0.0213108195192073,0.0146171707839658,0.0000000000000000
0.0223564080056729,0.0006605635262662,0.0000000000000000
0.0242567504643802,0.0042311071506125,0.0000000000000000
0.0220372669166973,0.0083254151038100,0.0000000000000000
0.0222124295199388,0.0085476370953823,0.0000000000000000
0.0146400232940567,0.0084433085699743,0.0000000000000000
0.0259236026737310,0.0040854531402363,0.0000000000000000
0.0204696085496841,0.0153202750782364,0.0000000000000000
0.0259813472743243,0.0028501527550352,0.0000000000000000
0.0265130610715790,0.0045558088121474,0.0000000000000000
0.0201064963659249,0.0169203713818712,0.0000000000000000
0.0210357172159199,0.0165053395192996,0.0000000000000000
0.0232804897688222,0.0111804705789051,0.0000000000000000
0.0234094405582974,0.0008748737997597,0.0000000000000000
0.0186187549605630,0.0057323165945394,0.0000000000000000
0.0219674626743832,0.0095277183262390,0.0000000000000000
0.0189502162464610,0.0185860852882354,0.0000000000000000
0.0217350143946343,0.0096187216669986,0.0000000000000000
0.0248188688756502,0.0099324726678268,0.0000000000000000
0.0091535884430325,0.0020380070814971,0.0000000000000000
0.0249417784713745,0.0068231752851998,0.0000000000000000
0.0253746576659881,0.0047988529480141,0.0000000000000000
0.0198720587393212,0.0180944014314659,0.0000000000000000
0.0188995549928730,0.0010837052721286,0.0000000000000000
0.0184857042833778,0.0134802209697664,0.0000000000000000
0.0150929188436678,0.0142831739673787,0.0000000000000000
0.0200780569508609,0.0043390403801728,0.0000000000000000
0.0256880091535525,0.0074803757956637,0.0000000000000000
0.0226101251838977,0.0092876850584390,0.0000000000000000
0.0231047411978888,0.0051382153453586,0.0000000000000000
0.0224459753058286,0.0057543559308126,0.0000000000000000
0.0187649044902485,0.0160106021897880,0.0000000000000000
0.0262985438553147,0.0006041111385495,0.0000000000000000
0.0144156799783961,0.0008011152834811,0.0000000000000000
0.0267384992483289,0.0010713764629036,0.0000000000000000
0.0211737347182206,0.0052260445901854,0.0000000000000000
0.0196057119069432,0.0009775717912967,0.0000000000000000
0.0192206621828765,0.0186032411266202,0.0000000000000000
0.0199315953548200,0.0178442990966026,0.0000000000000000
0.0232398411372592,0.0113554801030733,0.0000000000000000
0.0135004412825599,0.0038013954880678,0.0000000000000000
0.0207715745831626,0.0137588174070112,0.0000000000000000
0.0166496534332441,0.0142534261420231,0.0000000000000000
0.0260080142395489,0.0068820612794665,0.0000000000000000
0.0239748483439522,0.0118823233160327,0.0000000000000000
0.0218300169201774,0.0011629412499951,0.0000000000000000
0.0224097329093473,0.0015125211322120,0.0000000000000000
0.0203928408817047,0.0169680606233872,0.0000000000000000
0.0196427039927758,0.0139370313953167,0.0000000000000000
0.0180908850848364,0.0176399677251798,0.0000000000000000
0.0146141129576830,0.0011182324721602,0.0000000000000000
0.0101695303020132,0.0013436441558464,0.0000000000000000
0.0259462031030127,0.0064977310427933,0.0000000000000000
0.0229213896746796,0.0017630936816246,0.0000000000000000
0.0175686730112334,0.0070876535918762,0.0000000000000000
0.0225661123977222,0.0062301705461223,0.0000000000000000
0.0226418455616356,0.0110485804998651,0.0000000000000000
0.0207983628878687,0.0071593404676752,0.0000000000000000
0.0185097019185747,0.0169555067322821,0.0000000000000000
0.0242133781050698,0.0101246963247355,0.0000000000000000
0.0239120341911570,0.0006472131070478,0.0000000000000000
0.0088179319202776,0.0076258059799904,0.0000000000000000
0.0213336628601958,0.0144343169791821,0.0000000000000000
0.0218765015245161,0.0026525170506476,0.0000000000000000
0.0252133872443261,0.0090873332146310,0.0000000000000000
0.0141697076881350,0.0090931602359051,0.0000000000000000
0.0225243432215862,0.0054932977627844,0.0000000000000000
0.0209449235876812,0.0168633495468836,0.0000000000000000
0.0189662703568931,0.0116210880760395,0.0000000000000000
0.0139507969178247,0.0125743469931343,0.0000000000000000
0.0267721109453846,0.0026472383977950,0.0000000000000000
0.0243009165078485,0.0112078033168735,0.0000000000000000
0.0245746544001167,0.0008731684936855,0.0000000000000000
0.0126574912499648,0.0115469274617512,0.0000000000000000
0.0245150501690508,0.0010378502505237,0.0000000000000000
0.0265768626549095,0.0031351329960860,0.0000000000000000
0.0207612963018179,0.0170949012242836,0.0000000000000000
0.0225084945310741,0.0108984501080764,0.0000000000000000
0.0248804433746838,0.0035553490844244,0.0000000000000000
0.0229082702956928,0.0091598756596247,0.0000000000000000
0.0212136982347125,0.0154706919051012,0.0000000000000000
0.0248948796855169,0.0006219265145797,0.0000000000000000
0.0186944594926350,0.0182516125024033,0.0000000000000000
0.0267093387241551,0.0016577902261499,0.0000000000000000
0.0109051258501103,0.0070374183070283,0.0000000000000000
0.0231545416147804,0.0017250434353752,0.0000000000000000
0.0164874888263826,0.0070318230891269,0.0000000000000000
0.0247012821121129,0.0017796810969001,0.0000000000000000
0.0195756102382380,0.0108886826762383,0.0000000000000000
0.0195358338552286,0.0182950973474862,0.0000000000000000
0.0206162584877054,0.0122277077572188,0.0000000000000000
0.0246417560604725,0.0011913525428648,0.0000000000000000
0.0261691911774291,0.0061381630769725,0.0000000000000000
0.0150067814330787,0.0011170345952809,0.0000000000000000
0.0191730917428935,0.0006967122084429,0.0000000000000000
0.0265398458116817,0.0023958755353638,0.0000000000000000
0.0166427933916356,0.0160492074345693,0.0000000000000000
0.0166924439449712,0.0139946448654970,0.0000000000000000
0.0190323617776918,0.0158471755436504,0.0000000000000000
0.0230287265071187,0.0089067093811873,0.0000000000000000
0.0174435176746648,0.0172428694575828,0.0000000000000000
0.0247683649350437,0.0100874790940939,0.0000000000000000
0.0224919674618449,0.0065275985036801,0.0000000000000000
0.0223826833438730,0.0081089407338032,0.0000000000000000
0.0237177760034309,0.0123938434610285,0.0000000000000000
0.0216144898213142,0.0128776927643233,0.0000000000000000
0.0230507119872942,0.0135874857334215,0.0000000000000000
0.0203580763862960,0.0022173237826449,0.0000000000000000
0.0140286043500599,0.0007848279721905,0.0000000000000000
0.0253200494012338,0.0031188372476585,0.0000000000000000
0.0223083315743246,0.0044173624732055,0.0000000000000000
0.0157526156136349,0.0150904261872235,0.0000000000000000
0.0134709145683017,0.0089131614124345,0.0000000000000000
0.0246052669069989,0.0013795441916188,0.0000000000000000
0.0219659052745823,0.0142237811484302,0.0000000000000000
0.0240917371685553,0.0100132888899027,0.0000000000000000
0.0125565780102307,0.0046615166851929,0.0000000000000000
0.0222826737572441,0.0131600255238291,0.0000000000000000
0.0230086113944104,0.0130026878360982,0.0000000000000000
0.0154035227617024,0.0011062432955234,0.0000000000000000
0.0192219302469195,0.0115191008242052,0.0000000000000000
0.0146351979916063,0.0089615168187035,0.0000000000000000
0.0263768586106868,0.0043774582083844,0.0000000000000000
0.0252462155253552,0.0088876521478303,0.0000000000000000
0.0125320590948609,0.0104227965531266,0.0000000000000000
0.0197647120032766,0.0182194636056915,0.0000000000000000
0.0267950763700980,0.0023467506511280,0.0000000000000000
0.0067140226412473,0.0059753471893107,0.0000000000000000
0.0255793693466809,0.0083019067331544,0.0000000000000000
0.0205892205291296,0.0136343679550862,0.0000000000000000
0.0230667642971404,0.0114239730506585,0.0000000000000000
0.0226350058277994,0.0008843062557958,0.0000000000000000
0.0240964163575202,0.0040816584977596,0.0000000000000000
0.0229426254753379,0.0096861838638480,0.0000000000000000
0.0264306413194811,0.0022797448649275,0.0000000000000000
0.0164570799471953,0.0014719082016525,0.0000000000000000
0.0192854325419047,0.0112589914271753,0.0000000000000000
0.0228424305462709,0.0139496095401382,0.0000000000000000
0.0224526617710354,0.0145735202885367,0.0000000000000000
0.0252282046961041,0.0048462751520597,0.0000000000000000
0.0203435830098579,0.0093275996375605,0.0000000000000000
0.0216715774121704,0.0127088861289645,0.0000000000000000
0.0260712516298584,0.0060122451899979,0.0000000000000000
0.0190302552236629,0.0156636652888445,0.0000000000000000
0.0199191879508429,0.0137206185156455,0.0000000000000000
0.0230944015673139,0.0037476597919625,0.0000000000000000
0.0223567842935077,0.0071283688400963,0.0000000000000000
0.0212879767288244,0.0115064313089803,0.0000000000000000
0.0236700033451135,0.0073932389117753,0.0000000000000000
0.0215513871301953,0.0112346603293816,0.0000000000000000
0.0087845375444914,0.0033814365817278,0.0000000000000000
0.0254088526706118,0.0083662790852554,0.0000000000000000
0.0235190243888611,0.0130587061208454,0.0000000000000000
0.0189407568794465,0.0148327900153016,0.0000000000000000
0.0220558555031700,0.0130268182111762,0.0000000000000000
0.0088143300104959,0.0008618576803039,0.0000000000000000
0.0225463103790182,0.0073686302577668,0.0000000000000000
0.0234282722219640,0.0124813246541457,0.0000000000000000
0.0157262924233134,0.0010773643321888,0.0000000000000000
0.0214791849607899,0.0124831382273694,0.0000000000000000
0.0164815434044381,0.0137994699598476,0.0000000000000000
0.0264600557855172,0.0007749244172954,0.0000000000000000
0.0240018915358488,0.0111054130255658,0.0000000000000000
0.0096930702039624,0.0008040027837563,0.0000000000000000
0.0255486870019831,0.0007831847390441,0.0000000000000000
0.0138276734768751,0.0011014541793827,0.0000000000000000
0.0186789631832499,0.0037756774741354,0.0000000000000000
0.0195301261145111,0.0111625342956551,0.0000000000000000
0.0169166998899661,0.0082867031815057,0.0000000000000000
0.0242414218100134,0.0113315204064522,0.0000000000000000
0.0226997986627466,0.0068929047221443,0.0000000000000000
0.0253678699973964,0.0054452663933045,0.0000000000000000
0.0085855008610721,0.0067826796619501,0.0000000000000000
0.0200484100444520,0.0006954675044531,0.0000000000000000
0.0161767333714679,0.0136112866059267,0.0000000000000000
0.0189000998710343,0.0153268182548362,0.0000000000000000
0.0181042967757764,0.0122038347943213,0.0000000000000000
0.0231658646779753,0.0131719356913426,0.0000000000000000
0.0266401369649279,0.0036552477177115,0.0000000000000000
0.0181249593243784,0.0174601589578955,0.0000000000000000
0.0218312139465319,0.0142334449591600,0.0000000000000000
0.0174984556945470,0.0010512637799458,0.0000000000000000
0.0249674844706923,0.0049584790263211,0.0000000000000000
0.0181252993623081,0.0108036190971581,0.0000000000000000
0.0221816924025626,0.0009578004448583,0.0000000000000000
0.0182563364183862,0.0162865439068528,0.0000000000000000
0.0189254333124464,0.0151034767344296,0.0000000000000000
0.0250889724879242,0.0053641992955800,0.0000000000000000
0.0201946366791830,0.0151178898378103,0.0000000000000000
0.0206917410893252,0.0145001082170668,0.0000000000000000
0.0227703565033671,0.0016048495686446,0.0000000000000000
0.0247188602643179,0.0102446543329976,0.0000000000000000
0.0119968585449770,0.0116051349014394,0.0000000000000000
0.0188194746293138,0.0184729640113814,0.0000000000000000
0.0215957441553062,0.0027452433172789,0.0000000000000000
0.0217415675854385,0.0123168740733800,0.0000000000000000
0.0170229890516162,0.0059940184255687,0.0000000000000000
0.0158053893743321,0.0126625639696350,0.0000000000000000
0.0261562262883498,0.0056556938470639,0.0000000000000000
0.0204171538326871,0.0135138606190429,0.0000000000000000
0.0114557921676343,0.0109584189976900,0.0000000000000000
0.0193703651962838,0.0164075087032762,0.0000000000000000
0.0243583993454797,0.0110835892741796,0.0000000000000000
0.0204354769809902,0.0120697181972734,0.0000000000000000
0.0247280784947482,0.0014896235234547,0.0000000000000000
0.0217415419777170,0.0121390017751028,0.0000000000000000
0.0197954362171237,0.0040619328741058,0.0000000000000000
0.0228418857932073,0.0052118661091341,0.0000000000000000
0.0216828376626411,0.0098365878345471,0.0000000000000000
0.0266214542541664,0.0024889449153387,0.0000000000000000
0.0175008439369620,0.0163535612262067,0.0000000000000000
0.0256204843418108,0.0006363624083005,0.0000000000000000
0.0170878287141516,0.0165375053375942,0.0000000000000000
0.0239389837919432,0.0100578390863190,0.0000000000000000
0.0258127486778817,0.0029126870773723,0.0000000000000000
0.0166071993556472,0.0080223225498067,0.0000000000000000
0.0133146493401410,0.0102391475374849,0.0000000000000000
0.0255055811884553,0.0085837007735688,0.0000000000000000
0.0200509522343259,0.0116592125496932,0.0000000000000000
0.0209217384303347,0.0049718184579104,0.0000000000000000
0.0263504891834716,0.0029440481228983,0.0000000000000000
0.0241122191105892,0.0006339806298069,0.0000000000000000
0.0187260356685984,0.0167214028604106,0.0000000000000000
0.0251072813735681,0.0007904869571493,0.0000000000000000
0.0178276127580641,0.0112342860777834,0.0000000000000000
0.0263172073781187,0.0021636708693580,0.0000000000000000
0.0178992709634115,0.0120260803114144,0.0000000000000000
0.0228024970163485,0.0095403968088028,0.0000000000000000
0.0200331257771434,0.0166637004803729,0.0000000000000000
0.0179603901255751,0.0055622125319742,0.0000000000000000
0.0133468151100179,0.0124829312877784,0.0000000000000000
0.0118859286166883,0.0059748674342175,0.0000000000000000
0.0172710652292998,0.0164456783627548,0.0000000000000000
0.0155065377909493,0.0151901959648935,0.0000000000000000
0.0159182204940326,0.0143291089943709,0.0000000000000000
0.0206572479614404,0.0169028385151887,0.0000000000000000
0.0236162927661616,0.0126154635849902,0.0000000000000000
0.0225615993540777,0.0107483437453700,0.0000000000000000
0.0156496988100777,0.0072992126606236,0.0000000000000000
0.0268824004387614,0.0006101742280736,0.0000000000000000
0.0228730775182464,0.0008630580911672,0.0000000000000000
0.0266121062222073,0.0030033922517548,0.0000000000000000
0.0201516838969303,0.0113174427878424,0.0000000000000000
0.0134424396979586,0.0011021666739405,0.0000000000000000
0.0262405626046638,0.0053328213888624,0.0000000000000000
0.0218864575473565,0.0154319047575925,0.0000000000000000
0.0153216384117369,0.0020656397377373,0.0000000000000000
0.0265332968350526,0.0038760894306289,0.0000000000000000
0.0182603234254657,0.0159795607169213,0.0000000000000000
0.0215417530478657,0.0030032663662716,0.0000000000000000
0.0246714630452817,0.0104062952895180,0.0000000000000000
0.0154566660374738,0.0141687728529492,0.0000000000000000
0.0148462484504644,0.0132024104382861,0.0000000000000000
0.0190913490702456,0.0189392899179370,0.0000000000000000
0.0230789125224284,0.0127700298626323,0.0000000000000000
0.0162325322594871,0.0160072186874077,0.0000000000000000
0.0262007751915825,0.0054891231345422,0.0000000000000000
0.0233608799860450,0.0074037456689219,0.0000000000000000
0.0220165218354460,0.0108666427504237,0.0000000000000000
0.0251285403326550,0.0052008834700180,0.0000000000000000
0.0224690199468381,0.0040158104965302,0.0000000000000000
0.0153219219832694,0.0075695271488928,0.0000000000000000
0.0143464658954499,0.0029353162555123,0.0000000000000000
0.0177357895780084,0.0171874354234307,0.0000000000000000
0.0265717680132271,0.0042664911715779,0.0000000000000000
0.0206873268043293,0.0109109656493198,0.0000000000000000
0.0204565474435034,0.0109625202288619,0.0000000000000000
0.0219946461867979,0.0139987952288206,0.0000000000000000
0.0215620789488167,0.0110514731694812,0.0000000000000000
0.0242355881031646,0.0111085142439195,0.0000000000000000
0.0267650046469795,0.0009413557664381,0.0000000000000000
0.0203348752400356,0.0152159491468109,0.0000000000000000
0.0226599696103623,0.0141699126028153,0.0000000000000000
0.0187584037349420,0.0147061713353160,0.0000000000000000
0.0092008195763765,0.0087122665995116,0.0000000000000000
0.0239327269791184,0.0120118515875801,0.0000000000000000
0.0247972128014383,0.0068762043219518,0.0000000000000000
0.0233809942753106,0.0133181351181149,0.0000000000000000
0.0228802361433831,0.0116473712992101,0.0000000000000000
0.0219327992821899,0.0134481077299638,0.0000000000000000
0.0083489681156430,0.0070902451288364,0.0000000000000000
0.0199957211312573,0.0151795921113112,0.0000000000000000
0.0202274869968477,0.0175453086865150,0.0000000000000000
0.0241956717111470,0.0114781343682318,0.0000000000000000
0.0262214300929778,0.0020545036407070,0.0000000000000000
0.0262649309533723,0.0058701388045070,0.0000000000000000
0.0215347469114960,0.0008964920386130,0.0000000000000000
0.0239091223571950,0.0041357727694475,0.0000000000000000
0.0257616847001521,0.0030709901210869,0.0000000000000000
0.0248291777344752,0.0032454977732359,0.0000000000000000
0.0176750643661946,0.0116371119132301,0.0000000000000000
0.0174382065222673,0.0169389707515770,0.0000000000000000
0.0184170543261905,0.0182651495439032,0.0000000000000000
0.0267371155446765,0.0015319215424251,0.0000000000000000
0.0254889965432513,0.0009520116983491,0.0000000000000000
0.0215934426353791,0.0135824012582391,0.0000000000000000
0.0219797677124730,0.0132630290287999,0.0000000000000000
0.0220611350128513,0.0106741735894943,0.0000000000000000
0.0211444230404727,0.0111936076912431,0.0000000000000000
0.0217818181011344,0.0109579691247614,0.0000000000000000
0.0237155493353679,0.0025325537886186,0.0000000000000000
0.0256703898685985,0.0076065964206107,0.0000000000000000
0.0210919947761913,0.0158360914812032,0.0000000000000000
0.0092335540244422,0.0013257497728057,0.0000000000000000
0.0266003625278256,0.0007403106957831,0.0000000000000000
0.0222765849000813,0.0105916429377494,0.0000000000000000
0.0253178102259388,0.0086776192295602,0.0000000000000000
0.0217682205585633,0.0135081368059691,0.0000000000000000
0.0227765852458994,0.0143418803396558,0.0000000000000000
0.0247877327008340,0.0034181088139318,0.0000000000000000
0.0172956220912612,0.0068523998432447,0.0000000000000000
0.0193289835178152,0.0037568104840744,0.0000000000000000
0.0160211282900296,0.0139735189816171,0.0000000000000000
0.0199044189040711,0.0135476260075619,0.0000000000000000
0.0203376240431886,0.0112971592960205,0.0000000000000000
0.0268260500848551,0.0022037713970695,0.0000000000000000
0.0197908950938572,0.0152534844500847,0.0000000000000000
0.0215636136451104,0.0137709376961146,0.0000000000000000
0.0218686809607638,0.0156529438072050,0.0000000000000000
0.0220557465788262,0.0152015409170122,0.0000000000000000
0.0128118436317519,0.0007273901661468,0.0000000000000000
0.0194008931184334,0.0107498373570878,0.0000000000000000
0.0189342047459951,0.0164120690164323,0.0000000000000000
0.0215414117341996,0.0158892203257634,0.0000000000000000
0.0177917580309623,0.0009891538652002,0.0000000000000000
0.0248216514803367,0.0018491616008792,0.0000000000000000
0.0162409463879480,0.0081041262647928,0.0000000000000000
0.0209952056455574,0.0110559288097062,0.0000000000000000
0.0262635924985565,0.0048140210206090,0.0000000000000000
0.0205102610306549,0.0151492005231310,0.0000000000000000
0.0227782556972045,0.0038597586649304,0.0000000000000000
0.0180409156509884,0.0112280717688269,0.0000000000000000
0.0187094654056266,0.0042488959292443,0.0000000000000000
0.0183471745544329,0.0133138482686002,0.0000000000000000
0.0202358077601784,0.0135804123929345,0.0000000000000000
0.0101898363091619,0.0070631477390010,0.0000000000000000
0.0253090438040605,0.0091383066170703,0.0000000000000000
0.0216146068010992,0.0143553788140511,0.0000000000000000
0.0203073253482702,0.0006514525979222,0.0000000000000000
0.0181141586618062,0.0159206755333142,0.0000000000000000
0.0144582554724099,0.0129469208162871,0.0000000000000000
0.0180585050701293,0.0014213086379143,0.0000000000000000
0.0226171289428645,0.0052864063625211,0.0000000000000000
0.0202550474485275,0.0119258605622031,0.0000000000000000
0.0253438525607787,0.0056035725089536,0.0000000000000000
0.0254416323602571,0.0011029416848591,0.0000000000000000
0.0235914631300219,0.0079086193784915,0.0000000000000000
0.0178188584463240,0.0135040885680706,0.0000000000000000
0.0205135612743715,0.0145650325350894,0.0000000000000000
0.0200551138276644,0.0177581308447975,0.0000000000000000
0.0262943293443445,0.0028501243598511,0.0000000000000000
0.0073583651974431,0.0059568384148746,0.0000000000000000
0.0193349678134876,0.0185305903907439,0.0000000000000000
0.0214882560290404,0.0099136207800748,0.0000000000000000
0.0198984063622989,0.0133715365627624,0.0000000000000000
0.0242095482792863,0.0007785209403748,0.0000000000000000
0.0201271408647598,0.0091335913738536,0.0000000000000000
0.0162675053297112,0.0106262393575899,0.0000000000000000
0.0255898737033067,0.0031180938079022,0.0000000000000000
0.0180999256581833,0.0156271351897275,0.0000000000000000
0.0210046906408369,0.0166279244162631,0.0000000000000000
0.0179858123466411,0.0173318367577560,0.0000000000000000
0.0180745774646781,0.0134142562280174,0.0000000000000000
0.0264637506097397,0.0040888184906523,0.0000000000000000
0.0148559768579864,0.0081883003712050,0.0000000000000000
0.0159493090297924,0.0078491707462649,0.0000000000000000
0.0124108061349723,0.0011652545971032,0.0000000000000000
0.0229224654291778,0.0090116594077556,0.0000000000000000
0.0225599740573316,0.0016325366653015,0.0000000000000000
0.0213288610005009,0.0161678692338112,0.0000000000000000
0.0091453235627954,0.0075174216502238,0.0000000000000000
0.0226979838577823,0.0088233897362312,0.0000000000000000
0.0246857131921439,0.0078387479651048,0.0000000000000000
0.0258442180400620,0.0007523532917428,0.0000000000000000
0.0230852055569867,0.0008436696017511,0.0000000000000000
0.0132720666266026,0.0041464831124545,0.0000000000000000
0.0211360966072400,0.0031479279610808,0.0000000000000000
0.0206979634672188,0.0047335660485330,0.0000000000000000
0.0186997579363023,0.0022804250149157,0.0000000000000000
0.0200634556643877,0.0134651529661305,0.0000000000000000
0.0185985758276823,0.0132516875983841,0.0000000000000000
0.0189821229268738,0.0162476845331286,0.0000000000000000
0.0179318682489315,0.0106926838136301,0.0000000000000000
0.0187023713617542,0.0183713255131527,0.0000000000000000
0.0253713825697828,0.0013271083851004,0.0000000000000000
0.0192097821261002,0.0085382320778454,0.0000000000000000
0.0206344522630664,0.0066738069269727,0.0000000000000000
0.0230088304502747,0.0137112680736315,0.0000000000000000
0.0236114799029058,0.0086177447534116,0.0000000000000000
0.0090767416512295,0.0016329392347742,0.0000000000000000
0.0238653507509024,0.0068726316039709,0.0000000000000000
0.0206610624295187,0.0150868993533601,0.0000000000000000
0.0262805617216153,0.0051929677311213,0.0000000000000000
0.0236406663771845,0.0076961258564643,0.0000000000000000
0.0232270160072802,0.0126859986791406,0.0000000000000000
0.0206810195171049,0.0149443597156806,0.0000000000000000
0.0234620072815134,0.0083510786900844,0.0000000000000000
0.0251357658856626,0.0088338171078871,0.0000000000000000
0.0080936540813713,0.0052379785911168,0.0000000000000000
0.0246250637724730,0.0105490086693393,0.0000000000000000
0.0114391464332933,0.0058620261753218,0.0000000000000000
0.0168311178444519,0.0010591789300109,0.0000000000000000
0.0188853720342163,0.0123364085287124,0.0000000000000000
0.0208409380990803,0.0168537703384390,0.0000000000000000
0.0129645934170291,0.0121886916188736,0.0000000000000000
0.0194416690090736,0.0081348432310111,0.0000000000000000
0.0193805802073125,0.0162201635375093,0.0000000000000000
0.0237784199320305,0.0111049938406676,0.0000000000000000
0.0215169021473111,0.0161779835571754,0.0000000000000000
0.0211133054957756,0.0156855081318567,0.0000000000000000
0.0213325691828914,0.0064337343802757,0.0000000000000000
0.0000000000000000,0.0080000000000000,0.0000000000000000
0.0000000000000000,0.0085000000000000,0.0000000000000000
0.0000000000000000,0.0270000000000000,0.0000000000000000
0.0000000000000000,0.0275000000000000,0.0000000000000000
0.0005000000000000,0.0084852813742386,0.0000000000000000
0.0005000000000000,0.0269953699733862,0.0000000000000000
0.0000000000000000,0.0275833333333333,0.0000000000000000
0.0000000000000000,0.0276666666666667,0.0000000000000000
0.0000000000000000,0.0277500000000000,0.0000000000000000
0.0014813887065858,0.0169033876042644,0.0000000000000000
0.0032491556595522,0.0186711545572308,0.0000000000000000
0.0000000000000000,0.0007999999999987,0.0000000000000000
0.0000000000000000,0.0015999999999967,0.0000000000000000
0.0000000000000000,0.0023999999999944,0.0000000000000000
0.0000000000000000,0.0031999999999924,0.0000000000000000
0.0000000000000000,0.0039999999999897,0.0000000000000000
0.0000000000000000,0.0047999999999913,0.0000000000000000
0.0000000000000000,0.0055999999999934,0.0000000000000000
0.0000000000000000,0.0063999999999962,0.0000000000000000
0.0000000000000000,0.0071999999999982,0.0000000000000000
0.0007841371242232,0.0079614778132213,0.0000000000000000
0.0015607225798856,0.0078462822424786,0.0000000000000000
0.0023222774238416,0.0076555226840965,0.0000000000000000
0.0030614674660105,0.0073910362571536,0.0000000000000000
0.0037711738995295,0.0070553701121562,0.0000000000000000
0.0044445618669399,0.0066517568965608,0.0000000000000000
0.0050751462741660,0.0061840836261987,0.0000000000000000
0.0000000000000000,0.0089925289809187,0.0000000000000000
0.0000000000000000,0.0094758790888885,0.0000000000000000
0.0000000000000000,0.0099502213697931,0.0000000000000000
0.0000000000000000,0.0104157236844087,0.0000000000000000
0.0000000000000000,0.0108725507755818,0.0000000000000000
0.0000000000000000,0.0113208643465080,0.0000000000000000
0.0000000000000000,0.0117608231509370,0.0000000000000000
0.0000000000000000,0.0121925825957299,0.0000000000000000
0.0000000000000000,0.0126162957687077,0.0000000000000000
0.0000000000000000,0.0130321125125669,0.0000000000000000
0.0000000000000000,0.0134401800402549,0.0000000000000000
0.0000000000000000,0.0138406426547085,0.0000000000000000
0.0000000000000000,0.0142336421899722,0.0000000000000000
0.0000000000000000,0.0146193177556387,0.0000000000000000
0.0000000000000000,0.0149978056719286,0.0000000000000000
0.0000000000000000,0.0153692401151112,0.0000000000000000
0.0000000000000000,0.0157337522805161,0.0000000000000000
0.0000000000000000,0.0160914714264577,0.0000000000000000
0.0000000000000000,0.0164425239476489,0.0000000000000000
0.0000000000000000,0.0167870342661664,0.0000000000000000
0.0000000000000000,0.0171251241266173,0.0000000000000000
0.0000000000000000,0.0174569133773950,0.0000000000000000
0.0000000000000000,0.0177825192156578,0.0000000000000000
0.0000000000000000,0.0181020571074910,0.0000000000000000
0.0000000000000000,0.0184156399246798,0.0000000000000000
0.0000000000000000,0.0187233787790437,0.0000000000000000
0.0000000000000000,0.0190253824894274,0.0000000000000000
0.0000000000000000,0.0193217580426915,0.0000000000000000
0.0000000000000000,0.0196126102175134,0.0000000000000000
0.0000000000000000,0.0198980420334470,0.0000000000000000
0.0000000000000000,0.0201781544678238,0.0000000000000000
0.0000000000000000,0.0204530466847906,0.0000000000000000
0.0000000000000000,0.0207228158953348,0.0000000000000000
0.0000000000000000,0.0209875576562760,0.0000000000000000
0.0000000000000000,0.0212473656298559,0.0000000000000000
0.0000000000000000,0.0215023317545865,0.0000000000000000
0.0000000000000000,0.0217525462778740,0.0000000000000000
0.0000000000000000,0.0219980977706535,0.0000000000000000
0.0000000000000000,0.0222390730697744,0.0000000000000000
0.0000000000000000,0.0224755574894151,0.0000000000000000
0.0000000000000000,0.0227076347578474,0.0000000000000000
0.0000000000000000,0.0229353869896814,0.0000000000000000
0.0000000000000000,0.0231588947653801,0.0000000000000000
0.0000000000000000,0.0233782371758714,0.0000000000000000
0.0000000000000000,0.0235934918735618,0.0000000000000000
0.0000000000000000,0.0238047350833631,0.0000000000000000
0.0000000000000000,0.0240120414817868,0.0000000000000000
0.0000000000000000,0.0242154844878974,0.0000000000000000
0.0000000000000000,0.0244151360105159,0.0000000000000000
0.0000000000000000,0.0246110668602590,0.0000000000000000
0.0000000000000000,0.0248033462515751,0.0000000000000000
0.0000000000000000,0.0249920423202314,0.0000000000000000
0.0000000000000000,0.0251772217839301,0.0000000000000000
0.0000000000000000,0.0253589501748379,0.0000000000000000
0.0000000000000000,0.0255372918603996,0.0000000000000000
0.0000000000000000,0.0257123099389753,0.0000000000000000
0.0000000000000000,0.0258840663375418,0.0000000000000000
0.0000000000000000,0.0260526217983938,0.0000000000000000
0.0000000000000000,0.0262180360713180,0.0000000000000000
0.0000000000000000,0.0263803676167957,0.0000000000000000
0.0000000000000000,0.0265396739815834,0.0000000000000000
0.0000000000000000,0.0266960114273948,0.0000000000000000
0.0000000000000000,0.0268494353242798,0.0000000000000000
0.0000000000000000,0.0271266322961224,0.0000000000000000
0.0000000000000000,0.0272897876458473,0.0000000000000000
0.0054527009458465,0.0065205868137127,0.0000000000000000
0.0048803401305475,0.0069593304426624,0.0000000000000000
0.0043014478845622,0.0073312717925607,0.0000000000000000
0.0037228020945685,0.0076413836812894,0.0000000000000000
0.0031499710925955,0.0078947882882198,0.0000000000000000
0.0025874492484284,0.0080966107963028,0.0000000000000000
0.0020387907037272,0.0082518684227510,0.0000000000000000
0.0015067344768462,0.0083653900815373,0.0000000000000000
0.0009933213354606,0.0084417600489779,0.0000000000000000
0.0005000000000000,0.0089780789458306,0.0000000000000000
0.0005000000000000,0.0094616926389619,0.0000000000000000
0.0005000000000000,0.0099362935927924,0.0000000000000000
0.0005000000000000,0.0104020497596380,0.0000000000000000
0.0005000000000000,0.0108591259721843,0.0000000000000000
0.0005000000000000,0.0113076840218083,0.0000000000000000
0.0005000000000000,0.0117478827488329,0.0000000000000000
0.0005000000000000,0.0121798776448672,0.0000000000000000
0.0005000000000000,0.0126038218812156,0.0000000000000000
0.0005000000000000,0.0130198653822882,0.0000000000000000
0.0005000000000000,0.0134281554413119,0.0000000000000000
0.0005000000000000,0.0138288364399164,0.0000000000000000
0.0005000000000000,0.0142220502894924,0.0000000000000000
0.0005000000000000,0.0146079361754931,0.0000000000000000
0.0005000000000000,0.0149866304924786,0.0000000000000000
0.0005000000000000,0.0153582674898886,0.0000000000000000
0.0005000000000000,0.0157229784345974,0.0000000000000000
0.0005000000000000,0.0160808926554077,0.0000000000000000
0.0005000000000000,0.0164321366159592,0.0000000000000000
0.0005000000000000,0.0167768348061795,0.0000000000000000
0.0005000000000000,0.0171151090370672,0.0000000000000000
0.0005000000000000,0.0174470792223720,0.0000000000000000
0.0005000000000000,0.0177728626231637,0.0000000000000000
0.0005000000000000,0.0180925747684945,0.0000000000000000
0.0005000000000000,0.0184063285917018,0.0000000000000000
0.0005000000000000,0.0187142352651978,0.0000000000000000
0.0005000000000000,0.0190164036671694,0.0000000000000000
0.0005000000000000,0.0193129408428202,0.0000000000000000
0.0005000000000000,0.0196039516279666,0.0000000000000000
0.0005000000000000,0.0198895390983420,0.0000000000000000
0.0005000000000000,0.0201698042863440,0.0000000000000000
0.0005000000000000,0.0204448464101966,0.0000000000000000
0.0005000000000000,0.0207147627338990,0.0000000000000000
0.0005000000000000,0.0209796488663810,0.0000000000000000
0.0005000000000000,0.0212395985209608,0.0000000000000000
0.0005000000000000,0.0214947036862876,0.0000000000000000
0.0005000000000000,0.0217450546589819,0.0000000000000000
0.0005000000000000,0.0219907400582793,0.0000000000000000
0.0005000000000000,0.0222318467683838,0.0000000000000000
0.0005000000000000,0.0224684601499983,0.0000000000000000
0.0005000000000000,0.0227006639770539,0.0000000000000000
0.0005000000000000,0.0229285404089405,0.0000000000000000
0.0005000000000000,0.0231521700700639,0.0000000000000000
0.0005000000000000,0.0233716320944824,0.0000000000000000
0.0005000000000000,0.0235870041769491,0.0000000000000000
0.0005000000000000,0.0237983625839431,0.0000000000000000
0.0005000000000000,0.0240057820326995,0.0000000000000000
0.0005000000000000,0.0242093359823203,0.0000000000000000
0.0005000000000000,0.0244090963808405,0.0000000000000000
0.0005000000000000,0.0246051340774918,0.0000000000000000
0.0005000000000000,0.0247975183244676,0.0000000000000000
0.0005000000000000,0.0249863172946913,0.0000000000000000
0.0005000000000000,0.0251715977422484,0.0000000000000000
0.0005000000000000,0.0253534252350421,0.0000000000000000
0.0005000000000000,0.0255318641756187,0.0000000000000000
0.0005000000000000,0.0257069776967479,0.0000000000000000
0.0005000000000000,0.0258788277591768,0.0000000000000000
0.0005000000000000,0.0260474751383250,0.0000000000000000
0.0005000000000000,0.0262129796165623,0.0000000000000000
0.0005000000000000,0.0263753996862504,0.0000000000000000
0.0005000000000000,0.0265347929255275,0.0000000000000000
0.0005000000000000,0.0266912156267888,0.0000000000000000
0.0005000000000000,0.0268447231902790,0.0000000000000000
0.0189862610028628,0.0191969240538991,0.0000000000000000
0.0188800610013672,0.0193013806911488,0.0000000000000000
0.0187732863199364,0.0194052498244596,0.0000000000000000
0.0186659402083956,0.0195085282924315,0.0000000000000000
0.0185580259343704,0.0196112129512490,0.0000000000000000
0.0184495467830970,0.0197133006748823,0.0000000000000000
0.0183405060567789,0.0198147883557018,0.0000000000000000
0.0182309070740152,0.0199156729049917,0.0000000000000000
0.0181207531705629,0.0200159512522272,0.0000000000000000
0.0180100476992902,0.0201156203451271,0.0000000000000000
0.0178987940297656,0.0202146771500320,0.0000000000000000
0.0177869955484543,0.0203131186517302,0.0000000000000000
0.0176746556589010,0.0204109418533119,0.0000000000000000
0.0175617777804571,0.0205081437772862,0.0000000000000000
0.0174483653488353,0.0206047214650809,0.0000000000000000
0.0173344218161822,0.0207006719769834,0.0000000000000000
0.0172199506499945,0.0207959923930491,0.0000000000000000
0.0171049553355688,0.0208906798110592,0.0000000000000000
0.0169894393729952,0.0209847313490386,0.0000000000000000
0.0168734062781166,0.0210781441444359,0.0000000000000000
0.0167568595827202,0.0211709153539709,0.0000000000000000
0.0166398028343943,0.0212630421537579,0.0000000000000000
0.0165222395964131,0.0213545217394050,0.0000000000000000
0.0164041734475100,0.0214453513261967,0.0000000000000000
0.0162856079803670,0.0215355281502406,0.0000000000000000
0.0161665468049901,0.0216250494658871,0.0000000000000000
0.0160469935449299,0.0217139125486168,0.0000000000000000
0.0159269518390375,0.0218021146936938,0.0000000000000000
0.0158064253415854,0.0218896532160947,0.0000000000000000
0.0156854177211977,0.0219765254512977,0.0000000000000000
0.0155639326608913,0.0220627287552388,0.0000000000000000
0.0154419738587544,0.0221482605038306,0.0000000000000000
0.0153195450265427,0.0222331180939546,0.0000000000000000
0.0151966498912382,0.0223172989423705,0.0000000000000000
0.0150732921936633,0.0224008004866890,0.0000000000000000
0.0149494756883222,0.0224836201854653,0.0000000000000000
0.0148252041445102,0.0225657555174560,0.0000000000000000
0.0147004813442177,0.0226472039830153,0.0000000000000000
0.0145753110838638,0.0227279631029399,0.0000000000000000
0.0144496971737407,0.0228080304188500,0.0000000000000000
0.0143236434374593,0.0228874034935492,0.0000000000000000
0.0141971537114979,0.0229660799112975,0.0000000000000000
0.0140702318465212,0.0230440572769888,0.0000000000000000
0.0139428817052392,0.0231213332174792,0.0000000000000000
0.0138151071642952,0.0231979053804226,0.0000000000000000
0.0136869121126886,0.0232737714352345,0.0000000000000000
0.0135583004523496,0.0233489290727394,0.0000000000000000
0.0134292760986916,0.0234233760048613,0.0000000000000000
0.0132998429792132,0.0234971099654462,0.0000000000000000
0.0131700050334450,0.0235701287102772,0.0000000000000000
0.0130397662122128,0.0236424300174672,0.0000000000000000
0.0129091304806971,0.0237140116857595,0.0000000000000000
0.0127781018156764,0.0237848715360880,0.0000000000000000
0.0126466842052061,0.0238550074117320,0.0000000000000000
0.0125148816487766,0.0239244171782118,0.0000000000000000
0.0123826981584625,0.0239930987226829,0.0000000000000000
0.0122501377578912,0.0240610499544947,0.0000000000000000
0.0121172044827280,0.0241282688049465,0.0000000000000000
0.0119839023786857,0.0241947532282958,0.0000000000000000
0.0118502355034303,0.0242605012007840,0.0000000000000000
0.0117162079249491,0.0243255107214496,0.0000000000000000
0.0115818237236964,0.0243897798110853,0.0000000000000000
0.0114470869892832,0.0244533065138395,0.0000000000000000
0.0113120018234037,0.0245160888958111,0.0000000000000000
0.0111765723382301,0.0245781250458270,0.0000000000000000
0.0110408026551974,0.0246394130759843,0.0000000000000000
0.0109046969070868,0.0246999511206920,0.0000000000000000
0.0107682592369237,0.0247597373371853,0.0000000000000000
0.0106314937982251,0.0248187699054224,0.0000000000000000
0.0104944047532481,0.0248770470288377,0.0000000000000000
0.0103569962755692,0.0249345669332324,0.0000000000000000
0.0102192725463118,0.0249913278683666,0.0000000000000000
0.0100812377584108,0.0250473281061752,0.0000000000000000
0.0099428961136468,0.0251025659420153,0.0000000000000000
0.0098042518226020,0.0251570396946661,0.0000000000000000
0.0096653091050166,0.0252107477061765,0.0000000000000000
0.0095260721903814,0.0252636883416425,0.0000000000000000
0.0093865453165644,0.0253158599897393,0.0000000000000000
0.0092467327311717,0.0253672610622093,0.0000000000000000
0.0091066386898701,0.0254178899944933,0.0000000000000000
0.0089662674561478,0.0254677452457972,0.0000000000000000
0.0088256233032071,0.0255168252984161,0.0000000000000000
0.0086847105121399,0.0255651286583957,0.0000000000000000
0.0085435333723058,0.0256126538553953,0.0000000000000000
0.0084020961806895,0.0256593994429028,0.0000000000000000
0.0082604032421338,0.0257053639981492,0.0000000000000000
0.0081184588696322,0.0257505461220163,0.0000000000000000
0.0079762673838550,0.0257949444391968,0.0000000000000000
0.0078338331131597,0.0258385575981935,0.0000000000000000
0.0076911603925979,0.0258813842716214,0.0000000000000000
0.0075482535651715,0.0259234231558233,0.0000000000000000
0.0074051169797890,0.0259646729714749,0.0000000000000000
0.0072617549938582,0.0260051324628270,0.0000000000000000
0.0071181719718326,0.0260448003981489,0.0000000000000000
0.0069743722835783,0.0260836755701733,0.0000000000000000
0.0068303603066402,0.0261217567954660,0.0000000000000000
0.0066861404241339,0.0261590429149991,0.0000000000000000
0.0065417170256837,0.0261955327938922,0.0000000000000000
0.0063970945069065,0.0262312253215458,0.0000000000000000
0.0062522772716336,0.0262661194111086,0.0000000000000000
0.0061072697259303,0.0263002140009304,0.0000000000000000
0.0059620762839959,0.0263335080531215,0.0000000000000000
0.0058167013663850,0.0263660005540145,0.0000000000000000
0.0056711493975988,0.0263976905147044,0.0000000000000000
0.0055254248078946,0.0264285769706260,0.0000000000000000
0.0053795320327630,0.0264586589816732,0.0000000000000000
0.0052334755132824,0.0264879356321302,0.0000000000000000
0.0050872596948892,0.0265164060309227,0.0000000000000000
0.0049408890280030,0.0265440693114857,0.0000000000000000
0.0047943679682345,0.0265709246317317,0.0000000000000000
0.0046477009747934,0.0265969711743444,0.0000000000000000
0.0045008925120881,0.0266222081464823,0.0000000000000000
0.0043539470493163,0.0266466347798695,0.0000000000000000
0.0042068690585472,0.0266702503311131,0.0000000000000000
0.0040596630181100,0.0266930540811536,0.0000000000000000
0.0039123334074575,0.0267150453360815,0.0000000000000000
0.0037648847118957,0.0267362234263954,0.0000000000000000
0.0036173214191025,0.0267565877075329,0.0000000000000000
0.0034696480213205,0.0267761375595538,0.0000000000000000
0.0033218690122106,0.0267948723875617,0.0000000000000000
0.0031739888911024,0.0268127916211490,0.0000000000000000
0.0030260121589657,0.0268298947149219,0.0000000000000000
0.0028779433194417,0.0268461811483511,0.0000000000000000
0.0027297868797626,0.0268616504256733,0.0000000000000000
0.0025815473497457,0.0268763020760115,0.0000000000000000
0.0024332292414574,0.0268901356534049,0.0000000000000000
0.0022848370691726,0.0269031507368066,0.0000000000000000
0.0021363753499603,0.0269153469300338,0.0000000000000000
0.0019878486026495,0.0269267238618616,0.0000000000000000
0.0018392613486160,0.0269372811859602,0.0000000000000000
0.0016906181105283,0.0269470185809925,0.0000000000000000
0.0015419234116501,0.0269559357506395,0.0000000000000000
0.0013931817799290,0.0269640324233612,0.0000000000000000
0.0012443977422452,0.0269713083527495,0.0000000000000000
0.0010955758268427,0.0269777633173626,0.0000000000000000
0.0009467205631305,0.0269833971207360,0.0000000000000000
0.0007978364829933,0.0269882095913457,0.0000000000000000
0.0006489281178285,0.0269922005827219,0.0000000000000000
0.0002399797266807,0.0274989528842606,0.0000000000000000
0.0004799411779269,0.0274958116167850,0.0000000000000000
0.0007198660798444,0.0274905764367918,0.0000000000000000
0.0009597361611280,0.0274832477429620,0.0000000000000000
0.0011995331547420,0.0274738260934052,0.0000000000000000
0.0014392387993390,0.0274623122056115,0.0000000000000000
0.0016788348404060,0.0274487069564058,0.0000000000000000
0.0019183030317821,0.0274330113818781,0.0000000000000000
0.0021576251370552,0.0274152266773038,0.0000000000000000
0.0023967829306805,0.0273953541970751,0.0000000000000000
0.0026357581999166,0.0273733954545572,0.0000000000000000
0.0028745327460191,0.0273493521219802,0.0000000000000000
0.0031130883855888,0.0273232260303119,0.0000000000000000
0.0033514069513425,0.0272950191691908,0.0000000000000000
0.0035894702943310,0.0272647336866898,0.0000000000000000
0.0038272602853445,0.0272323718891364,0.0000000000000000
0.0040647588152928,0.0271979362410735,0.0000000000000000
0.0043019477986147,0.0271614293647811,0.0000000000000000
0.0045388091721786,0.0271228540404314,0.0000000000000000
0.0047753248972676,0.0270822132058208,0.0000000000000000
0.0050114769631002,0.0270395099557724,0.0000000000000000
0.0052472473857747,0.0269947475422994,0.0000000000000000
0.0054826182099811,0.0269479293743245,0.0000000000000000
0.0057175715115978,0.0268990590171806,0.0000000000000000
0.0059520893982462,0.0268481401924842,0.0000000000000000
0.0061861540099596,0.0267951767780147,0.0000000000000000
0.0064197475223403,0.0267401728070221,0.0000000000000000
0.0066528521459308,0.0266831324683663,0.0000000000000000
0.0068854501291012,0.0266240601058452,0.0000000000000000
0.0071175237583848,0.0265629602181087,0.0000000000000000
0.0073490553610042,0.0264998374580090,0.0000000000000000
0.0075800273043683,0.0264346966327407,0.0000000000000000
0.0078104219988805,0.0263675427030924,0.0000000000000000
0.0080402218999034,0.0262983807828603,0.0000000000000000
0.0082694095070590,0.0262272161390522,0.0000000000000000
0.0084979673666435,0.0261540541911854,0.0000000000000000
0.0087258780733662,0.0260789005107337,0.0000000000000000
0.0089531242704509,0.0260017608211033,0.0000000000000000
0.0091796886518372,0.0259226409969226,0.0000000000000000
0.0094055539642454,0.0258415470633178,0.0000000000000000
0.0096307030077810,0.0257584851956771,0.0000000000000000
0.0098551186360937,0.0256734617196146,0.0000000000000000
0.0100787837589882,0.0255864831100242,0.0000000000000000
0.0103016813435514,0.0254975559906420,0.0000000000000000
0.0105237944150001,0.0254066871337216,0.0000000000000000
0.0107451060575521,0.0253138834597135,0.0000000000000000
0.0109655994189415,0.0252191520353740,0.0000000000000000
0.0111852577073132,0.0251225000750521,0.0000000000000000
0.0114040641951247,0.0250239349390434,0.0000000000000000
0.0116220022195620,0.0249234641333924,0.0000000000000000
0.0118390551833027,0.0248210953095691,0.0000000000000000
0.0120552065570451,0.0247168362633039,0.0000000000000000
0.0122704398801533,0.0246106949342668,0.0000000000000000
0.0124847387620298,0.0245026794054011,0.0000000000000000
0.0126980868814546,0.0243927979032958,0.0000000000000000
0.0129104679933123,0.0242810587947408,0.0000000000000000
0.0131218659237225,0.0241674705892000,0.0000000000000000
0.0133322645727123,0.0240520419374988,0.0000000000000000
0.0135416479182226,0.0239347816296472,0.0000000000000000
0.0137500000145236,0.0238156985956869,0.0000000000000000
0.0139573049951426,0.0236948019040584,0.0000000000000000
0.0141635470730844,0.0235721007614621,0.0000000000000000
0.0143687105424697,0.0234476045119053,0.0000000000000000
0.0145727797790174,0.0233213226364257,0.0000000000000000
0.0147757392419006,0.0231932647519783,0.0000000000000000
0.0149775734743781,0.0230634406110538,0.0000000000000000
0.0151782671060296,0.0229318601002627,0.0000000000000000
0.0153778048538536,0.0227985332395923,0.0000000000000000
0.0155761715227409,0.0226634701820828,0.0000000000000000
0.0157733520067673,0.0225266812129663,0.0000000000000000
0.0159693312885637,0.0223881767501532,0.0000000000000000
0.0161640944431276,0.0222479673416169,0.0000000000000000
0.0163576266391215,0.0221060636644135,0.0000000000000000
0.0165499131396888,0.0219624765240343,0.0000000000000000
0.0167409392995810,0.0218172168565962,0.0000000000000000
0.0169306905729222,0.0216702957230391,0.0000000000000000
0.0171191525098200,0.0215217243116235,0.0000000000000000
0.0173063107563646,0.0213715139380471,0.0000000000000000
0.0174921510594512,0.0212196760416680,0.0000000000000000
0.0176766592675516,0.0210662221847887,0.0000000000000000
0.0178598213304128,0.0209111640528626,0.0000000000000000
0.0180416232979780,0.0207545134554838,0.0000000000000000
0.0182220513264359,0.0205962823212525,0.0000000000000000
0.0184010916751387,0.0204364827003851,0.0000000000000000
0.0185787307105846,0.0202751267612210,0.0000000000000000
0.0187549549026929,0.0201122267936188,0.0000000000000000
0.0189297508315482,0.0199477952028664,0.0000000000000000
0.0191031051880996,0.0197818445088521,0.0000000000000000
0.0192750047689399,0.0196143873510580,0.0000000000000000
0.0001250066992661,0.0269997106155814,0.0000000000000000
0.0002500107188874,0.0269988424685289,0.0000000000000000
0.0003750093787556,0.0269973955774598,0.0000000000000000
0.0002407069380004,0.0275822830445157,0.0000000000000000
0.0004813955452157,0.0275791322580466,0.0000000000000000
0.0007220474923137,0.0275738812138701,0.0000000000000000
0.0009626444526913,0.0275665303118742,0.0000000000000000
0.0012031681038975,0.0275570801118613,0.0000000000000000
0.0014436001291807,0.0275455313334996,0.0000000000000000
0.0016839222188071,0.0275318848562678,0.0000000000000000
0.0019241160713728,0.0275161417193920,0.0000000000000000
0.0021641633951959,0.0274983031217687,0.0000000000000000
0.0024040459094408,0.0274783704218987,0.0000000000000000
0.0026437453463309,0.0274563451377187,0.0000000000000000
0.0028832434517631,0.0274322289465447,0.0000000000000000
0.0031225219870382,0.0274060236849172,0.0000000000000000
0.0033615627304000,0.0273777313484402,0.0000000000000000
0.0036003474775609,0.0273473540917325,0.0000000000000000
0.0038388580443833,0.0273148942281103,0.0000000000000000
0.0040770762670782,0.0272803542295588,0.0000000000000000
0.0043149840049038,0.0272437367263597,0.0000000000000000
0.0045525631401967,0.0272050445070818,0.0000000000000000
0.0047897955796023,0.0271642805184198,0.0000000000000000
0.0050266632575568,0.0271214478646127,0.0000000000000000
0.0052631481359444,0.0270765498074788,0.0000000000000000
0.0054992322052970,0.0270295897662174,0.0000000000000000
0.0057348974868261,0.0269805713170306,0.0000000000000000
0.0059701260337023,0.0269294981928644,0.0000000000000000
0.0062048999321609,0.0268763742831813,0.0000000000000000
0.0064392013041028,0.0268212036333760,0.0000000000000000
0.0066730123053639,0.0267639904451903,0.0000000000000000
0.0069063151304151,0.0267047390756243,0.0000000000000000
0.0071390920132062,0.0266434540366814,0.0000000000000000
0.0073713252270347,0.0265801399953999,0.0000000000000000
0.0076029970854852,0.0265148017736486,0.0000000000000000
0.0078340899454391,0.0264474443473192,0.0000000000000000
0.0080645862099006,0.0263780728454688,0.0000000000000000
0.0082944683255717,0.0263066925510195,0.0000000000000000
0.0085237187852639,0.0262333089000895,0.0000000000000000
0.0087523201310529,0.0261579274810017,0.0000000000000000
0.0089802549535586,0.0260805540345075,0.0000000000000000
0.0092075058941025,0.0260011944530986,0.0000000000000000
0.0094340556474171,0.0259198547800565,0.0000000000000000
0.0096598869607453,0.0258365412097556,0.0000000000000000
0.0098849826364311,0.0257512600867459,0.0000000000000000
0.0101093255327253,0.0256640179054482,0.0000000000000000
0.0103328985647520,0.0255748213098024,0.0000000000000000
0.0105556847060144,0.0254836770926998,0.0000000000000000
0.0107776669899970,0.0253905921953488,0.0000000000000000
0.0109988285130779,0.0252955737060396,0.0000000000000000
0.0112191524328273,0.0251986288608480,0.0000000000000000
0.0114386219702197,0.0250997650427287,0.0000000000000000
0.0116572204122319,0.0249989897803576,0.0000000000000000
0.0118749311124107,0.0248963107478453,0.0000000000000000
0.0120917374910212,0.0247917357646860,0.0000000000000000
0.0123076230367242,0.0246852727950022,0.0000000000000000
0.0125225713092454,0.0245769299462451,0.0000000000000000
0.0127365659381129,0.0244667154698353,0.0000000000000000
0.0129495906287503,0.0243546377580444,0.0000000000000000
0.0131616291582780,0.0242407053461269,0.0000000000000000
0.0133726653782121,0.0241249269109804,0.0000000000000000
0.0135826832184648,0.0240073112689575,0.0000000000000000
0.0137916666846574,0.0238878673773338,0.0000000000000000
0.0139995998621096,0.0237666043321001,0.0000000000000000
0.0142064669163812,0.0236435313676182,0.0000000000000000
0.0144122520934337,0.0235186578565422,0.0000000000000000
0.0146169397216027,0.0233919933086689,0.0000000000000000
0.0148205142132396,0.0232635473699292,0.0000000000000000
0.0150229600654490,0.0231333298219193,0.0000000000000000
0.0152242618606213,0.0230013505815856,0.0000000000000000
0.0154244042679766,0.0228676197002618,0.0000000000000000
0.0156233720478151,0.0227321473608045,0.0000000000000000
0.0158211500489005,0.0225949438792831,0.0000000000000000
0.0160177232082444,0.0224560197052337,0.0000000000000000
0.0162130765544383,0.0223153854194298,0.0000000000000000
0.0164071952118678,0.0221730517308159,0.0000000000000000
0.0166000643987324,0.0220290294778439,0.0000000000000000
0.0167916694251254,0.0218833296299966,0.0000000000000000
0.0169819957014237,0.0217359632814974,0.0000000000000000
0.0171710287337065,0.0215869416547135,0.0000000000000000
0.0173587541256481,0.0214362760987787,0.0000000000000000
0.0175451575804653,0.0212839780880929,0.0000000000000000
0.0177302249038749,0.0211300592198836,0.0000000000000000
0.0179139420027125,0.0209745312152914,0.0000000000000000
0.0180962948853145,0.0208174059191225,0.0000000000000000
0.0182772696653913,0.0206586952965657,0.0000000000000000
0.0184568525602339,0.0204984114347323,0.0000000000000000
0.0186350298952649,0.0203365665386358,0.0000000000000000
0.0188117881002369,0.0201731729346071,0.0000000000000000
0.0189871137142833,0.0200082430657630,0.0000000000000000
0.0191609933870261,0.0198417894908731,0.0000000000000000
0.0193334138752195,0.0196738248875822,0.0000000000000000
0.0002414341493385,0.0276656132047706,0.0000000000000000
0.0004828499125096,0.0276624528993080,0.0000000000000000
0.0007242289047834,0.0276571859909485,0.0000000000000000
0.0009655527441796,0.0276498128807891,0.0000000000000000
0.0012068030529828,0.0276403341303204,0.0000000000000000
0.0014479614591361,0.0276287504613817,0.0000000000000000
0.0016890095975037,0.0276150627561117,0.0000000000000000
0.0019299291113674,0.0275992720568775,0.0000000000000000
0.0021707016536915,0.0275813795662056,0.0000000000000000
0.0024113088884425,0.0275613866467013,0.0000000000000000
0.0026517324927629,0.0275392948208786,0.0000000000000000
0.0028919541573787,0.0275151057711226,0.0000000000000000
0.0031319555885493,0.0274888213395154,0.0000000000000000
0.0033717185091252,0.0274604435277303,0.0000000000000000
0.0036112246602202,0.0274299744968504,0.0000000000000000
0.0038504558029265,0.0273974165671538,0.0000000000000000
0.0040893937181164,0.0273627722181557,0.0000000000000000
0.0043280202106743,0.0273260440880205,0.0000000000000000
0.0045663171075162,0.0272872349738490,0.0000000000000000
0.0048042662610805,0.0272463478311697,0.0000000000000000
0.0050418495513747,0.0272033857735714,0.0000000000000000
0.0052790488859249,0.0271583520726951,0.0000000000000000
0.0055158462002458,0.0271112501581849,0.0000000000000000
0.0057522234613461,0.0270620836170311,0.0000000000000000
0.0059881626688780,0.0270108561933068,0.0000000000000000
0.0062236458543268,0.0269575717883560,0.0000000000000000
0.0064586550850387,0.0269022344599282,0.0000000000000000
0.0066931724638436,0.0268448484222521,0.0000000000000000
0.0069271801315471,0.0267854180454505,0.0000000000000000
0.0071606602678698,0.0267239478552963,0.0000000000000000
0.0073935950924381,0.0266604425329648,0.0000000000000000
0.0076259668656909,0.0265949069148179,0.0000000000000000
0.0078577578917128,0.0265273459916304,0.0000000000000000
0.0080889505198062,0.0264577649081054,0.0000000000000000
0.0083195271430594,0.0263861689633100,0.0000000000000000
0.0085494702021821,0.0263125636095468,0.0000000000000000
0.0087787621859546,0.0262369544522016,0.0000000000000000
0.0090073856324518,0.0261593472493628,0.0000000000000000
0.0092353231313854,0.0260797479110390,0.0000000000000000
0.0094625573241673,0.0259981624991324,0.0000000000000000
0.0096890709070662,0.0259145972263180,0.0000000000000000
0.0099148466303528,0.0258290584563400,0.0000000000000000
0.0101398672996809,0.0257415527035435,0.0000000000000000
0.0103641157787427,0.0256520866318758,0.0000000000000000
0.0105875749900259,0.0255606670545787,0.0000000000000000
0.0108102279155869,0.0254673009338938,0.0000000000000000
0.0110320576003311,0.0253719953796981,0.0000000000000000
0.0112530471512826,0.0252747576497868,0.0000000000000000
0.0114731797392234,0.0251755951491900,0.0000000000000000
0.0116924386005941,0.0250745154293315,0.0000000000000000
0.0119108070374323,0.0249715261880706,0.0000000000000000
0.0121282684196620,0.0248666352686703,0.0000000000000000
0.0123448061871403,0.0247598506588062,0.0000000000000000
0.0125604038505643,0.0246511804900936,0.0000000000000000
0.0127750449889674,0.0245406330393962,0.0000000000000000
0.0129887132587583,0.0244282167242351,0.0000000000000000
0.0132013923887537,0.0243139401052688,0.0000000000000000
0.0134130661805450,0.0241978118862174,0.0000000000000000
0.0136237185156736,0.0240798409099839,0.0000000000000000
0.0138333333513762,0.0239600361609524,0.0000000000000000
0.0140418947250707,0.0238384067625015,0.0000000000000000
0.0142493867551091,0.0237149619765195,0.0000000000000000
0.0144557936395512,0.0235897112041491,0.0000000000000000
0.0146610996591197,0.0234626639840791,0.0000000000000000
0.0148652891794161,0.0233338299911690,0.0000000000000000
0.0150683466502832,0.0232032190368350,0.0000000000000000
0.0152702566072206,0.0230708410681986,0.0000000000000000
0.0154710036746115,0.0229367061659821,0.0000000000000000
0.0156705725653347,0.0228008245447182,0.0000000000000000
0.0158689480821394,0.0226632065518278,0.0000000000000000
0.0160661151174308,0.0225238626677998,0.0000000000000000
0.0162620586554848,0.0223828035047001,0.0000000000000000
0.0164567637745967,0.0222400398046309,0.0000000000000000
0.0166502156476154,0.0220955824393101,0.0000000000000000
0.0168423995413375,0.0219494424105579,0.0000000000000000
0.0170333008216766,0.0218016308464004,0.0000000000000000
0.0172229049512774,0.0216521590028271,0.0000000000000000
0.0174111974893007,0.0215010382640702,0.0000000000000000
0.0175981640966368,0.0213482801385097,0.0000000000000000
0.0177837905356666,0.0211938962587812,0.0000000000000000
0.0179680626718714,0.0210378983804026,0.0000000000000000
0.0181509664698084,0.0208802983852323,0.0000000000000000
0.0183324880013573,0.0207211082745237,0.0000000000000000
0.0185126134433314,0.0205603401708783,0.0000000000000000
0.0186913290786859,0.0203980063172045,0.0000000000000000
0.0188686212961782,0.0202341190770900,0.0000000000000000
0.0190444765949752,0.0200686909305985,0.0000000000000000
0.0192188815839245,0.0199017344748525,0.0000000000000000
0.0193918229801772,0.0197332624254054,0.0000000000000000
0.0002421613606877,0.0277489433650254,0.0000000000000000
0.0004843042798116,0.0277457735405693,0.0000000000000000
0.0007264103172763,0.0277404907680263,0.0000000000000000
0.0009684610357537,0.0277330954497010,0.0000000000000000
0.0012104380021829,0.0277235881487745,0.0000000000000000
0.0014523227891295,0.0277119695892619,0.0000000000000000
0.0016940969761345,0.0276982406559596,0.0000000000000000
0.0019357421512306,0.0276824023943723,0.0000000000000000
0.0021772399121213,0.0276644560106478,0.0000000000000000
0.0024185718677077,0.0276444028714808,0.0000000000000000
0.0026597196396612,0.0276222445039935,0.0000000000000000
0.0029006648635006,0.0275979825956473,0.0000000000000000
0.0031413891906493,0.0275716189940466,0.0000000000000000
0.0033818742888954,0.0275431557068922,0.0000000000000000
0.0036221018443513,0.0275125949017745,0.0000000000000000
0.0038620535628163,0.0274799389060081,0.0000000000000000
0.0041017111705149,0.0274451902065494,0.0000000000000000
0.0043410564172618,0.0274083514495518,0.0000000000000000
0.0045800710757069,0.0273694254404705,0.0000000000000000
0.0048187369438269,0.0273284151436961,0.0000000000000000
0.0050570358464747,0.0272853236822925,0.0000000000000000
0.0052949496363378,0.0272401543378272,0.0000000000000000
0.0055324601953840,0.0271929105501138,0.0000000000000000
0.0057695494361597,0.0271435959169692,0.0000000000000000
0.0060061993034312,0.0270922141938872,0.0000000000000000
0.0062423917753088,0.0270387692938040,0.0000000000000000
0.0064781088654410,0.0269832652866086,0.0000000000000000
0.0067133326224607,0.0269257063992796,0.0000000000000000
0.0069480451330246,0.0268660970151872,0.0000000000000000
0.0071822285227711,0.0268044416738475,0.0000000000000000
0.0074158649583216,0.0267407450703966,0.0000000000000000
0.0076489366471230,0.0266750120556355,0.0000000000000000
0.0078814258394639,0.0266072476355040,0.0000000000000000
0.0081133148304376,0.0265374569705200,0.0000000000000000
0.0083445859616970,0.0264656453752379,0.0000000000000000
0.0085752216200346,0.0263918183187004,0.0000000000000000
0.0088052042421210,0.0263159814229782,0.0000000000000000
0.0090345163136779,0.0262381404634148,0.0000000000000000
0.0092631403715400,0.0261583013679624,0.0000000000000000
0.0094910590050882,0.0260764702166903,0.0000000000000000
0.0097182548583063,0.0259926532410411,0.0000000000000000
0.0099447106289280,0.0259068568241477,0.0000000000000000
0.0101704090712645,0.0258190874998157,0.0000000000000000
0.0103953329975400,0.0257293519520072,0.0000000000000000
0.0106194652788792,0.0256376570144520,0.0000000000000000
0.0108427888461401,0.0255440096703321,0.0000000000000000
0.0110652866926351,0.0254484170511604,0.0000000000000000
0.0112869418743555,0.0253508864366697,0.0000000000000000
0.0115077375115174,0.0252514252541518,0.0000000000000000
0.0117276567899205,0.0251500410778557,0.0000000000000000
0.0119466829627707,0.0250467416281449,0.0000000000000000
0.0121647993498966,0.0249415347718771,0.0000000000000000
0.0123819893400048,0.0248344285213896,0.0000000000000000
0.0125982363941048,0.0247254310328102,0.0000000000000000
0.0128135240426325,0.0246145506074939,0.0000000000000000
0.0130278358918194,0.0245017956888025,0.0000000000000000
0.0132411556213534,0.0243871748632576,0.0000000000000000
0.0134534669847302,0.0242706968604277,0.0000000000000000
0.0136647538149930,0.0241523705498163,0.0000000000000000
0.0138750000212790,0.0240322049427328,0.0000000000000000
0.0140841895917965,0.0239102091906853,0.0000000000000000
0.0142923065977637,0.0237863925830614,0.0000000000000000
0.0144993351896849,0.0236607645492948,0.0000000000000000
0.0147052596010327,0.0235333346567425,0.0000000000000000
0.0149100641498227,0.0234041126097139,0.0000000000000000
0.0151137332393011,0.0232731082490338,0.0000000000000000
0.0153162513588727,0.0231403315514672,0.0000000000000000
0.0155176030860504,0.0230057926284621,0.0000000000000000
0.0157177730880031,0.0228695017250933,0.0000000000000000
0.0159167461214698,0.0227314692201071,0.0000000000000000
0.0161145070331882,0.0225917056256788,0.0000000000000000
0.0163110407619528,0.0224502215860315,0.0000000000000000
0.0165063323420925,0.0223070278749185,0.0000000000000000
0.0167003669018408,0.0221621353967505,0.0000000000000000
0.0168931296622117,0.0220155551875419,0.0000000000000000
0.0170846059455886,0.0218672984084445,0.0000000000000000
0.0172747811716413,0.0217173763487192,0.0000000000000000
0.0174636408564226,0.0215658004265524,0.0000000000000000
0.0176511706172273,0.0214125821852838,0.0000000000000000
0.0178373561720110,0.0212577332938585,0.0000000000000000
0.0180221833441983,0.0211012655428081,0.0000000000000000
0.0182056380568735,0.0209431908491070,0.0000000000000000
0.0183877063395117,0.0207835212505456,0.0000000000000000
0.0185683743277502,0.0206222689058344,0.0000000000000000
0.0187476282631681,0.0204594460948008,0.0000000000000000
0.0189254544938101,0.0202950652179963,0.0000000000000000
0.0191018394770988,0.0201291387940754,0.0000000000000000
0.0192767697817807,0.0199616794579070,0.0000000000000000
0.0194502320858152,0.0197926999625600,0.0000000000000000
0.0088418881804787,0.0095428881303715,0.0000000000000000
0.0084913882055318,0.0098933881053184,0.0000000000000000
0.0081408882305853,0.0102438880802649,0.0000000000000000
0.0077903882556386,0.0105943880552117,0.0000000000000000
0.0074398882806924,0.0109448880301579,0.0000000000000000
0.0070893883057462,0.0112953880051041,0.0000000000000000
0.0067388883308000,0.0116458879800503,0.0000000000000000
0.0063883883558532,0.0119963879549970,0.0000000000000000
0.0060378883809071,0.0123468879299431,0.0000000000000000
0.0056873884059613,0.0126973879048889,0.0000000000000000
0.0053368884310145,0.0130478878798357,0.0000000000000000
0.0049863884560667,0.0133983878547836,0.0000000000000000
0.0046358884811186,0.0137488878297316,0.0000000000000000
0.0042853885061707,0.0140993878046795,0.0000000000000000
0.0039348885312224,0.0144498877796278,0.0000000000000000
0.0035843885562742,0.0148003877545761,0.0000000000000000
0.0032338885813267,0.0151508877295235,0.0000000000000000
0.0028833886063785,0.0155013877044717,0.0000000000000000
0.0025328886314304,0.0158518876794198,0.0000000000000000
0.0021823886564823,0.0162023876543680,0.0000000000000000
0.0018318886815338,0.0165528876293165,0.0000000000000000
0.0106096551334451,0.0113106550833379,0.0000000000000000
0.0102591551584981,0.0116611550582849,0.0000000000000000
0.0099086551835519,0.0120116550332310,0.0000000000000000
0.0095581552086058,0.0123621550081772,0.0000000000000000
0.0092076552336593,0.0127126549831237,0.0000000000000000
0.0088571552587134,0.0130631549580696,0.0000000000000000
0.0085066552837670,0.0134136549330160,0.0000000000000000
0.0081561553088206,0.0137641549079624,0.0000000000000000
0.0078056553338741,0.0141146548829088,0.0000000000000000
0.0074551553589281,0.0144651548578549,0.0000000000000000
0.0071046553839818,0.0148156548328012,0.0000000000000000
0.0067541554090334,0.0151661548077496,0.0000000000000000
0.0064036554340852,0.0155166547826978,0.0000000000000000
0.0060531554591373,0.0158671547576457,0.0000000000000000
0.0057026554841890,0.0162176547325939,0.0000000000000000
0.0053521555092417,0.0165681547075413,0.0000000000000000
0.0050016555342936,0.0169186546824894,0.0000000000000000
0.0046511555593459,0.0172691546574371,0.0000000000000000
0.0043006555843977,0.0176196546323853,0.0000000000000000
0.0039501556094493,0.0179701546073337,0.0000000000000000
0.0035996556345008,0.0183206545822822,0.0000000000000000
0.0018349420971790,0.0172569409948576,0.0000000000000000
0.0021884954877707,0.0176104943854493,0.0000000000000000
0.0025420488783636,0.0179640477760422,0.0000000000000000
0.0028956022689582,0.0183176011666368,0.0000000000000000
0.0006928203230291,0.0051999999999923,0.0000000000000000
0.0030709767260140,0.0065978516893989,0.0000000000000000
0.0031881857417120,0.0041673674185447,0.0000000000000000
0.0006648732122849,0.0036044657611598,0.0000000000000000
0.0017888324834354,0.0071065894251297,0.0000000000000000
0.0043058907616665,0.0052480044250722,0.0000000000000000
0.0020509751893287,0.0030386834912333,0.0000000000000000
0.0006137724709878,0.0068003840414396,0.0000000000000000
0.0007695258003249,0.0019035586996325,0.0000000000000000
0.0014286430858830,0.0024931376777290,0.0000000000000000
0.0037517009815795,0.0047238365170468,0.0000000000000000
0.0029823640836074,0.0049379539577688,0.0000000000000000
0.0024169188042877,0.0043754539024125,0.0000000000000000
0.0022151386667660,0.0051475311722775,0.0000000000000000
0.0017115123611712,0.0045827075031141,0.0000000000000000
0.0028342937891099,0.0057887954796112,0.0000000000000000
0.0020364408801807,0.0059187128961211,0.0000000000000000
0.0018932448484261,0.0038058978865398,0.0000000000000000
0.0035760912932431,0.0054690425255100,0.0000000000000000
0.0006907166196279,0.0059600102267774,0.0000000000000000
0.0026286440430303,0.0036016570621930,0.0000000000000000
0.0006641718363944,0.0044002712439863,0.0000000000000000
0.0013783026226043,0.0064160863502796,0.0000000000000000
0.0014314545212332,0.0053966500952669,0.0000000000000000
0.0007006772733933,0.0028064457553864,0.0000000000000000
0.0004933164150337,0.0012001229948943,0.0000000000000000
0.0041780684499041,0.0060368465952817,0.0000000000000000
0.0013302853402321,0.0032760309901407,0.0000000000000000
0.0024557997597750,0.0069297152963811,0.0000000000000000
0.0010907212195936,0.0073530451722907,0.0000000000000000
0.0012290192948835,0.0040782288974882,0.0000000000000000
0.0024877118893491,0.0063382010818002,0.0000000000000000
0.0034876630545797,0.0061524602652697,0.0000000000000000
0.0048224570781338,0.0056338042564236,0.0000000000000000
0.0020113030474302,0.0065362582167950,0.0000000000000000
0.0005213550494899,0.0074476052385589,0.0000000000000000
0.0011100281707924,0.0047999999999884,0.0000000000000000
0.0055487772773976,0.0060929830823724,0.0000000000000000
0.0001323329047768,0.0266171567353507,0.0000000000000000
0.0001392733005550,0.0262992018440568,0.0000000000000000
0.0001446131367726,0.0259683440679677,0.0000000000000000
0.0001501577532946,0.0256248008996874,0.0000000000000000
0.0001559149166826,0.0252680859793841,0.0000000000000000
0.0003696360439696,0.0267767266711373,0.0000000000000000
0.0001618928544364,0.0248976942859031,0.0000000000000000
0.0001913346077924,0.0268929661241587,0.0000000000000000
0.0003665937332726,0.0264554809638227,0.0000000000000000
0.0001680999653833,0.0245131014353875,0.0000000000000000
0.0003616326887080,0.0261304920909267,0.0000000000000000
0.0001745450510030,0.0241137629848421,0.0000000000000000
0.0003560677285655,0.0257930843118196,0.0000000000000000
0.0001827202992854,0.0236952219412428,0.0000000000000000
0.0003513627066870,0.0254428184500947,0.0000000000000000
0.0001799810054296,0.0232645302572843,0.0000000000000000
0.0003392193219031,0.0250712322399012,0.0000000000000000
0.0001887376221050,0.0228199855784898,0.0000000000000000
0.0003349428252045,0.0247013262009799,0.0000000000000000
0.0001924064619653,0.0223557333388367,0.0000000000000000
0.0003286143974060,0.0243092161815803,0.0000000000000000
0.0002261787854891,0.0218909984155570,0.0000000000000000
0.0003220432983629,0.0239020723083213,0.0000000000000000
0.0002457979593858,0.0213720698296552,0.0000000000000000
0.0003169411843849,0.0234796865548366,0.0000000000000000
0.0002468477397305,0.0208522426759044,0.0000000000000000
0.0003160854645419,0.0230410066467536,0.0000000000000000
0.0003084649416533,0.0225850441738715,0.0000000000000000
0.0002476813450231,0.0203124235639133,0.0000000000000000
0.0002530680106765,0.0216262076910327,0.0000000000000000
0.0002502567462280,0.0200337255712297,0.0000000000000000
0.0003192333012731,0.0221563429100770,0.0000000000000000
0.0002487742831861,0.0211130805298389,0.0000000000000000
0.0002525211586841,0.0205840749785989,0.0000000000000000
0.0002498064684699,0.0197511737658519,0.0000000000000000
0.0002495451681656,0.0194626674604838,0.0000000000000000
0.0003721906359731,0.0266157426787632,0.0000000000000000
0.0001568317216031,0.0250873126273442,0.0000000000000000
0.0001360445075425,0.0264588044268836,0.0000000000000000
0.0001497479055386,0.0254467498378280,0.0000000000000000
0.0001450369898387,0.0257968808472333,0.0000000000000000
0.0001404970755819,0.0261340831484616,0.0000000000000000
0.0003672501643316,0.0262947156701469,0.0000000000000000
0.0003611372349789,0.0259630505532156,0.0000000000000000
0.0003574568439971,0.0256192779710122,0.0000000000000000
0.0003363891712172,0.0252580932999540,0.0000000000000000
0.0002494856916296,0.0191689221894713,0.0000000000000000
0.0003672110003088,0.0248908176691886,0.0000000000000000
0.0002488620281987,0.0188709934838496,0.0000000000000000
0.0002487471844739,0.0185662198815508,0.0000000000000000
0.0003080831813907,0.0268950504377250,0.0000000000000000
0.0001296910200971,0.0267797675627111,0.0000000000000000
0.0001329871290048,0.0247053070068209,0.0000000000000000
0.0002486913710907,0.0182555172469163,0.0000000000000000
0.0002486409825610,0.0179388974816700,0.0000000000000000
0.0003663314375987,0.0245075748552560,0.0000000000000000
0.0002485895765193,0.0176162630695152,0.0000000000000000
0.0002498908843078,0.0266889166955220,0.0000000000000000
0.0002485363218020,0.0172875015516873,0.0000000000000000
0.0001342518827584,0.0243133402200447,0.0000000000000000
0.0002484810542707,0.0169524967816626,0.0000000000000000
0.0003650405493544,0.0241080338979527,0.0000000000000000
0.0002484236851682,0.0166111302334819,0.0000000000000000
0.0002499342660198,0.0265374773724911,0.0000000000000000
0.0002483641334590,0.0162632810930203,0.0000000000000000
0.0001358617297302,0.0239055667599112,0.0000000000000000
0.0002483023150945,0.0159088262543073,0.0000000000000000
0.0002509471006313,0.0263775492903147,0.0000000000000000
0.0002482381439881,0.0155476402788921,0.0000000000000000
0.0003643409564066,0.0236924695130586,0.0000000000000000
0.0002481715295708,0.0151795953222060,0.0000000000000000
0.0002481023793786,0.0148045611313847,0.0000000000000000
0.0001359284978200,0.0234822335605594,0.0000000000000000
0.0002501367436252,0.0262160086123133,0.0000000000000000
0.0002480305956247,0.0144224049879827,0.0000000000000000
0.0002507085149942,0.0260495656526952,0.0000000000000000
0.0002479560786027,0.0140329916337108,0.0000000000000000
0.0003633296252640,0.0232619010822731,0.0000000000000000
0.0002478787232115,0.0136361833000321,0.0000000000000000
0.0002477984209357,0.0132318395095807,0.0000000000000000
0.0001338772386811,0.0230471408775309,0.0000000000000000
0.0002477150596708,0.0128198171635842,0.0000000000000000
0.0002511942938172,0.0258803154315719,0.0000000000000000
0.0002476285222293,0.0123999704719956,0.0000000000000000
0.0003689321792697,0.0228146021929974,0.0000000000000000
0.0002509563316074,0.0257087933337510,0.0000000000000000
0.0002475386871652,0.0119721508639387,0.0000000000000000
0.0002474454278685,0.0115362068678576,0.0000000000000000
0.0001280884964405,0.0225915961236312,0.0000000000000000
0.0002494057855404,0.0268055274509351,0.0000000000000000
0.0002473486149279,0.0110919842095765,0.0000000000000000
0.0004105457208232,0.0269018531699975,0.0000000000000000
0.0002472481113121,0.0106393257476760,0.0000000000000000
0.0002498919570174,0.0255347776354224,0.0000000000000000
0.0000892064654311,0.0269043759253462,0.0000000000000000
0.0003749148756096,0.0223501534591910,0.0000000000000000
0.0002471437760697,0.0101780712438918,0.0000000000000000
0.0002494323855061,0.0253575303463394,0.0000000000000000
0.0002470354628614,0.0097080574428154,0.0000000000000000
0.0002469230196593,0.0092291180085289,0.0000000000000000
0.0001285802408978,0.0221210488939660,0.0000000000000000
0.0002430917424579,0.0087462644904594,0.0000000000000000
0.0003123286299208,0.0271121774623363,0.0000000000000000
0.0005747254020530,0.0271264025302545,0.0000000000000000
0.0190236231035672,0.0193411242717011,0.0000000000000000
0.0140726616207181,0.0232068952810466,0.0000000000000000
0.0017664117110895,0.0270827797995712,0.0000000000000000
0.0046022441118384,0.0267444676261147,0.0000000000000000
0.0164318352632156,0.0215971531803676,0.0000000000000000
0.0115689183738938,0.0245478897349690,0.0000000000000000
0.0073749662500384,0.0261162979055428,0.0000000000000000
0.0186012694965438,0.0197595682427530,0.0000000000000000
0.0089373924722411,0.0256238327292767,0.0000000000000000
0.0100669295557729,0.0252016115641657,0.0000000000000000
0.0177052426870774,0.0205665694565582,0.0000000000000000
0.0062076418023248,0.0264183110268082,0.0000000000000000
0.0126482893935729,0.0240104667260222,0.0000000000000000
0.0154566439658298,0.0223062942274554,0.0000000000000000
0.0034097613113403,0.0269229876154248,0.0000000000000000
0.0029703339268208,0.0269750785646035,0.0000000000000000
0.0150909003066173,0.0225553782468717,0.0000000000000000
0.0130384272752931,0.0238011651361429,0.0000000000000000
0.0057761753206632,0.0265165127769567,0.0000000000000000
0.0173679407239356,0.0208529835569760,0.0000000000000000
0.0104768641828040,0.0250346907376074,0.0000000000000000
0.0085187057504246,0.0257670252554736,0.0000000000000000
0.0077973173861331,0.0259891894704947,0.0000000000000000
0.0111672346204214,0.0247291845511200,0.0000000000000000
0.0167781879740844,0.0213245577905143,0.0000000000000000
0.0050352209620561,0.0266625618337363,0.0000000000000000
0.0013291966486255,0.0271012458719400,0.0000000000000000
0.0136935698522978,0.0234249465619236,0.0000000000000000
0.0144547402718652,0.0229631710125188,0.0000000000000000
0.0022177338011359,0.0270431759781460,0.0000000000000000
0.0041577359820577,0.0268134309012865,0.0000000000000000
0.0160695566315915,0.0218636136458158,0.0000000000000000
0.0119646503825978,0.0243332758780318,0.0000000000000000
0.0069354836144785,0.0262137534055341,0.0000000000000000
0.0182563934166484,0.0200490930955598,0.0000000000000000
0.0093534774714933,0.0254515947821307,0.0000000000000000
0.0096415385828999,0.0253578007291141,0.0000000000000000
0.0180402065738662,0.0202614972515094,0.0000000000000000
0.0066455298869893,0.0263023621863176,0.0000000000000000
0.0122418843524066,0.0242097829730053,0.0000000000000000
0.0158211550939610,0.0220378850070035,0.0000000000000000
0.0038569498238907,0.0268533286973412,0.0000000000000000
0.0025193685250494,0.0270116661143271,0.0000000000000000
0.0147078356633978,0.0227959841681106,0.0000000000000000
0.0134284150218660,0.0235723353545825,0.0000000000000000
0.0010260272118120,0.0271094926584948,0.0000000000000000
0.0053318580960561,0.0265997859631603,0.0000000000000000
0.0170123206793670,0.0211319253545304,0.0000000000000000
0.0108882544541755,0.0248480027170840,0.0000000000000000
0.0080852791020094,0.0258969995353164,0.0000000000000000
0.0188352818728827,0.0195527448882753,0.0000000000000000
0.0001110635244326,0.0271979805657922,0.0000000000000000
0.0032083771721304,0.0271046899091749,0.0000000000000000
0.0153617657900466,0.0225604537758956,0.0000000000000000
0.0129178225333081,0.0240436918100221,0.0000000000000000
0.0060258741984990,0.0266204244157029,0.0000000000000000
0.0176372816560440,0.0208298958185889,0.0000000000000000
0.0103321107293298,0.0252628452724392,0.0000000000000000
0.0087772586599837,0.0258440964586261,0.0000000000000000
0.0076321964605103,0.0262027399219999,0.0000000000000000
0.0114312849356321,0.0247819018258700,0.0000000000000000
0.0167032089140909,0.0215830844632645,0.0000000000000000
0.0048495455513135,0.0268571379509222,0.0000000000000000
0.0015521713402258,0.0272500889378054,0.0000000000000000
0.0139597576725866,0.0234542453007623,0.0000000000000000
0.0143558868779955,0.0232243599263421,0.0000000000000000
0.0020096862404231,0.0272291370523167,0.0000000000000000
0.0044029568426743,0.0269458119507129,0.0000000000000000
0.0163478414808994,0.0218678579648399,0.0000000000000000
0.0118582431290504,0.0245880831985130,0.0000000000000000
0.0071818417756287,0.0263364913539219,0.0000000000000000
0.0185312530910780,0.0200445057481993,0.0000000000000000
0.0092228803401544,0.0256930314059382,0.0000000000000000
0.0099120051496576,0.0254407739223552,0.0000000000000000
0.0179892463969438,0.0205394759301984,0.0000000000000000
0.0064722368737731,0.0265252350227899,0.0000000000000000
0.0125181380579660,0.0242642563990417,0.0000000000000000
0.0157423415887855,0.0223079848032602,0.0000000000000000
0.0036625861858401,0.0270562455208431,0.0000000000000000
0.0027553398397431,0.0271632270949256,0.0000000000000000
0.0149868272942900,0.0228215442342872,0.0000000000000000
0.0133227613253432,0.0238316774384902,0.0000000000000000
0.0008117684160252,0.0272897244696516,0.0000000000000000
0.0055809726172250,0.0267257050862369,0.0000000000000000
0.0172911421459098,0.0211287037853083,0.0000000000000000
0.0107570822284310,0.0250938276084056,0.0000000000000000
0.0083439921255667,0.0259985243498566,0.0000000000000000
0.0190328432900365,0.0195582679039655,0.0000000000000000
0.0003429041174772,0.0272976808202790,0.0000000000000000
0.0006325909721510,0.0273074662921772,0.0000000000000000
0.0189142203950882,0.0194410475905969,0.0000000000000000
0.0191783956580645,0.0194310312343044,0.0000000000000000
0.0007237159393193,0.0271364573696349,0.0000000000000000
0.0085151706687820,0.0259566541999124,0.0000000000000000
0.0106029302175127,0.0251762273070632,0.0000000000000000
0.0174356545332218,0.0210301168747363,0.0000000000000000
0.0188928646481886,0.0197271457022069,0.0000000000000000
0.0057548961726497,0.0267049120010716,0.0000000000000000
0.0131770291150972,0.0239300085083099,0.0000000000000000
0.0151416484121990,0.0227379218990904,0.0000000000000000
0.0029315065795770,0.0271604870865652,0.0000000000000000
0.0034901473661642,0.0270944553527468,0.0000000000000000
0.0156067408091113,0.0224214941349358,0.0000000000000000
0.0126816552568757,0.0241965384255577,0.0000000000000000
0.0063036664054609,0.0265813541067569,0.0000000000000000
0.0178654330056388,0.0206672181157267,0.0000000000000000
0.0100826383475271,0.0253899780338823,0.0000000000000000
0.0008764462448649,0.0271147407516588,0.0000000000000000
0.0090481323798683,0.0257769147124561,0.0000000000000000
0.0186864082919297,0.0199283482775331,0.0000000000000000
0.0073730847452410,0.0263051592526389,0.0000000000000000
0.0116934638512573,0.0246899541369706,0.0000000000000000
0.0165007755906179,0.0217728754559317,0.0000000000000000
0.0045826929800198,0.0269320509303375,0.0000000000000000
0.0018312287889296,0.0272577917682303,0.0000000000000000
0.0082268297712205,0.0258589621802967,0.0000000000000000
0.0107513274751968,0.0249084541406244,0.0000000000000000
0.0168991806209238,0.0212430832232762,0.0000000000000000
0.0170671196824650,0.0213160474752541,0.0000000000000000
0.0169307255916080,0.0214216151603205,0.0000000000000000
0.0171286483754372,0.0210377453381802,0.0000000000000000
0.0054785302060634,0.0265699648255000,0.0000000000000000
0.0051801522527531,0.0266461901316006,0.0000000000000000
0.0052956440830952,0.0267884988103352,0.0000000000000000
0.0051259515674214,0.0268190552833741,0.0000000000000000
0.0135737092078965,0.0235076961399913,0.0000000000000000
0.0135796652194034,0.0236915097919627,0.0000000000000000
0.0137273775019239,0.0236029591196984,0.0000000000000000
0.0132985648820921,0.0236467820688164,0.0000000000000000
0.0148333791845641,0.0227144928636081,0.0000000000000000
0.0023635162375909,0.0270421709888255,0.0000000000000000
0.0024644695622617,0.0271960758943481,0.0000000000000000
0.0022927270849025,0.0272082711091103,0.0000000000000000
0.0026683558161535,0.0269973554496712,0.0000000000000000
0.0037088519419963,0.0268750171610401,0.0000000000000000
0.0040159628549708,0.0268465795654237,0.0000000000000000
0.0039534595321943,0.0270201989418376,0.0000000000000000
0.0041230978482778,0.0269916336626894,0.0000000000000000
0.0156998073198825,0.0221255097178034,0.0000000000000000
0.0159591392382694,0.0219584922994745,0.0000000000000000
0.0159837515177227,0.0221415479893646,0.0000000000000000
0.0161209281662587,0.0220378335178769,0.0000000000000000
0.0123752654509822,0.0241418750127032,0.0000000000000000
0.0065005142674547,0.0263394275639144,0.0000000000000000
0.0179286933518662,0.0203613379932137,0.0000000000000000
0.0095017799454575,0.0254113814657826,0.0000000000000000
0.0096323004672014,0.0255482969181819,0.0000000000000000
0.0097812929661099,0.0253042216233811,0.0000000000000000
0.0092208123193311,0.0255146771544024,0.0000000000000000
0.0181522689281618,0.0201622732573523,0.0000000000000000
0.0182137859474455,0.0203410236174923,0.0000000000000000
0.0183730751479315,0.0199601461336491,0.0000000000000000
0.0070799390141960,0.0261887721670270,0.0000000000000000
0.0067907477919414,0.0262660974364802,0.0000000000000000
0.0067630524123630,0.0264528921125389,0.0000000000000000
0.0118398819980998,0.0244098202457138,0.0000000000000000
0.0121081306302421,0.0242769540250174,0.0000000000000000
0.0122511210690122,0.0244003574483856,0.0000000000000000
0.0161837278620399,0.0217730171675390,0.0000000000000000
0.0043008597211285,0.0267858158311841,0.0000000000000000
0.0020720277575891,0.0270504867070323,0.0000000000000000
0.0143289705025005,0.0230369862284495,0.0000000000000000
0.0145834203962074,0.0228950740313359,0.0000000000000000
0.0147439423451574,0.0229850290924124,0.0000000000000000
0.0145972654969021,0.0230751225582592,0.0000000000000000
0.0138167115691864,0.0233468585790619,0.0000000000000000
0.0014745645200449,0.0270887981185286,0.0000000000000000
0.0011844339734539,0.0271192537341593,0.0000000000000000
0.0011050349024726,0.0272847444545160,0.0000000000000000
0.0012771938713711,0.0272746990506945,0.0000000000000000
0.0048910347632024,0.0266852001877248,0.0000000000000000
0.0166607519880195,0.0214112464224440,0.0000000000000000
0.0112980119626838,0.0246643923454009,0.0000000000000000
0.0110390531414478,0.0247989338021940,0.0000000000000000
0.0110265203330006,0.0249815101551758,0.0000000000000000
0.0111832166738715,0.0249092350850782,0.0000000000000000
0.0079394935235259,0.0259579000258292,0.0000000000000000
0.0080669595777522,0.0260906606679552,0.0000000000000000
0.0079025455365542,0.0261362345330470,0.0000000000000000
0.0076563467678905,0.0260269568769138,0.0000000000000000
0.0083778662898028,0.0258243215710986,0.0000000000000000
0.0086576750760552,0.0257180546925945,0.0000000000000000
0.0103399710228688,0.0250888315650212,0.0000000000000000
0.0106190171092363,0.0249848361213268,0.0000000000000000
0.0174792322199019,0.0207566239837044,0.0000000000000000
0.0059193458236917,0.0264824223354938,0.0000000000000000
0.0129080607692038,0.0238692210240385,0.0000000000000000
0.0152114728729343,0.0224712177348864,0.0000000000000000
0.0031161044982745,0.0269560908981323,0.0000000000000000
0.0035597193742940,0.0269135718195236,0.0000000000000000
0.0125201546611060,0.0240884420773699,0.0000000000000000
0.0063555718545923,0.0263936120754873,0.0000000000000000
0.0178250444414802,0.0204764436667899,0.0000000000000000
0.0101987527808554,0.0251388696200359,0.0000000000000000
0.0099316689925527,0.0252660317967443,0.0000000000000000
0.0187009105942950,0.0196533271243638,0.0000000000000000
0.0117097565001578,0.0244918396414502,0.0000000000000000
0.0044572655361776,0.0267794982107835,0.0000000000000000
0.0016240426898392,0.0270810748577904,0.0000000000000000
0.0019177440748828,0.0270807000624954,0.0000000000000000
0.0142059284828893,0.0231351274711673,0.0000000000000000
0.0139457323595768,0.0232709836300379,0.0000000000000000
0.0142106663381025,0.0233323862028794,0.0000000000000000
0.0172580486273446,0.0209560369598848,0.0000000000000000
0.0056311914203491,0.0265572270291826,0.0000000000000000
0.0149712391717505,0.0226464521577965,0.0000000000000000
0.0028222110602498,0.0270006632949650,0.0000000000000000
0.0184970098112265,0.0198701095721198,0.0000000000000000
0.0072316264584658,0.0261661089233511,0.0000000000000000
0.0163193891636883,0.0216952468974677,0.0000000000000000
0.0114339155439409,0.0246016848899357,0.0000000000000000
0.0087969988444522,0.0256630110350369,0.0000000000000000
0.0175887102956601,0.0206546506680086,0.0000000000000000
0.0060635064998472,0.0264426022357316,0.0000000000000000
0.0153324081372879,0.0223840691888247,0.0000000000000000
0.0032636563681357,0.0269358405628239,0.0000000000000000
0.0131744256405806,0.0237370319799173,0.0000000000000000
0.0155852400338758,0.0222287120237540,0.0000000000000000
0.0090836872762688,0.0255823485403940,0.0000000000000000
0.0047437358310018,0.0267117783100379,0.0000000000000000
0.0165423707758414,0.0215028393304082,0.0000000000000000
0.0075126373336259,0.0260688014762046,0.0000000000000000
0.0127735212666906,0.0239344789915929,0.0000000000000000
0.0120496676637429,0.0244765745704618,0.0000000000000000
0.0069648626422991,0.0263778609713508,0.0000000000000000
0.0004342838893758,0.0271281022257112,0.0000000000000000
0.0183580855595698,0.0201812359019798,0.0000000000000000
0.0094239296450949,0.0256027162836330,0.0000000000000000
0.0001882347361222,0.0271038167795158,0.0000000000000000
0.0001571308515197,0.0273326176936215,0.0000000000000000
0.0004928891117968,0.0272710926970414,0.0000000000000000
0.0002223323718945,0.0272088546643090,0.0000000000000000
0.0191495161042660,0.0192993231178572,0.0000000000000000
0.0086320343010543,0.0258648482655111,0.0000000000000000
0.0175092246019056,0.0209021000426959,0.0000000000000000
0.0104554747708937,0.0251825090833052,0.0000000000000000
0.0058788509207140,0.0266251780013674,0.0000000000000000
0.0152305785605115,0.0226209967366864,0.0000000000000000
0.0130322754433913,0.0239551101481377,0.0000000000000000
0.0030640493310509,0.0270977076792871,0.0000000000000000
0.0033470614860158,0.0270636586297281,0.0000000000000000
0.0154657054054478,0.0224598155475491,0.0000000000000000
0.0127800633131498,0.0240890030679968,0.0000000000000000
0.0061593278033855,0.0265641208333855,0.0000000000000000
0.0177295945394228,0.0207182548372144,0.0000000000000000
0.0101903020312923,0.0252930620104636,0.0000000000000000
0.0089025813253992,0.0257819231512998,0.0000000000000000
0.0187622407725010,0.0198032369099446,0.0000000000000000
0.0074945824187568,0.0262255390378254,0.0000000000000000
0.0115499169848572,0.0247089789442275,0.0000000000000000
0.0165838259686693,0.0216546338573137,0.0000000000000000
0.0047107086742882,0.0268655296046466,0.0000000000000000
0.0016905378740980,0.0272240884639606,0.0000000000000000
0.0140704730128137,0.0233673222352376,0.0000000000000000
0.0097644511603925,0.0254649109825294,0.0000000000000000
0.0180787967193115,0.0204199234227333,0.0000000000000000
0.0066043385345479,0.0264472019763764,0.0000000000000000
0.0123742295384794,0.0243037902477074,0.0000000000000000
0.0158273180264518,0.0221742568607737,0.0000000000000000
0.0000912385034903,0.0270914730566604,0.0000000000000000
0.0037993718385024,0.0269766434879598,0.0000000000000000
0.0026046238100590,0.0271165494293430,0.0000000000000000
0.0014144730359213,0.0272354288369160,0.0000000000000000
0.0112967624775467,0.0248217297493025,0.0000000000000000
0.0148499115923575,0.0228760981938945,0.0000000000000000
0.0162159361559822,0.0219296771920970,0.0000000000000000
0.0042573196385506,0.0269396243421308,0.0000000000000000
0.0138249647193852,0.0234985735592343,0.0000000000000000
0.0134191602621622,0.0237066590019262,0.0000000000000000
0.0021499600042212,0.0271892595047818,0.0000000000000000
0.0049826459614187,0.0268126930423060,0.0000000000000000
0.0168007130081450,0.0214821599119165,0.0000000000000000
0.0144619285856561,0.0231241924723991,0.0000000000000000
0.0009558025872606,0.0272563900154566,0.0000000000000000
0.0077597656299937,0.0261445327011096,0.0000000000000000
0.0054339246424841,0.0267263768119114,0.0000000000000000
0.0190865417901548,0.0192221360367070,0.0000000000000000
0.0171611083279087,0.0211971871782640,0.0000000000000000
0.0108777567819491,0.0250101893313328,0.0000000000000000
0.0081936483817618,0.0260093267477318,0.0000000000000000
0.0193027533997250,0.0194420409569104,0.0000000000000000
0.0062236964838849,0.0127917132026786,0.0000000000000000
0.0087447985053842,0.0125213446031451,0.0000000000000000
0.0094216936691846,0.0118717275375705,0.0000000000000000
0.0068681149440353,0.0121666274740865,0.0000000000000000
0.0066258634585862,0.0146873628823542,0.0000000000000000
0.0048059297221191,0.0164465709350579,0.0000000000000000
0.0055926934189906,0.0157578799361678,0.0000000000000000
0.0041506062786064,0.0171248184304798,0.0000000000000000
0.0078665207866067,0.0110524492101429,0.0000000000000000
0.0076642948584736,0.0136352129625356,0.0000000000000000
0.0086611655873142,0.0103550817382250,0.0000000000000000
0.0051060911222352,0.0138633305268995,0.0000000000000000
0.0040524526220677,0.0149179518454213,0.0000000000000000
0.0033669242963540,0.0156119754214288,0.0000000000000000
0.0026441361509899,0.0163720851671897,0.0000000000000000
0.0097689915289885,0.0103772554381979,0.0000000000000000
0.0026662536410200,0.0174798766280877,0.0000000000000000
0.0100809829136098,0.0111992648520985,0.0000000000000000
0.0034882815263171,0.0177920009356336,0.0000000000000000
0.0094288030549273,0.0100204234070020,0.0000000000000000
0.0092051496547911,0.0104810034975559,0.0000000000000000
0.0096401393420157,0.0108598332113522,0.0000000000000000
0.0091595467439311,0.0109912880772872,0.0000000000000000
0.0095295961270589,0.0113316564452159,0.0000000000000000
0.0090307160006270,0.0114708270252687,0.0000000000000000
0.0086887679982113,0.0111309597837976,0.0000000000000000
0.0085663499687345,0.0116055404801971,0.0000000000000000
0.0088914168048680,0.0119777861881600,0.0000000000000000
0.0084116881604901,0.0120900056649382,0.0000000000000000
0.0082042084032690,0.0125478853894465,0.0000000000000000
0.0079209887395782,0.0121319569613883,0.0000000000000000
0.0077155502296021,0.0125893366590425,0.0000000000000000
0.0079687530853944,0.0129027827865454,0.0000000000000000
0.0075388482752861,0.0131039566601382,0.0000000000000000
0.0072173700461691,0.0126207191125344,0.0000000000000000
0.0070005715599577,0.0130641664396310,0.0000000000000000
0.0067231295404310,0.0126711800246356,0.0000000000000000
0.0074292700941965,0.0121576933622540,0.0000000000000000
0.0076767955146872,0.0117309132103605,0.0000000000000000
0.0023093308981294,0.0171394693048472,0.0000000000000000
0.0027700560029485,0.0169160265678335,0.0000000000000000
0.0031488731540909,0.0173511427553828,0.0000000000000000
0.0032804411644689,0.0168705781540904,0.0000000000000000
0.0036190443784287,0.0172393261202801,0.0000000000000000
0.0037642980926505,0.0167502368989365,0.0000000000000000
0.0034088278113097,0.0163911608360803,0.0000000000000000
0.0038797564147438,0.0162657356517268,0.0000000000000000
0.0042588005507576,0.0165956921492990,0.0000000000000000
0.0043668238026267,0.0161339028626507,0.0000000000000000
0.0048179538435542,0.0159088620571278,0.0000000000000000
0.0044278216473843,0.0156353426457977,0.0000000000000000
0.0048777359818942,0.0154233212279032,0.0000000000000000
0.0069763633890251,0.0143368627666122,0.0000000000000000
0.0064975713163064,0.0142085708385601,0.0000000000000000
0.0061470714682498,0.0145590712777264,0.0000000000000000
0.0060245870464857,0.0140787229734811,0.0000000000000000
0.0063728835141531,0.0137408155360204,0.0000000000000000
0.0056795121883475,0.0144334210739184,0.0000000000000000
0.0057984438810071,0.0149100118086560,0.0000000000000000
0.0053401030598655,0.0147855220837263,0.0000000000000000
0.0059172565996401,0.0136135238801579,0.0000000000000000
0.0037009552145602,0.0152637130547979,0.0000000000000000
0.0038921473593725,0.0157528918679090,0.0000000000000000
0.0044060845538647,0.0145779480585179,0.0000000000000000
0.0045416511911088,0.0150968665744704,0.0000000000000000
0.0083242161659088,0.0107684398884966,0.0000000000000000
0.0030536136859908,0.0160392469573281,0.0000000000000000
0.0073268634640720,0.0139863629880528,0.0000000000000000
0.0047512178444220,0.0142224321095449,0.0000000000000000
0.0062756756157385,0.0150379364877024,0.0000000000000000
0.0068476639962839,0.0138675775135906,0.0000000000000000
0.0059282829048009,0.0153916183102082,0.0000000000000000
0.0053935559006266,0.0152895662560440,0.0000000000000000
0.0071921186670556,0.0135127328610550,0.0000000000000000
0.0101328289065935,0.0107092216395897,0.0000000000000000
0.0029982310518001,0.0178438130534277,0.0000000000000000
0.0089628693246325,0.0100085745338053,0.0000000000000000
0.0022975558190290,0.0166737159215778,0.0000000000000000
0.0055636812491655,0.0139696896275205,0.0000000000000000
0.0058119077590767,0.0131546891681280,0.0000000000000000
0.0048830034898168,0.0146794312152711,0.0000000000000000
0.0062678061184664,0.0132777122019447,0.0000000000000000
0.0052206014923088,0.0143256377728135,0.0000000000000000
0.0054537022695331,0.0135079181562209,0.0000000000000000
0.0067087789587779,0.0134203300678946,0.0000000000000000
0.0052448951962196,0.0161049018708796,0.0000000000000000
0.0081241589766992,0.0117361735376791,0.0000000000000000
0.0072044764844671,0.0117265183636494,0.0000000000000000
0.0084304350853947,0.0129431097723516,0.0000000000000000
0.0045853889937989,0.0168528881169424,0.0000000000000000
0.0082484693786583,0.0112882372490244,0.0000000000000000
0.0098400166103807,0.0116150917852802,0.0000000000000000
0.0039017486754398,0.0175491909452225,0.0000000000000000
0.0041230056068987,0.0153333531976793,0.0000000000000000
0.0030201950134085,0.0165439854909692,0.0000000000000000
0.0088264656150574,0.0107347824552688,0.0000000000000000
0.0091573314955026,0.0123039933913181,0.0000000000000000
0.0035192785400577,0.0160048379638874,0.0000000000000000
0.0075057444483211,0.0113524460264008,0.0000000000000000
0.0065847965323036,0.0130450203873569,0.0000000000000000
0.0051853668682571,0.0156969062696245,0.0000000000000000
0.0080212071381489,0.0133456034723007,0.0000000000000000
0.0064314726663177,0.0123899722404077,0.0000000000000000
0.0050427342668485,0.0150645890939630,0.0000000000000000
0.0091931940544657,0.0097106181685110,0.0000000000000000
0.0019992431731984,0.0169041951320158,0.0000000000000000
0.0032483268420507,0.0181582090587831,0.0000000000000000
0.0104472096099468,0.0109593262908894,0.0000000000000000
0.0078947562652216,0.0114331343458962,0.0000000000000000
0.0136924797067704,0.0231324910673914,0.0000000000000000
0.0126637447742110,0.0237336769020624,0.0000000000000000
0.0146942528044790,0.0224962410328917,0.0000000000000000
0.0115914013293511,0.0242427300240371,0.0000000000000000
0.0105139010992508,0.0247325329253546,0.0000000000000000
0.0093985156482233,0.0251582157040161,0.0000000000000000
0.0155464767221062,0.0219264760912565,0.0000000000000000
0.0084556731669217,0.0255254559846033,0.0000000000000000
0.0074414477707641,0.0258246800158458,0.0000000000000000
0.0064376400052850,0.0260972890041185,0.0000000000000000
0.0054264266345943,0.0263172711267992,0.0000000000000000
0.0044081963637731,0.0265065688296883,0.0000000000000000
0.0146113559055079,0.0150192722528216,0.0000000000000000
0.0006909954607707,0.0225558154398264,0.0000000000000000
0.0162651357628233,0.0213988659719970,0.0000000000000000
0.0157670226053524,0.0161444071966991,0.0000000000000000
0.0035265540517213,0.0266384737196010,0.0000000000000000
0.0006691580321349,0.0237025498741472,0.0000000000000000
0.0169597868780224,0.0208166707253304,0.0000000000000000
0.0072226236860078,0.0152832076916341,0.0000000000000000
0.0167026390940729,0.0169967698512780,0.0000000000000000
0.0027815251865248,0.0267336648614927,0.0000000000000000
0.0055558050414328,0.0170750349450434,0.0000000000000000
0.0040978254785195,0.0183788932793828,0.0000000000000000
0.0006785550588902,0.0247105583944948,0.0000000000000000
0.0175367178977179,0.0203569990027052,0.0000000000000000
0.0173391637446339,0.0176244019652160,0.0000000000000000
0.0136240556959842,0.0140723342973670,0.0000000000000000
0.0007107458756628,0.0216290027450814,0.0000000000000000
0.0020746611033994,0.0267792307484829,0.0000000000000000
0.0131773153621724,0.0234199532479291,0.0000000000000000
0.0142042243777296,0.0227959740817580,0.0000000000000000
0.0110586743575057,0.0244979978142219,0.0000000000000000
0.0121254578882127,0.0239795357864359,0.0000000000000000
0.0099540117877053,0.0249568289905457,0.0000000000000000
0.0179790844685800,0.0199699120483026,0.0000000000000000
0.0006494972155084,0.0254466966206930,0.0000000000000000
0.0087006389173555,0.0138805409629776,0.0000000000000000
0.0179511837427700,0.0181963772078717,0.0000000000000000
0.0008788683044632,0.0110508322113904,0.0000000000000000
0.0014605406715342,0.0268311700554721,0.0000000000000000
0.0007573334685682,0.0205349671450231,0.0000000000000000
0.0127941234539744,0.0132628534690176,0.0000000000000000
0.0051490749269534,0.0125011561255775,0.0000000000000000
0.0007197778804565,0.0197595737163530,0.0000000000000000
0.0006582890208850,0.0259663073663321,0.0000000000000000
0.0183558531655051,0.0185658530419086,0.0000000000000000
0.0039971153494566,0.0265571540129691,0.0000000000000000
0.0048402127184333,0.0264097971408803,0.0000000000000000
0.0151907497369103,0.0221760275698781,0.0000000000000000
0.0159064826384383,0.0216638872993535,0.0000000000000000
0.0166185470596569,0.0211156046362371,0.0000000000000000
0.0183140638793046,0.0196644436153500,0.0000000000000000
0.0089956321345928,0.0253173803740246,0.0000000000000000
0.0080095129984498,0.0256509207716264,0.0000000000000000
0.0070076839255006,0.0259504164999224,0.0000000000000000
0.0059909718858369,0.0262157378231923,0.0000000000000000
0.0008240688267588,0.0124691791534473,0.0000000000000000
0.0063127176244705,0.0115154884559537,0.0000000000000000
0.0030209721473016,0.0084507405948312,0.0000000000000000
0.0096864471034616,0.0128409468779795,0.0000000000000000
0.0041987006685599,0.0136485224151555,0.0000000000000000
0.0072759815579583,0.0105519459475645,0.0000000000000000
0.0008210252549517,0.0136311993503442,0.0000000000000000
0.0042995817341799,0.0079640327669132,0.0000000000000000
0.0072383345775279,0.0079087141760469,0.0000000000000000
0.0006367523137132,0.0264550963058890,0.0000000000000000
0.0186396850049407,0.0193654153411155,0.0000000000000000
0.0007795316677868,0.0188693544742726,0.0000000000000000
0.0031055966864701,0.0146720958597195,0.0000000000000000
0.0027073104451999,0.0187912321970748,0.0000000000000000
0.0031053184222408,0.0191282893169450,0.0000000000000000
0.0118431981702603,0.0123889813359978,0.0000000000000000
0.0026604432203935,0.0192621800033470,0.0000000000000000
0.0029876263666447,0.0195687178901571,0.0000000000000000
0.0025555938844996,0.0196833902509557,0.0000000000000000
0.0028790893810617,0.0199898425860652,0.0000000000000000
0.0032882119592192,0.0198826639949842,0.0000000000000000
0.0031825194457977,0.0202890500614486,0.0000000000000000
0.0035677602019368,0.0201886965436201,0.0000000000000000
0.0034615783193294,0.0205752547897181,0.0000000000000000
0.0038391684063331,0.0204807509812637,0.0000000000000000
0.0037251016397736,0.0208606370849922,0.0000000000000000
0.0041003868987070,0.0207648384415174,0.0000000000000000
0.0039868587006550,0.0211328823235823,0.0000000000000000
0.0043536686195939,0.0210391373166607,0.0000000000000000
0.0042507325671037,0.0213874897799164,0.0000000000000000
0.0046001678555777,0.0213027697941544,0.0000000000000000
0.0044885193984507,0.0216460589830410,0.0000000000000000
0.0048378643872119,0.0215602155518173,0.0000000000000000
0.0047272212405354,0.0218915424767717,0.0000000000000000
0.0050712993479567,0.0218054088541651,0.0000000000000000
0.0049760353997086,0.0221216049942647,0.0000000000000000
0.0052932890075279,0.0220418339812708,0.0000000000000000
0.0053869218600402,0.0217341522776864,0.0000000000000000
0.0056040458101667,0.0219691048943820,0.0000000000000000
0.0056994935867485,0.0216638353062294,0.0000000000000000
0.0059144381991696,0.0218966460072937,0.0000000000000000
0.0060098024360087,0.0215943734882479,0.0000000000000000
0.0062224836270048,0.0218248942468911,0.0000000000000000
0.0063202013552174,0.0215427305344519,0.0000000000000000
0.0065299519805186,0.0217552020786658,0.0000000000000000
0.0066270260767964,0.0214791208449636,0.0000000000000000
0.0068314775051242,0.0216849220890733,0.0000000000000000
0.0069242345857924,0.0213948197984440,0.0000000000000000
0.0071271131594080,0.0216174322050182,0.0000000000000000
0.0072195188393621,0.0213237096738571,0.0000000000000000
0.0074229019066304,0.0215539977343327,0.0000000000000000
0.0075135826211814,0.0212588540064611,0.0000000000000000
0.0077150883196433,0.0214868874704161,0.0000000000000000
0.0078049701560136,0.0211983363546616,0.0000000000000000
0.0080080120794985,0.0214111579055352,0.0000000000000000
0.0080933927836798,0.0211338004828292,0.0000000000000000
0.0082939678036315,0.0213431285802655,0.0000000000000000
0.0083770260857897,0.0210672947759424,0.0000000000000000
0.0085716008503987,0.0212776741292806,0.0000000000000000
0.0086570327906268,0.0210043924342284,0.0000000000000000
0.0088489376922286,0.0212128092784781,0.0000000000000000
0.0089336578635454,0.0209429743767832,0.0000000000000000
0.0091234691623253,0.0211488295162154,0.0000000000000000
0.0092072407849662,0.0208823006150114,0.0000000000000000
0.0093947967793559,0.0210857046146582,0.0000000000000000
0.0094783357854758,0.0208256031578032,0.0000000000000000
0.0096630323914797,0.0210296932544495,0.0000000000000000
0.0097456661945060,0.0207679784569321,0.0000000000000000
0.0099302567827477,0.0209627079386553,0.0000000000000000
0.0100094028271959,0.0207055563410603,0.0000000000000000
0.0101900471447623,0.0209037203545653,0.0000000000000000
0.0102699808796970,0.0206474049808012,0.0000000000000000
0.0104480305571705,0.0208424922544632,0.0000000000000000
0.0105286167007049,0.0205898919191855,0.0000000000000000
0.0103500134030106,0.0203930228093222,0.0000000000000000
0.0106105788640327,0.0203336899874800,0.0000000000000000
0.0107824914489430,0.0205312025713691,0.0000000000000000
0.0108591021610012,0.0202747715830810,0.0000000000000000
0.0106919794503000,0.0200753474821664,0.0000000000000000
0.0109555237963545,0.0200233514921915,0.0000000000000000
0.0111107558972863,0.0202503270841657,0.0000000000000000
0.0112057994691396,0.0199718797027718,0.0000000000000000
0.0110456281907263,0.0197693320995884,0.0000000000000000
0.0113176379021045,0.0197204514183035,0.0000000000000000
0.0114743766286128,0.0199559320083010,0.0000000000000000
0.0115776630671015,0.0196699147413461,0.0000000000000000
0.0114206111274440,0.0194748925185681,0.0000000000000000
0.0116750622722070,0.0194233541625584,0.0000000000000000
0.0118464316594719,0.0196213545302592,0.0000000000000000
0.0119384601020374,0.0193677694124537,0.0000000000000000
0.0117737161287584,0.0191732027549956,0.0000000000000000
0.0121088208476509,0.0195733372782057,0.0000000000000000
0.0092786042320742,0.0206127819972588,0.0000000000000000
0.0122015606561339,0.0193234045896125,0.0000000000000000
0.0123697792961929,0.0195264651119437,0.0000000000000000
0.0124621145667115,0.0192839042035348,0.0000000000000000
0.0126278625989891,0.0194809904536979,0.0000000000000000
0.0127190810552927,0.0192417696992551,0.0000000000000000
0.0128826175450073,0.0194357383066469,0.0000000000000000
0.0125347997070686,0.0197211380668562,0.0000000000000000
0.0046610328574520,0.0222013131532604,0.0000000000000000
0.0129720335394705,0.0191956741664797,0.0000000000000000
0.0127866551585274,0.0189994810533135,0.0000000000000000
0.0131336849811119,0.0193901418326105,0.0000000000000000
0.0084907479412788,0.0215481901187904,0.0000000000000000
0.0095732507220513,0.0212971180002066,0.0000000000000000
0.0073198744502208,0.0218539224515598,0.0000000000000000
0.0132221845042214,0.0191531530580543,0.0000000000000000
0.0133818021989313,0.0193456129724657,0.0000000000000000
0.0061332687088729,0.0221174129080312,0.0000000000000000
0.0048857192895271,0.0224220765318511,0.0000000000000000
0.0045967634234292,0.0225022914963542,0.0000000000000000
0.0134691382563675,0.0191111397483936,0.0000000000000000
0.0136267348165618,0.0193031609656421,0.0000000000000000
0.0135415109787348,0.0195323971484445,0.0000000000000000
0.0137800769614169,0.0194827479803274,0.0000000000000000
0.0138645674524094,0.0192634179002448,0.0000000000000000
0.0140152447393470,0.0194405066697814,0.0000000000000000
0.0047996487695430,0.0227134997785169,0.0000000000000000
0.0045126565502956,0.0227896295716939,0.0000000000000000
0.0141009482865440,0.0192279403082327,0.0000000000000000
0.0142500641234559,0.0194102530984873,0.0000000000000000
0.0136958053720737,0.0197216680465784,0.0000000000000000
0.0047151686564544,0.0229929484177968,0.0000000000000000
0.0044414394183832,0.0230661038245240,0.0000000000000000
0.0081615332707691,0.0208535102268260,0.0000000000000000
0.0143319727528366,0.0191911208208298,0.0000000000000000
0.0144799399287327,0.0193686171922319,0.0000000000000000
0.0046349906712509,0.0232577665873873,0.0000000000000000
0.0043675643765400,0.0233259038656969,0.0000000000000000
0.0041745208604948,0.0231393629564715,0.0000000000000000
0.0041059084861773,0.0233940814097986,0.0000000000000000
0.0145594743745659,0.0191543511118298,0.0000000000000000
0.0144133346667448,0.0189735397949247,0.0000000000000000
0.0147031694162803,0.0193323360926618,0.0000000000000000
0.0146259415166486,0.0195414013176261,0.0000000000000000
0.0039199020488001,0.0232225183230426,0.0000000000000000
0.0038530466511357,0.0234693969711283,0.0000000000000000
0.0040659181680505,0.0236787506066981,0.0000000000000000
0.0037928956638666,0.0237200730914263,0.0000000000000000
0.0148443466172599,0.0195042082089703,0.0000000000000000
0.0149222922180530,0.0192983315159157,0.0000000000000000
0.0036085471362668,0.0235399426943727,0.0000000000000000
0.0035478912589569,0.0237825393693420,0.0000000000000000
0.0037217645909493,0.0239551379873928,0.0000000000000000
0.0034880027203423,0.0240199487471644,0.0000000000000000
0.0150620170308323,0.0194702484311005,0.0000000000000000
0.0151390520588074,0.0192666644555445,0.0000000000000000
0.0147668233307950,0.0197097333691589,0.0000000000000000
0.0152759296089096,0.0194333263538498,0.0000000000000000
0.0153525255319985,0.0192338735018553,0.0000000000000000
0.0033674909597018,0.0236082275005156,0.0000000000000000
0.0070260022969637,0.0210994461958740,0.0000000000000000
0.0036562431093155,0.0241870410955639,0.0000000000000000
0.0034314833044715,0.0242495463279267,0.0000000000000000
0.0154933854260791,0.0194035734022803,0.0000000000000000
0.0155639656212499,0.0192094697065571,0.0000000000000000
0.0154499986321697,0.0190538827346658,0.0000000000000000
0.0157039841961390,0.0193757226357401,0.0000000000000000
0.0035949346156095,0.0244122878492228,0.0000000000000000
0.0033764888477477,0.0244706430539202,0.0000000000000000
0.0154089644613134,0.0196276986495863,0.0000000000000000
0.0157699670005323,0.0191745414116855,0.0000000000000000
0.0159056500373891,0.0193415418345026,0.0000000000000000
0.0103727678562965,0.0210922889994083,0.0000000000000000
0.0032126433236505,0.0243134527921197,0.0000000000000000
0.0031591227705355,0.0245297485951020,0.0000000000000000
0.0029984938922727,0.0243764133185418,0.0000000000000000
0.0029462355958493,0.0245887460456115,0.0000000000000000
0.0027885099249433,0.0244383365953889,0.0000000000000000
0.0027375138456100,0.0246477369633430,0.0000000000000000
0.0028910853054870,0.0247959025228540,0.0000000000000000
0.0026875328379006,0.0248538075919597,0.0000000000000000
0.0038156921769245,0.0243516932598648,0.0000000000000000
0.0037579248136563,0.0245699952558351,0.0000000000000000
0.0039719358619057,0.0245130754126286,0.0000000000000000
0.0159745984555304,0.0191476238196371,0.0000000000000000
0.0161001312831665,0.0192881428142255,0.0000000000000000
0.0061494884687298,0.0212626617843389,0.0000000000000000
0.0025816342859259,0.0244990999373786,0.0000000000000000
0.0028352069743586,0.0249987931435858,0.0000000000000000
0.0026394706320368,0.0250536444533503,0.0000000000000000
0.0160537904914417,0.0194998848148310,0.0000000000000000
0.0039145668581144,0.0247241832897336,0.0000000000000000
0.0041228521075251,0.0246704702558630,0.0000000000000000
0.0161753295001416,0.0191198237314637,0.0000000000000000
0.0160469340562005,0.0189492691593816,0.0000000000000000
0.0162977940433009,0.0192500276429769,0.0000000000000000
0.0048965279796596,0.0231834652608139,0.0000000000000000
0.0033557524578454,0.0209516108249067,0.0000000000000000
0.0163731829141488,0.0190862620927954,0.0000000000000000
0.0164947427093336,0.0192223238658063,0.0000000000000000
0.0040673477944122,0.0248754057129276,0.0000000000000000
0.0042704782568496,0.0248239740128892,0.0000000000000000
0.0027797533530331,0.0251948623071818,0.0000000000000000
0.0025910425505620,0.0252460116101516,0.0000000000000000
0.0024485109461238,0.0251099962866440,0.0000000000000000
0.0024025266192347,0.0252991388721270,0.0000000000000000
0.0022614014105416,0.0251658015542639,0.0000000000000000
0.0022154351496337,0.0253525926072179,0.0000000000000000
0.0165684844229630,0.0190587007626742,0.0000000000000000
0.0166922289058876,0.0191985760567880,0.0000000000000000
0.0166075606043125,0.0193853340487684,0.0000000000000000
0.0044449187756589,0.0207007471152364,0.0000000000000000
0.0042146748718351,0.0250234503958033,0.0000000000000000
0.0044136419755638,0.0249736070751014,0.0000000000000000
0.0044709886899695,0.0247732794229714,0.0000000000000000
0.0046140553671826,0.0249237019328478,0.0000000000000000
0.0046725984544556,0.0247228773084727,0.0000000000000000
0.0048154706120706,0.0248637768582427,0.0000000000000000
0.0048752026488728,0.0246700115342181,0.0000000000000000
0.0050197669737466,0.0248113293293380,0.0000000000000000
0.0050796443100295,0.0246197401713062,0.0000000000000000
0.0052268609276201,0.0247691787074362,0.0000000000000000
0.0052846708219349,0.0245689504167632,0.0000000000000000
0.0054382039197321,0.0247206187329958,0.0000000000000000
0.0054919237865846,0.0245180715730235,0.0000000000000000
0.0056488094136226,0.0246703289484776,0.0000000000000000
0.0056989101118940,0.0244649385156001,0.0000000000000000
0.0058502050261299,0.0246179600656096,0.0000000000000000
0.0059050650915007,0.0244132058508526,0.0000000000000000
0.0060521062489913,0.0245658323100198,0.0000000000000000
0.0061109735800015,0.0243609616706058,0.0000000000000000
0.0062579730530215,0.0245138940141711,0.0000000000000000
0.0063176517724399,0.0243099889545163,0.0000000000000000
0.0064664951829100,0.0244661618556005,0.0000000000000000
0.0065246215212458,0.0242596245441698,0.0000000000000000
0.0066728306111964,0.0244247029682442,0.0000000000000000
0.0067308461234316,0.0242101567817409,0.0000000000000000
0.0068781259059787,0.0243597964479627,0.0000000000000000
0.0069367795621933,0.0241579625158376,0.0000000000000000
0.0070856146620221,0.0243058729678592,0.0000000000000000
0.0071424640563002,0.0241064222968108,0.0000000000000000
0.0072908713492202,0.0242539227160452,0.0000000000000000
0.0073467527880303,0.0240534624115849,0.0000000000000000
0.0074918327426195,0.0242041865739665,0.0000000000000000
0.0075501276974183,0.0240033572939291,0.0000000000000000
0.0076944159660219,0.0241534046736187,0.0000000000000000
0.0077528175118376,0.0239530330528715,0.0000000000000000
0.0078958582675674,0.0241043094032488,0.0000000000000000
0.0079524007046550,0.0239052632006378,0.0000000000000000
0.0080966484879626,0.0240543356165853,0.0000000000000000
0.0081429766629854,0.0238472918873574,0.0000000000000000
0.0082966666248922,0.0240006341108035,0.0000000000000000
0.0083434009136147,0.0237936422573651,0.0000000000000000
0.0084952174301455,0.0239495187131096,0.0000000000000000
0.0085551273084995,0.0237637583036503,0.0000000000000000
0.0086963368982220,0.0239025154408826,0.0000000000000000
0.0087533831348554,0.0237064510759166,0.0000000000000000
0.0088929784640190,0.0238521249974235,0.0000000000000000
0.0089471625486057,0.0236451376486518,0.0000000000000000
0.0090901327977969,0.0238034561600109,0.0000000000000000
0.0091448335642998,0.0236077312444677,0.0000000000000000
0.0084365481126722,0.0236211986141960,0.0000000000000000
0.0092829648298127,0.0237541101289595,0.0000000000000000
0.0093392080024717,0.0235616700390981,0.0000000000000000
0.0094771407167759,0.0237053188192666,0.0000000000000000
0.0095333580564347,0.0235136285949938,0.0000000000000000
0.0093940154471272,0.0233680147102637,0.0000000000000000
0.0095911061507199,0.0233208163791534,0.0000000000000000
0.0097266933953086,0.0234669931591515,0.0000000000000000
0.0097874307829999,0.0232747600013902,0.0000000000000000
0.0099225321083211,0.0234209698867162,0.0000000000000000
0.0099830425132248,0.0232304395965135,0.0000000000000000
0.0101186648749262,0.0233749241795865,0.0000000000000000
0.0101775677612202,0.0231861018982806,0.0000000000000000
0.0103122132722587,0.0233291642079256,0.0000000000000000
0.0103702240530772,0.0231403010574024,0.0000000000000000
0.0071802528210244,0.0239045341529573,0.0000000000000000
0.0105035269254083,0.0232841712782884,0.0000000000000000
0.0105623055122518,0.0230958251733278,0.0000000000000000
0.0104270030294427,0.0229494499099833,0.0000000000000000
0.0106221887415299,0.0229054074516937,0.0000000000000000
0.0107555416003939,0.0230486973298369,0.0000000000000000
0.0108175462986137,0.0228623622354843,0.0000000000000000
0.0109499851007681,0.0230041128124052,0.0000000000000000
0.0110113498469246,0.0228236506725806,0.0000000000000000
0.0111431970071156,0.0229645778888239,0.0000000000000000
0.0112033678499797,0.0227832050304794,0.0000000000000000
0.0113262290778605,0.0229189482141960,0.0000000000000000
0.0113917297315033,0.0227326759813166,0.0000000000000000
0.0094504171438151,0.0231707459219841,0.0000000000000000
0.0112548236357287,0.0226047125092912,0.0000000000000000
0.0114536397358560,0.0225544470160315,0.0000000000000000
0.0116042470752570,0.0227113792579243,0.0000000000000000
0.0116473031853713,0.0225105741606876,0.0000000000000000
0.0115111549104423,0.0223691166853332,0.0000000000000000
0.0117107063058467,0.0223235832835252,0.0000000000000000
0.0118426013887422,0.0224722879183791,0.0000000000000000
0.0119075264607016,0.0222845159893102,0.0000000000000000
0.0117757902526557,0.0221326505282702,0.0000000000000000
0.0119739708735551,0.0220959697790560,0.0000000000000000
0.0121037647645725,0.0222476222583949,0.0000000000000000
0.0121707477264177,0.0220605048700205,0.0000000000000000
0.0122987878110832,0.0222115998046562,0.0000000000000000
0.0123662714491824,0.0220250457536587,0.0000000000000000
0.0122384737626847,0.0218732016776439,0.0000000000000000
0.0124367061234824,0.0218458933937045,0.0000000000000000
0.0125630975177952,0.0219920401855215,0.0000000000000000
0.0126330164456932,0.0218130152314073,0.0000000000000000
0.0127586153121553,0.0219579691770634,0.0000000000000000
0.0128272330559400,0.0217782029979810,0.0000000000000000
0.0125100121361449,0.0216556929334874,0.0000000000000000
0.0129432121308543,0.0219220221095671,0.0000000000000000
0.0130181942872832,0.0217477419867779,0.0000000000000000
0.0131379880536754,0.0219056012515375,0.0000000000000000
0.0132090727497409,0.0217105212416183,0.0000000000000000
0.0130788662031943,0.0215741291122520,0.0000000000000000
0.0132775069478716,0.0215311940107504,0.0000000000000000
0.0133972360684151,0.0216586803413135,0.0000000000000000
0.0134691791417798,0.0214854034651098,0.0000000000000000
0.0133480654356165,0.0213440907394910,0.0000000000000000
0.0135424715485108,0.0213150257937385,0.0000000000000000
0.0136632907102821,0.0214643214022015,0.0000000000000000
0.0137354702339926,0.0212888536351182,0.0000000000000000
0.0138532388229022,0.0214292207175858,0.0000000000000000
0.0139257540900779,0.0212613307656453,0.0000000000000000
0.0078200744695401,0.0237666034484699,0.0000000000000000
0.0061730820697648,0.0241516382004259,0.0000000000000000
0.0020769666429319,0.0252209457035660,0.0000000000000000
0.0020328353151328,0.0254056854948494,0.0000000000000000
0.0140435831444171,0.0214101405182725,0.0000000000000000
0.0141141179617939,0.0212364692213813,0.0000000000000000
0.0027318276144936,0.0253826922128874,0.0000000000000000
0.0021689715693060,0.0255354512630410,0.0000000000000000
0.0019891634158465,0.0255870873190777,0.0000000000000000
0.0167601800898827,0.0190214538503499,0.0000000000000000
0.0166126112170995,0.0188619882641988,0.0000000000000000
0.0168833874895854,0.0191668018807457,0.0000000000000000
0.0064056009153161,0.0246666616447415,0.0000000000000000
0.0104854348868170,0.0227554772432840,0.0000000000000000
0.0128739837508409,0.0221018429267603,0.0000000000000000
0.0054050363123183,0.0249130721324577,0.0000000000000000
0.0026297097731721,0.0242909949144515,0.0000000000000000
0.0024239912845043,0.0243519066185446,0.0000000000000000
0.0024725189997855,0.0241411789441880,0.0000000000000000
0.0022661047557052,0.0242043106202604,0.0000000000000000
0.0023165288196040,0.0239881674159401,0.0000000000000000
0.0040165714523209,0.0250757405585052,0.0000000000000000
0.0047781210058284,0.0250703540251979,0.0000000000000000
0.0074394314311663,0.0243979579257060,0.0000000000000000
0.0142423038535429,0.0213722292681776,0.0000000000000000
0.0143091511086370,0.0212051180342302,0.0000000000000000
0.0134205748583132,0.0211606163816186,0.0000000000000000
0.0082418721547959,0.0241980038872657,0.0000000000000000
0.0041608327035246,0.0252187801981397,0.0000000000000000
0.0039697240119572,0.0252704313091480,0.0000000000000000
0.0018949106895108,0.0252752397376767,0.0000000000000000
0.0139642009317268,0.0215949683237793,0.0000000000000000
0.0141851434607821,0.0210621594054249,0.0000000000000000
0.0143740521826655,0.0210354225943221,0.0000000000000000
0.0144993108100859,0.0211773333168112,0.0000000000000000
0.0145614811071604,0.0210106933901760,0.0000000000000000
0.0088350337644806,0.0240455842577936,0.0000000000000000
0.0100525399267914,0.0235635165842408,0.0000000000000000
0.0146792410590665,0.0211546803162933,0.0000000000000000
0.0147451316943472,0.0209876390116498,0.0000000000000000
0.0110666064087484,0.0231453272387336,0.0000000000000000
0.0021070705775290,0.0240532430342558,0.0000000000000000
0.0021577650918203,0.0238354838702907,0.0000000000000000
0.0169498854123269,0.0189910881694557,0.0000000000000000
0.0170691394366056,0.0191383254673531,0.0000000000000000
0.0094229743169450,0.0238950280669569,0.0000000000000000
0.0021218371003943,0.0257138483588978,0.0000000000000000
0.0019472718228683,0.0257638139159777,0.0000000000000000
0.0148546405445093,0.0211322558232133,0.0000000000000000
0.0149263344217789,0.0209653346317079,0.0000000000000000
0.0142563941400859,0.0208842118837248,0.0000000000000000
0.0041074341547110,0.0254071184551459,0.0000000000000000
0.0039228989052044,0.0254576465496203,0.0000000000000000
0.0150302163504920,0.0211083620114888,0.0000000000000000
0.0151060589944182,0.0209425969907009,0.0000000000000000
0.0171362004070415,0.0189626261088140,0.0000000000000000
0.0172528150262457,0.0191090843547357,0.0000000000000000
0.0171870067387827,0.0192803722631374,0.0000000000000000
0.0173673766454235,0.0192511609804142,0.0000000000000000
0.0174322710004686,0.0190825904027218,0.0000000000000000
0.0019472939596905,0.0239001854607281,0.0000000000000000
0.0019994470405340,0.0236838414788918,0.0000000000000000
0.0018951865452059,0.0241111616308578,0.0000000000000000
0.0022133933592986,0.0236178303590828,0.0000000000000000
0.0020500866092458,0.0234602424238727,0.0000000000000000
0.0022701360842942,0.0233943778045524,0.0000000000000000
0.0021001625281927,0.0232307406733395,0.0000000000000000
0.0023294933222381,0.0231638069167966,0.0000000000000000
0.0021532620970774,0.0229949678298400,0.0000000000000000
0.0023968395872400,0.0229264147708454,0.0000000000000000
0.0022062041469029,0.0227495087753426,0.0000000000000000
0.0024626690108406,0.0226790041700239,0.0000000000000000
0.0022631483882777,0.0224941425708283,0.0000000000000000
0.0018861608798856,0.0233086341642390,0.0000000000000000
0.0147902710159813,0.0212926414266263,0.0000000000000000
0.0173034087978083,0.0194202217161462,0.0000000000000000
0.0150071186429874,0.0208113602829018,0.0000000000000000
0.0151805371451961,0.0207875402466292,0.0000000000000000
0.0152877440643812,0.0209211560511713,0.0000000000000000
0.0153584814580289,0.0207586344153654,0.0000000000000000
0.0025246627248958,0.0224202655318276,0.0000000000000000
0.0023259158937347,0.0222317447587313,0.0000000000000000
0.0020618700897267,0.0223092641086593,0.0000000000000000
0.0021242957988899,0.0220432953616658,0.0000000000000000
0.0040547753511846,0.0255871778983967,0.0000000000000000
0.0038747815884706,0.0256398388009291,0.0000000000000000
0.0154661244573648,0.0208975123545102,0.0000000000000000
0.0155358382318648,0.0207371361459689,0.0000000000000000
0.0055369569364614,0.0243112400409140,0.0000000000000000
0.0020763321429806,0.0258884909119749,0.0000000000000000
0.0019046476502228,0.0259334172026328,0.0000000000000000
0.0017774806418746,0.0258158319651547,0.0000000000000000
0.0017361656325593,0.0259818432764121,0.0000000000000000
0.0016110532589640,0.0258663614395941,0.0000000000000000
0.0015714527528779,0.0260339395077822,0.0000000000000000
0.0152515780467814,0.0206342597309021,0.0000000000000000
0.0024382497041548,0.0201221221054435,0.0000000000000000
0.0018438943468460,0.0087209548482631,0.0000000000000000
0.0042424849742788,0.0255382986593802,0.0000000000000000
0.0037428102007604,0.0255091031947625,0.0000000000000000
0.0036952682946617,0.0256879275154127,0.0000000000000000
0.0008092773842633,0.0148031358694486,0.0000000000000000
0.0022482835940701,0.0258403922513427,0.0000000000000000
0.0175447416522741,0.0192226901191098,0.0000000000000000
0.0049470288421578,0.0244636684769566,0.0000000000000000
0.0022033360293846,0.0260106070343788,0.0000000000000000
0.0023709807515495,0.0259643156429915,0.0000000000000000
0.0176097140456480,0.0190568566257448,0.0000000000000000
0.0017387002424720,0.0239637341594629,0.0000000000000000
0.0016899694852520,0.0241741817035862,0.0000000000000000
0.0027204451045860,0.0226115975929454,0.0000000000000000
0.0027877942794587,0.0223416975490412,0.0000000000000000
0.0156422674816516,0.0208749325381331,0.0000000000000000
0.0157107646770826,0.0207142856308993,0.0000000000000000
0.0039917534088212,0.0257693518088319,0.0000000000000000
0.0014446368245915,0.0259166937391053,0.0000000000000000
0.0014027275464284,0.0260845675856930,0.0000000000000000
0.0014849469818567,0.0257485932567116,0.0000000000000000
0.0019386966538723,0.0250894774133030,0.0000000000000000
0.0017549980357006,0.0251441058154726,0.0000000000000000
0.0023278620986071,0.0261312762622543,0.0000000000000000
0.0024962860326322,0.0260813239154950,0.0000000000000000
0.0018626515615931,0.0221250493550747,0.0000000000000000
0.0019122341716783,0.0218516163357061,0.0000000000000000
0.0177185713383379,0.0191956549241863,0.0000000000000000
0.0041145550188568,0.0217269263604670,0.0000000000000000
0.0055288838088623,0.0222554968284733,0.0000000000000000
0.0067330511683278,0.0219795616256341,0.0000000000000000
0.0021905259638094,0.0217678434971661,0.0000000000000000
0.0019684933171876,0.0215698111212219,0.0000000000000000
0.0079274652954445,0.0216979365445783,0.0000000000000000
0.0090429785172889,0.0214156161133970,0.0000000000000000
0.0070350425290554,0.0245134069109588,0.0000000000000000
0.0059965073690380,0.0247673344668380,0.0000000000000000
0.0078347152618433,0.0243031357755608,0.0000000000000000
0.0035649751179336,0.0255600403937739,0.0000000000000000
0.0035221453732433,0.0257375235518959,0.0000000000000000
0.0036490310160526,0.0258628530464127,0.0000000000000000
0.0034794071869204,0.0259102110075574,0.0000000000000000
0.0030570572835076,0.0249515311457526,0.0000000000000000
0.0016810835455852,0.0261519076477443,0.0000000000000000
0.0141465674694184,0.0145663886774152,0.0000000000000000
0.0130485181746119,0.0196275298286650,0.0000000000000000
0.0153249108288869,0.0156880258525076,0.0000000000000000
0.0104469686037758,0.0234700976039466,0.0000000000000000
0.0163166151070534,0.0166281589885872,0.0000000000000000
0.0170876548495252,0.0173352758281983,0.0000000000000000
0.0141806278919421,0.0196129725838848,0.0000000000000000
0.0176742430538839,0.0179155932207459,0.0000000000000000
0.0158152937716883,0.0208528826291879,0.0000000000000000
0.0158854990861762,0.0206928572412532,0.0000000000000000
0.0157804070943074,0.0205531653933727,0.0000000000000000
0.0159563505955346,0.0205320382061237,0.0000000000000000
0.0158501513371967,0.0203900802657407,0.0000000000000000
0.0160265012136280,0.0203709069170018,0.0000000000000000
0.0161314035666939,0.0205121084678050,0.0000000000000000
0.0162019091745994,0.0203524930992685,0.0000000000000000
0.0163032313022346,0.0204936753168754,0.0000000000000000
0.0163743979100737,0.0203352875501076,0.0000000000000000
0.0006670990960619,0.0243081874309008,0.0000000000000000
0.0007167459313613,0.0232503038284664,0.0000000000000000
0.0006451552060691,0.0250582534416451,0.0000000000000000
0.0007339270127296,0.0221423857786978,0.0000000000000000
0.0122322877623402,0.0223952145338202,0.0000000000000000
0.0120186440273943,0.0198210513351424,0.0000000000000000
0.0153915217546171,0.0210654075696315,0.0000000000000000
0.0039492299557693,0.0201219832957431,0.0000000000000000
0.0009046699789182,0.0101698092140830,0.0000000000000000
0.0186152027632511,0.0187996612046261,0.0000000000000000
0.0047707865026308,0.0177546415951749,0.0000000000000000
0.0061757655545844,0.0163389306499239,0.0000000000000000
0.0042865638335720,0.0225578275818226,0.0000000000000000
0.0079339472287302,0.0145934467527110,0.0000000000000000
0.0118424827195803,0.0219403668607250,0.0000000000000000
0.0106217805004340,0.0210338780765871,0.0000000000000000
0.0105499659442861,0.0212746245746958,0.0000000000000000
0.0107910646110166,0.0212194258936506,0.0000000000000000
0.0107188910855301,0.0214541317445049,0.0000000000000000
0.0104830654033399,0.0215103135071145,0.0000000000000000
0.0106478634438090,0.0216839762476072,0.0000000000000000
0.0104172514167280,0.0217400411776078,0.0000000000000000
0.0109427544388625,0.0213956420210350,0.0000000000000000
0.0110233158919869,0.0211734702894584,0.0000000000000000
0.0017779490484395,0.0224056691764127,0.0000000000000000
0.0007230252791904,0.0211096236936709,0.0000000000000000
0.0029844081046422,0.0225374905004198,0.0000000000000000
0.0007736488829328,0.0182729143866586,0.0000000000000000
0.0013173321300586,0.0257987330156528,0.0000000000000000
0.0013560563345850,0.0256302206332382,0.0000000000000000
0.0174986261847141,0.0189149365198801,0.0000000000000000
0.0015320024633098,0.0240238447839746,0.0000000000000000
0.0014832724502342,0.0242309450980072,0.0000000000000000
0.0176519225581152,0.0193620499190424,0.0000000000000000
0.0176747280908110,0.0188918105513294,0.0000000000000000
0.0175649215859693,0.0187476469119893,0.0000000000000000
0.0150002836119924,0.0191032946216123,0.0000000000000000
0.0139505729024112,0.0190425739434375,0.0000000000000000
0.0146160843666048,0.0208397455122240,0.0000000000000000
0.0098341293724273,0.0230860961812763,0.0000000000000000
0.0122828102094169,0.0190885469633995,0.0000000000000000
0.0170178490634802,0.0188137030992114,0.0000000000000000
0.0076243995977776,0.0209683615256064,0.0000000000000000
0.0098114441055679,0.0205090558258655,0.0000000000000000
0.0132214545972768,0.0211907738924082,0.0000000000000000
0.0132954707021575,0.0210010992863280,0.0000000000000000
0.0130916675677409,0.0210333921341416,0.0000000000000000
0.0131662390333611,0.0208376721638284,0.0000000000000000
0.0129535192493347,0.0208707104647031,0.0000000000000000
0.0133743537630007,0.0208075438720895,0.0000000000000000
0.0130329377028350,0.0206680479745449,0.0000000000000000
0.0128174111616273,0.0207014952051103,0.0000000000000000
0.0087355279131584,0.0207266577159419,0.0000000000000000
0.0116386982096909,0.0219799509921877,0.0000000000000000
0.0117070815997511,0.0217823588377723,0.0000000000000000
0.0108602726487525,0.0226846908702443,0.0000000000000000
0.0010166490193428,0.0268614283071270,0.0000000000000000
0.0132833871660282,0.0188691233464605,0.0000000000000000
0.0054683279760501,0.0214233425003345,0.0000000000000000
0.0030868388953321,0.0267012065759073,0.0000000000000000
0.0025014584804296,0.0267521471637755,0.0000000000000000
0.0017549760041003,0.0268171393775402,0.0000000000000000
0.0144279183516130,0.0226564223988797,0.0000000000000000
0.0139396338483940,0.0229724067898398,0.0000000000000000
0.0149396599780669,0.0223349820972655,0.0000000000000000
0.0171879030504716,0.0206370959891399,0.0000000000000000
0.0177576419480707,0.0201670775762086,0.0000000000000000
0.0134159748464890,0.0232687105533236,0.0000000000000000
0.0090056637917890,0.0234628572717789,0.0000000000000000
0.0118585948338466,0.0241154079622239,0.0000000000000000
0.0123887925643120,0.0238520742171043,0.0000000000000000
0.0129186585248760,0.0235466654487526,0.0000000000000000
0.0113240313105605,0.0243741288053580,0.0000000000000000
0.0036091889484638,0.0253807951033957,0.0000000000000000
0.0096882679615086,0.0250635657774615,0.0000000000000000
0.0107763246631679,0.0246120004801729,0.0000000000000000
0.0102304901902674,0.0248500969077863,0.0000000000000000
0.0077106550019764,0.0257420339104453,0.0000000000000000
0.0086942735736312,0.0254421470264395,0.0000000000000000
0.0067403708684788,0.0260139817714174,0.0000000000000000
0.0057390272086681,0.0262691903722145,0.0000000000000000
0.0051357115154787,0.0263755442183786,0.0000000000000000
0.0025070374399882,0.0239141359480072,0.0000000000000000
0.0067885335303648,0.0240007284206728,0.0000000000000000
0.0159953085961330,0.0208275260971109,0.0000000000000000
0.0033514371933368,0.0257877939308582,0.0000000000000000
0.0033102575613526,0.0259587650847660,0.0000000000000000
0.0030583400897529,0.0222600655137295,0.0000000000000000
0.0045272242112420,0.0245714967905972,0.0000000000000000
0.0022374898532881,0.0194082575087957,0.0000000000000000
0.0162730878317123,0.0201936438062360,0.0000000000000000
0.0164466298032954,0.0201763608533986,0.0000000000000000
0.0165468235537173,0.0203176131747276,0.0000000000000000
0.0166128693706051,0.0201645725502959,0.0000000000000000
0.0080125963357291,0.0097650962104622,0.0000000000000000
0.0045709401543125,0.0235013569845489,0.0000000000000000
0.0159205962119107,0.0202261990860325,0.0000000000000000
0.0157403016060344,0.0202459463409873,0.0000000000000000
0.0157474726585050,0.0210025354994629,0.0000000000000000
0.0127375022744469,0.0209071798305560,0.0000000000000000
0.0125985086703526,0.0207357996221512,0.0000000000000000
0.0125184887277592,0.0209457956614823,0.0000000000000000
0.0123781839757377,0.0207766887543777,0.0000000000000000
0.0122965262766699,0.0209847399565274,0.0000000000000000
0.0121544405903495,0.0208134590906161,0.0000000000000000
0.0120728419807822,0.0210220923203766,0.0000000000000000
0.0119271415246613,0.0208442944262760,0.0000000000000000
0.0018021781022660,0.0249665515989240,0.0000000000000000
0.0016148337257271,0.0250138599983428,0.0000000000000000
0.0022618368601884,0.0214823375831269,0.0000000000000000
0.0020380189002432,0.0212798691063079,0.0000000000000000
0.0024385579535762,0.0153963858083832,0.0000000000000000
0.0008055185790243,0.0155404886619364,0.0000000000000000
0.0025691259136798,0.0231010040772230,0.0000000000000000
0.0036053375916498,0.0260321016464857,0.0000000000000000
0.0031849396072427,0.0258464653654850,0.0000000000000000
0.0031410362339979,0.0260095853201085,0.0000000000000000
0.0118490909418499,0.0210565209062720,0.0000000000000000
0.0013286230316762,0.0240851126477525,0.0000000000000000
0.0013778028436667,0.0238791226525066,0.0000000000000000
0.0128966481908496,0.0204943023162153,0.0000000000000000
0.0131165357392394,0.0204618903079552,0.0000000000000000
0.0032279558723493,0.0256797864593977,0.0000000000000000
0.0105658739082259,0.0219066697407767,0.0000000000000000
0.0103482177372037,0.0219655164281336,0.0000000000000000
0.0107906170284791,0.0218536134599664,0.0000000000000000
0.0016449794700953,0.0219312415457473,0.0000000000000000
0.0116983671404886,0.0208800880133180,0.0000000000000000
0.0178269206317129,0.0193312944795602,0.0000000000000000
0.0178887608061366,0.0191720345221244,0.0000000000000000
0.0167144715513173,0.0202996153700490,0.0000000000000000
0.0167635596196857,0.0201432033847580,0.0000000000000000
0.0165200155150802,0.0200181796439418,0.0000000000000000
0.0017482455249797,0.0213754033990854,0.0000000000000000
0.0018106549408481,0.0210748742910074,0.0000000000000000
0.0032606455432040,0.0224623222582292,0.0000000000000000
0.0124478593239616,0.0205751689986482,0.0000000000000000
0.0030163929816423,0.0259191553233878,0.0000000000000000
0.0012816643910395,0.0242887570720674,0.0000000000000000
0.0032714606029466,0.0261260930378256,0.0000000000000000
0.0031041369613825,0.0261742293264136,0.0000000000000000
0.0158142190428363,0.0200759241566915,0.0000000000000000
0.0103874470533542,0.0121399469280871,0.0000000000000000
0.0140662357020165,0.0209100546886401,0.0000000000000000
0.0141387397533193,0.0207265914341576,0.0000000000000000
0.0023340729861801,0.0211819771751106,0.0000000000000000
0.0019846403166344,0.0249024136950491,0.0000000000000000
0.0034276796220182,0.0233634889103602,0.0000000000000000
0.0021757661059232,0.0261730746607963,0.0000000000000000
0.0171256716814786,0.0194494778272951,0.0000000000000000
0.0172386929433948,0.0195866290122653,0.0000000000000000
0.0170667045328423,0.0196155464587560,0.0000000000000000
0.0171795447473506,0.0197485168047495,0.0000000000000000
0.0173475802064320,0.0197211998284844,0.0000000000000000
0.0172898506624765,0.0198789419143404,0.0000000000000000
0.0101876958937946,0.0217961078529642,0.0000000000000000
0.0101224861691147,0.0220232679514189,0.0000000000000000
0.0166376763932023,0.0204592206313107,0.0000000000000000
0.0106312645487116,0.0234278820766470,0.0000000000000000
0.0105779615127851,0.0236059833421718,0.0000000000000000
0.0107569404214917,0.0235658657213473,0.0000000000000000
0.0107049509875071,0.0237385878954712,0.0000000000000000
0.0108791510556745,0.0236998339890486,0.0000000000000000
0.0105308723387232,0.0237820221897520,0.0000000000000000
0.0106540134757077,0.0239104807858579,0.0000000000000000
0.0104830487624426,0.0239528669705370,0.0000000000000000
0.0106040897111768,0.0240785777703707,0.0000000000000000
0.0104356054753421,0.0241205807145760,0.0000000000000000
0.0107714744204044,0.0240375077741813,0.0000000000000000
0.0020677884652218,0.0180828589596592,0.0000000000000000
0.0096099261040437,0.0238463160606324,0.0000000000000000
0.0095563609027786,0.0240295981000885,0.0000000000000000
0.0097400382348798,0.0239840961913163,0.0000000000000000
0.0096874254419939,0.0241616036810764,0.0000000000000000
0.0095106311033669,0.0242083696210709,0.0000000000000000
0.0096348758552086,0.0243352223232805,0.0000000000000000
0.0094646715398934,0.0243812714352259,0.0000000000000000
0.0098053404396630,0.0242910874419898,0.0000000000000000
0.0095865034786546,0.0245056327798885,0.0000000000000000
0.0094191656893793,0.0245496907439234,0.0000000000000000
0.0092962373622663,0.0244259148741471,0.0000000000000000
0.0092501683609375,0.0245948327961534,0.0000000000000000
0.0124220685886117,0.0223598909912153,0.0000000000000000
0.0123581555483637,0.0225395520180831,0.0000000000000000
0.0125459037946930,0.0225021867557382,0.0000000000000000
0.0124806981389589,0.0226786304694579,0.0000000000000000
0.0126608556456209,0.0226470335707660,0.0000000000000000
0.0125993495386667,0.0228158988705628,0.0000000000000000
0.0124239994776585,0.0228503037063013,0.0000000000000000
0.0127738758865335,0.0227834134029040,0.0000000000000000
0.0125398839827751,0.0229824159208306,0.0000000000000000
0.0123686086285595,0.0230161804821622,0.0000000000000000
0.0124791679274384,0.0231455223223005,0.0000000000000000
0.0123126464685664,0.0231789852635160,0.0000000000000000
0.0121988325821281,0.0230495058912512,0.0000000000000000
0.0121436315645873,0.0232133027083218,0.0000000000000000
0.0126343597144913,0.0231092605379770,0.0000000000000000
0.0128406383340537,0.0226145799746591,0.0000000000000000
0.0129475576294548,0.0227517711546818,0.0000000000000000
0.0130085825326234,0.0225889794593776,0.0000000000000000
0.0131196786193737,0.0227207972479984,0.0000000000000000
0.0131782295272009,0.0225601415050859,0.0000000000000000
0.0132891209225025,0.0226905556967276,0.0000000000000000
0.0133469500232805,0.0225315799556463,0.0000000000000000
0.0134546120931534,0.0226623757579353,0.0000000000000000
0.0135141305727102,0.0225036664071998,0.0000000000000000
0.0120288949056027,0.0230841956232718,0.0000000000000000
0.0119741530206829,0.0232487978496424,0.0000000000000000
0.0120882867865492,0.0233765654343679,0.0000000000000000
0.0119206660133296,0.0234117217649366,0.0000000000000000
0.0118048972374877,0.0232839220041354,0.0000000000000000
0.0117520578052687,0.0234479163244861,0.0000000000000000
0.0130614755098150,0.0228744340584015,0.0000000000000000
0.0011900550731570,0.0256803718008907,0.0000000000000000
0.0012315185125553,0.0254929369206515,0.0000000000000000
0.0011506458148329,0.0258495542983144,0.0000000000000000
0.0177431069576566,0.0187236778029723,0.0000000000000000
0.0176323821084425,0.0185783384668222,0.0000000000000000
0.0120088634652203,0.0206365788901881,0.0000000000000000
0.0177512613546379,0.0195017762720179,0.0000000000000000
0.0156275319672469,0.0200975987963367,0.0000000000000000
0.0040339318773475,0.0242991153917000,0.0000000000000000
0.0103145981987083,0.0239950949979883,0.0000000000000000
0.0037234715472706,0.0247904498178271,0.0000000000000000
0.0091277377219701,0.0244720582458348,0.0000000000000000
0.0090811095147557,0.0246407140663097,0.0000000000000000
0.0089583017483860,0.0245182879228564,0.0000000000000000
0.0089117186200851,0.0246869542781376,0.0000000000000000
0.0087878433889334,0.0245633609028697,0.0000000000000000
0.0087413373959467,0.0247330813477404,0.0000000000000000
0.0086170156447644,0.0246082578668166,0.0000000000000000
0.0085699353000821,0.0247791762359901,0.0000000000000000
0.0084458834090135,0.0246529927263790,0.0000000000000000
0.0083982380327938,0.0248254060888634,0.0000000000000000
0.0082734013497558,0.0246982521551139,0.0000000000000000
0.0082261756126998,0.0248719007979145,0.0000000000000000
0.0081007657554818,0.0247465621617467,0.0000000000000000
0.0080533808705277,0.0249189434966180,0.0000000000000000
0.0079369088792231,0.0247979271217818,0.0000000000000000
0.0078843803501137,0.0249682293626604,0.0000000000000000
0.0080093028338987,0.0250886966152086,0.0000000000000000
0.0078404765178815,0.0251353191026144,0.0000000000000000
0.0077141702902639,0.0250163973376927,0.0000000000000000
0.0076699985600689,0.0251842279234894,0.0000000000000000
0.0075446438380290,0.0250630358326155,0.0000000000000000
0.0075006940346237,0.0252367455806113,0.0000000000000000
0.0073752814138720,0.0251104496759784,0.0000000000000000
0.0073308258303273,0.0252821403717428,0.0000000000000000
0.0072066215041489,0.0251600233044445,0.0000000000000000
0.0071616373285844,0.0253299803554178,0.0000000000000000
0.0070373730917418,0.0252077812184597,0.0000000000000000
0.0069929005261612,0.0253762438722322,0.0000000000000000
0.0068680193748669,0.0252535785692230,0.0000000000000000
0.0068236715974988,0.0254235824267275,0.0000000000000000
0.0066996665191118,0.0252992052633220,0.0000000000000000
0.0066559607812609,0.0254706492811367,0.0000000000000000
0.0065292641868087,0.0253494640895690,0.0000000000000000
0.0064867351370133,0.0255188083798011,0.0000000000000000
0.0063567822275012,0.0253906012157169,0.0000000000000000
0.0063170046001361,0.0255655948757053,0.0000000000000000
0.0061872990912418,0.0254380683416319,0.0000000000000000
0.0061478313905423,0.0256131020932166,0.0000000000000000
0.0060214979305506,0.0254918251597117,0.0000000000000000
0.0059790977850551,0.0256634408125014,0.0000000000000000
0.0058534600774591,0.0255412908371036,0.0000000000000000
0.0058124821971636,0.0257111083957843,0.0000000000000000
0.0056855228868780,0.0255888619765788,0.0000000000000000
0.0056439167703772,0.0257580609510018,0.0000000000000000
0.0055176392677841,0.0256366517372485,0.0000000000000000
0.0054767868162330,0.0258050566898325,0.0000000000000000
0.0053506338683523,0.0256842313721573,0.0000000000000000
0.0053085262816561,0.0258520419666539,0.0000000000000000
0.0051828806141888,0.0257316034560620,0.0000000000000000
0.0052252453233206,0.0255609771006049,0.0000000000000000
0.0050553273240938,0.0256105362467649,0.0000000000000000
0.0050140471132140,0.0257829564805546,0.0000000000000000
0.0048859158204918,0.0256612691199854,0.0000000000000000
0.0048456991797790,0.0258318047964134,0.0000000000000000
0.0058956634842992,0.0253692549948264,0.0000000000000000
0.0069254487372915,0.0250806406872498,0.0000000000000000
0.0090341024473845,0.0248091815167397,0.0000000000000000
0.0025625777884468,0.0259134198459853,0.0000000000000000
0.0025505565881309,0.0213928638862128,0.0000000000000000
0.0114967051429709,0.0218230319157015,0.0000000000000000
0.0099668608044373,0.0218553639419340,0.0000000000000000
0.0098940911084746,0.0220814686687644,0.0000000000000000
0.0097535253956346,0.0219120140481515,0.0000000000000000
0.0096684607708007,0.0221445268552185,0.0000000000000000
0.0098271894019217,0.0223098389078043,0.0000000000000000
0.0096002451729904,0.0223680973355528,0.0000000000000000
0.0094364489275077,0.0222076457758855,0.0000000000000000
0.0093699266083254,0.0224226422253492,0.0000000000000000
0.0092048216955445,0.0222624223777384,0.0000000000000000
0.0091391789086349,0.0224822222775321,0.0000000000000000
0.0089724473021503,0.0223189766887634,0.0000000000000000
0.0089048332760971,0.0225354456661095,0.0000000000000000
0.0087394218292075,0.0223814362086023,0.0000000000000000
0.0086705637006461,0.0225967517118233,0.0000000000000000
0.0085038795731641,0.0224417447325081,0.0000000000000000
0.0084332413037435,0.0226794279489404,0.0000000000000000
0.0082669232769684,0.0225087735357959,0.0000000000000000
0.0081932024882564,0.0227510429790574,0.0000000000000000
0.0080273771942136,0.0225730246131716,0.0000000000000000
0.0079581078333858,0.0228107514310746,0.0000000000000000
0.0077876241631338,0.0226298437308885,0.0000000000000000
0.0077194754264894,0.0228691980269372,0.0000000000000000
0.0075474828942087,0.0226990679586506,0.0000000000000000
0.0074760103363947,0.0229345553601331,0.0000000000000000
0.0073007700981833,0.0227622048603330,0.0000000000000000
0.0072311810722503,0.0230067288971095,0.0000000000000000
0.0070541771928091,0.0228276206954669,0.0000000000000000
0.0069841325029410,0.0230768528555327,0.0000000000000000
0.0068061430324666,0.0228929774353756,0.0000000000000000
0.0067362081612036,0.0231298407509806,0.0000000000000000
0.0065548419741975,0.0229479358931581,0.0000000000000000
0.0064848238585667,0.0232016671333145,0.0000000000000000
0.0063039136391595,0.0230129970919158,0.0000000000000000
0.0062360501363169,0.0232615644520008,0.0000000000000000
0.0060526311277870,0.0230767096140727,0.0000000000000000
0.0059848590869625,0.0233262888007944,0.0000000000000000
0.0058003923556590,0.0231418638164527,0.0000000000000000
0.0057354504779161,0.0233927107923336,0.0000000000000000
0.0086189556808413,0.0228521633613332,0.0000000000000000
0.0078914237422692,0.0230465553959858,0.0000000000000000
0.0134054529317226,0.0223711811914370,0.0000000000000000
0.0135747216386475,0.0223437333138905,0.0000000000000000
0.0136819613227734,0.0224756963701357,0.0000000000000000
0.0137429646754483,0.0223170745108085,0.0000000000000000
0.0138494893857121,0.0224480478075371,0.0000000000000000
0.0139102349858029,0.0222902871544820,0.0000000000000000
0.0138034739472636,0.0221578549263621,0.0000000000000000
0.0139658714193237,0.0221368928628586,0.0000000000000000
0.0140764130828968,0.0222649933309197,0.0000000000000000
0.0141307536064129,0.0220862776281486,0.0000000000000000
0.0142424790908548,0.0222353677287654,0.0000000000000000
0.0143060995567820,0.0220840243215716,0.0000000000000000
0.0024506541872560,0.0262481398057825,0.0000000000000000
0.0086902189947082,0.0249042964397216,0.0000000000000000
0.0179932932447606,0.0193047976808881,0.0000000000000000
0.0180557442535963,0.0191492367459726,0.0000000000000000
0.0083489890934613,0.0249963382277125,0.0000000000000000
0.0115678553070096,0.0216186649843211,0.0000000000000000
0.0168733420565409,0.0202719227657044,0.0000000000000000
0.0033405964026218,0.0221816793729599,0.0000000000000000
0.0016559783818030,0.0248148902376536,0.0000000000000000
0.0014688801317277,0.0248847149696538,0.0000000000000000
0.0119986160110067,0.0212304958848881,0.0000000000000000
0.0030489805386798,0.0241590799152794,0.0000000000000000
0.0074099175290080,0.0231754725503906,0.0000000000000000
0.0055603799699050,0.0254790175803455,0.0000000000000000
0.0116347532619232,0.0233200144343356,0.0000000000000000
0.0115828566442137,0.0234855677240091,0.0000000000000000
0.0117015554149306,0.0236098155812967,0.0000000000000000
0.0115312419740422,0.0236492668210936,0.0000000000000000
0.0102853046800485,0.0228017169190983,0.0000000000000000
0.0174493217516714,0.0186049523460584,0.0000000000000000
0.0181574880835171,0.0192800650225064,0.0000000000000000
0.0182194346002845,0.0191265183315614,0.0000000000000000
0.0181172461657338,0.0189949666652796,0.0000000000000000
0.0064019164845038,0.0252092485288897,0.0000000000000000
0.0026161357161521,0.0261992516961166,0.0000000000000000
0.0114145857229239,0.0235229635426458,0.0000000000000000
0.0113656000352082,0.0236878917450228,0.0000000000000000
0.0071146836508097,0.0254984483734858,0.0000000000000000
0.0139444769713331,0.0207532580985873,0.0000000000000000
0.0140133768200738,0.0205667714546466,0.0000000000000000
0.0142167425048555,0.0205393707612253,0.0000000000000000
0.0140943338336732,0.0203728444229710,0.0000000000000000
0.0143152726686376,0.0203425363266953,0.0000000000000000
0.0138833433959951,0.0204036367865072,0.0000000000000000
0.0032291012236752,0.0262894317849943,0.0000000000000000
0.0102727448952738,0.0241635678073846,0.0000000000000000
0.0124113559035247,0.0233066545874149,0.0000000000000000
0.0074329240653689,0.0249277562315259,0.0000000000000000
0.0054783793979179,0.0071750220502555,0.0000000000000000
0.0175173831102616,0.0184291310905106,0.0000000000000000
0.0173293263997237,0.0184571842474238,0.0000000000000000
0.0018505027346016,0.0243277459819225,0.0000000000000000
0.0105037676328632,0.0221312766139130,0.0000000000000000
0.0064082252760520,0.0234551430390093,0.0000000000000000
0.0129788010227138,0.0202844775264258,0.0000000000000000
0.0132029748142789,0.0202525431105214,0.0000000000000000
0.0007666237371705,0.0176097183742568,0.0000000000000000
0.0174554573851853,0.0198522450089329,0.0000000000000000
0.0047174476660916,0.0257121011876321,0.0000000000000000
0.0046778069248290,0.0258812512352341,0.0000000000000000
0.0133982981564418,0.0228184217804943,0.0000000000000000
0.0010238517546591,0.0257319569127653,0.0000000000000000
0.0103886553040974,0.0242854958582485,0.0000000000000000
0.0102299773180587,0.0243303422618025,0.0000000000000000
0.0031862772916632,0.0234349117705073,0.0000000000000000
0.0120819766709327,0.0229181611532731,0.0000000000000000
0.0093692007639830,0.0247182237111183,0.0000000000000000
0.0050969000237447,0.0254354584676569,0.0000000000000000
0.0120339211256969,0.0235389058684822,0.0000000000000000
0.0069017143882931,0.0233440292830904,0.0000000000000000
0.0049720672899672,0.0259518245957318,0.0000000000000000
0.0031260807233984,0.0219710019847549,0.0000000000000000
0.0134645309937904,0.0222098527845553,0.0000000000000000
0.0015225431141378,0.0211715710946215,0.0000000000000000
0.0015757972988859,0.0208657583985684,0.0000000000000000
0.0083072760342778,0.0222866495208539,0.0000000000000000
0.0066670907172348,0.0227051021918631,0.0000000000000000
0.0126562102269558,0.0211180876546886,0.0000000000000000
0.0114796741679909,0.0238116500338332,0.0000000000000000
0.0113174354966135,0.0238500373432574,0.0000000000000000
0.0061087962896921,0.0257820949409726,0.0000000000000000
0.0090674237495880,0.0227258105309517,0.0000000000000000
0.0078915673704080,0.0223908380547671,0.0000000000000000
0.0090452771663752,0.0220921109693198,0.0000000000000000
0.0011738346149149,0.0239406291785116,0.0000000000000000
0.0012229758034963,0.0237350826886793,0.0000000000000000
0.0095189302734896,0.0226144782601888,0.0000000000000000
0.0174003135801725,0.0182833997232837,0.0000000000000000
0.0172076813689515,0.0183034910542628,0.0000000000000000
0.0014295890464808,0.0250685181469490,0.0000000000000000
0.0012882289677941,0.0249371425165015,0.0000000000000000
0.0059151716158786,0.0235721905686404,0.0000000000000000
0.0056693462325453,0.0236393127604921,0.0000000000000000
0.0135624808013697,0.0227892797958572,0.0000000000000000
0.0008265929318355,0.0162854709785205,0.0000000000000000
0.0116150700041771,0.0210882076903018,0.0000000000000000
0.0035485557952827,0.0223885374910827,0.0000000000000000
0.0015156698061966,0.0255739222194088,0.0000000000000000
0.0074487996763705,0.0254131119434557,0.0000000000000000
0.0032460263102213,0.0231882609593212,0.0000000000000000
0.0139672728727158,0.0202041823291326,0.0000000000000000
0.0070956385582093,0.0226065595034731,0.0000000000000000
0.0025704175346108,0.0263657928147707,0.0000000000000000
0.0024162107787159,0.0264057141530264,0.0000000000000000
0.0027219782063233,0.0263207752168875,0.0000000000000000
0.0014284220408977,0.0236707041219512,0.0000000000000000
0.0012703296020403,0.0235238186186240,0.0000000000000000
0.0144093736893358,0.0222133503063819,0.0000000000000000
0.0144719046283969,0.0220599559460187,0.0000000000000000
0.0143657255636741,0.0219316182386677,0.0000000000000000
0.0145331900835773,0.0219056338401633,0.0000000000000000
0.0146377298024938,0.0220361533693356,0.0000000000000000
0.0146998059995381,0.0218828837354672,0.0000000000000000
0.0145966930599793,0.0217510621731531,0.0000000000000000
0.0147630402315979,0.0217287057236960,0.0000000000000000
0.0148647338907348,0.0218610612213099,0.0000000000000000
0.0149283780776876,0.0217085616126232,0.0000000000000000
0.0034212711470830,0.0218882489393396,0.0000000000000000
0.0067842743629852,0.0255909799960949,0.0000000000000000
0.0029211098248749,0.0253406064565620,0.0000000000000000
0.0137598481215620,0.0202305439511658,0.0000000000000000
0.0150280269111977,0.0218398538298913,0.0000000000000000
0.0150921300011508,0.0216892476427935,0.0000000000000000
0.0107226612619318,0.0242011299436585,0.0000000000000000
0.0108867877903530,0.0241624621740732,0.0000000000000000
0.0086674384663388,0.0244330935778948,0.0000000000000000
0.0058688044202515,0.0228857016166094,0.0000000000000000
0.0056102240947468,0.0229535990229390,0.0000000000000000
0.0018732519197965,0.0207677941721420,0.0000000000000000
0.0016324633785335,0.0205514100036546,0.0000000000000000
0.0170081993309534,0.0197787732128046,0.0000000000000000
0.0047580697950134,0.0255419121102652,0.0000000000000000
0.0116876791009105,0.0231535633259043,0.0000000000000000
0.0080597917468621,0.0086592980754950,0.0000000000000000
0.0141802233638562,0.0223936494986270,0.0000000000000000
0.0077998273006218,0.0253066102057130,0.0000000000000000
0.0114646429088413,0.0209158923765981,0.0000000000000000
0.0115490646855394,0.0206930082696928,0.0000000000000000
0.0023778500248811,0.0245623779075153,0.0000000000000000
0.0091666029407080,0.0243015206128137,0.0000000000000000
0.0054904387640539,0.0234604269536323,0.0000000000000000
0.0054254664720982,0.0237047544333839,0.0000000000000000
0.0103508877702096,0.0225936440045249,0.0000000000000000
0.0172745072885801,0.0181354641006473,0.0000000000000000
0.0170787132414699,0.0181487210597246,0.0000000000000000
0.0170142381171621,0.0183319565971812,0.0000000000000000
0.0168758444281423,0.0181790934540478,0.0000000000000000
0.0169501779372961,0.0179841312718558,0.0000000000000000
0.0167418133687200,0.0180159641426685,0.0000000000000000
0.0166662076233207,0.0182149283715902,0.0000000000000000
0.0165296175996536,0.0180485289045632,0.0000000000000000
0.0164599720692004,0.0182447298206026,0.0000000000000000
0.0163211494497829,0.0180760877201455,0.0000000000000000
0.0163917917945226,0.0178764078104292,0.0000000000000000
0.0161725595271922,0.0179108671977611,0.0000000000000000
0.0161103397691751,0.0181343925754007,0.0000000000000000
0.0159548562398246,0.0179404292854990,0.0000000000000000
0.0160407951328166,0.0177238304769723,0.0000000000000000
0.0157989332680916,0.0177676370899499,0.0000000000000000
0.0157723489331059,0.0179978739884126,0.0000000000000000
0.0155695917149894,0.0178638313234448,0.0000000000000000
0.0156541122860951,0.0175839909860067,0.0000000000000000
0.0154104564597075,0.0176283919937612,0.0000000000000000
0.0153139180757073,0.0178758225616872,0.0000000000000000
0.0151593830335637,0.0176689411072130,0.0000000000000000
0.0152495496209928,0.0174268957848266,0.0000000000000000
0.0149930127651020,0.0174737391043555,0.0000000000000000
0.0150836058461201,0.0172290294291203,0.0000000000000000
0.0148269349673992,0.0172743854297947,0.0000000000000000
0.0147353593032970,0.0175228438666916,0.0000000000000000
0.0145645434471552,0.0173220517621185,0.0000000000000000
0.0144771564020098,0.0175731520157002,0.0000000000000000
0.0143009607140114,0.0173692496180973,0.0000000000000000
0.0143871479123180,0.0171159886596355,0.0000000000000000
0.0141178093036263,0.0171605562927443,0.0000000000000000
0.0141887821541298,0.0169057740782046,0.0000000000000000
0.0139289745344023,0.0169484754375104,0.0000000000000000
0.0138378294987904,0.0172202329771764,0.0000000000000000
0.0136374575158700,0.0170135054206909,0.0000000000000000
0.0137426000158853,0.0167231746126808,0.0000000000000000
0.0134499206264651,0.0167778701508537,0.0000000000000000
0.0133384354755125,0.0170875583943792,0.0000000000000000
0.0131462663498345,0.0168435568151415,0.0000000000000000
0.0132489475284030,0.0165421372646846,0.0000000000000000
0.0129423538373834,0.0166037018488398,0.0000000000000000
0.0128413588863053,0.0169058991442348,0.0000000000000000
0.0126300149626818,0.0166657978428903,0.0000000000000000
0.0125314470302177,0.0169698131773176,0.0000000000000000
0.0123130726996820,0.0167302679752970,0.0000000000000000
0.0124093221751528,0.0164003688335860,0.0000000000000000
0.0120857646699261,0.0164666803677650,0.0000000000000000
0.0119866160021749,0.0167989813806889,0.0000000000000000
0.0117549283457135,0.0165345107543149,0.0000000000000000
0.0116529975193388,0.0168737279609844,0.0000000000000000
0.0114239501907479,0.0166235025009782,0.0000000000000000
0.0113168854728404,0.0169509085824606,0.0000000000000000
0.0114823577219623,0.0162464876142244,0.0000000000000000
0.0110745587001423,0.0166899871072789,0.0000000000000000
0.0109734688537091,0.0170276073625299,0.0000000000000000
0.0107315420716744,0.0167656915678851,0.0000000000000000
0.0106228470347757,0.0171083513425971,0.0000000000000000
0.0103846873140366,0.0168400243449140,0.0000000000000000
0.0102728015351353,0.0171841143228003,0.0000000000000000
0.0104957496142432,0.0164928718820966,0.0000000000000000
0.0100271533329673,0.0169160451607156,0.0000000000000000
0.0099115422904226,0.0172683725018760,0.0000000000000000
0.0096620191987133,0.0169895066682045,0.0000000000000000
0.0095508284299756,0.0173441160112128,0.0000000000000000
0.0097951106124026,0.0176230108719464,0.0000000000000000
0.0094386270454732,0.0176997413498356,0.0000000000000000
0.0091903788865842,0.0174263130502720,0.0000000000000000
0.0090821003653574,0.0177807516281693,0.0000000000000000
0.0093302978182749,0.0180491050728316,0.0000000000000000
0.0089762933071363,0.0181337925647623,0.0000000000000000
0.0087233043648300,0.0178673049672175,0.0000000000000000
0.0086182344195288,0.0182228823997920,0.0000000000000000
0.0083608999133961,0.0179534746567374,0.0000000000000000
0.0082554489490397,0.0183135604364659,0.0000000000000000
0.0092284688142225,0.0183933542311657,0.0000000000000000
0.0079918984162869,0.0180405731286374,0.0000000000000000
0.0078896379910520,0.0184055055120724,0.0000000000000000
0.0108650685496665,0.0173675795368187,0.0000000000000000
0.0081502854343958,0.0186734671650625,0.0000000000000000
0.0077875253111180,0.0187687374803620,0.0000000000000000
0.0075253499257591,0.0185012734469908,0.0000000000000000
0.0074203086721684,0.0188691498525572,0.0000000000000000
0.0080999304078969,0.0176718471654093,0.0000000000000000
0.0071551800599299,0.0185956549204442,0.0000000000000000
0.0070503823959988,0.0189678460615910,0.0000000000000000
0.0080482419297743,0.0191027272720853,0.0000000000000000
0.0067802165932849,0.0186904219927869,0.0000000000000000
0.0066808049337003,0.0190647185848724,0.0000000000000000
0.0069483547589727,0.0193367415615871,0.0000000000000000
0.0065814199447005,0.0194361364118337,0.0000000000000000
0.0063112546356940,0.0191678055750252,0.0000000000000000
0.0062115337968858,0.0195404986670909,0.0000000000000000
0.0068779447555346,0.0183171076635912,0.0000000000000000
0.0059360373725297,0.0192693582364312,0.0000000000000000
0.0095729293512850,0.0183090123406157,0.0000000000000000
0.0094733762646693,0.0186431676472016,0.0000000000000000
0.0098054257763906,0.0185629819214138,0.0000000000000000
0.0097059308129014,0.0188907120273387,0.0000000000000000
0.0100299730823551,0.0188103912097701,0.0000000000000000
0.0093826769475756,0.0189676981110736,0.0000000000000000
0.0058419884931075,0.0196454719209488,0.0000000000000000
0.0115440889378118,0.0172066217011892,0.0000000000000000
0.0127407539129150,0.0172081528497139,0.0000000000000000
0.0146475783802072,0.0177722557582698,0.0000000000000000
0.0143915788648903,0.0178240252206321,0.0000000000000000
0.0153410135789991,0.0171830347664281,0.0000000000000000
0.0151736857859997,0.0169821583265872,0.0000000000000000
0.0064940630332237,0.0184101639690280,0.0000000000000000
0.0096082138270626,0.0192060991043891,0.0000000000000000
0.0092931267653755,0.0192832988902210,0.0000000000000000
0.0130433287098620,0.0163015136077398,0.0000000000000000
0.0133439508566144,0.0162362406087216,0.0000000000000000
0.0131459909880098,0.0159949447448511,0.0000000000000000
0.0134534986501632,0.0159298104224265,0.0000000000000000
0.0132522403730922,0.0156846832761033,0.0000000000000000
0.0121760818699100,0.0161120562447362,0.0000000000000000
0.0055561010162222,0.0193736612152143,0.0000000000000000
0.0097960472631622,0.0166347498523790,0.0000000000000000
0.0094059028080897,0.0167090136133188,0.0000000000000000
0.0095446788909745,0.0163370162124947,0.0000000000000000
0.0091359471400266,0.0164220276041804,0.0000000000000000
0.0092623552396782,0.0160353402706857,0.0000000000000000
0.0096767385565561,0.0159547352157555,0.0000000000000000
0.0093904069406301,0.0156453070410102,0.0000000000000000
0.0097929281966748,0.0155649601261914,0.0000000000000000
0.0088586421261117,0.0161187178654023,0.0000000000000000
0.0101315642562828,0.0184938427446512,0.0000000000000000
0.0103467767120024,0.0187385652305659,0.0000000000000000
0.0068514918178194,0.0196963536112992,0.0000000000000000
0.0145620891235420,0.0180201893017055,0.0000000000000000
0.0143074212456751,0.0180714284613365,0.0000000000000000
0.0061176153134514,0.0199117290855671,0.0000000000000000
0.0057548214625595,0.0200165541923890,0.0000000000000000
0.0095181612972041,0.0152497819176576,0.0000000000000000
0.0099308187276949,0.0151665717436950,0.0000000000000000
0.0065971551542693,0.0180195370093814,0.0000000000000000
0.0102414528762570,0.0190532308914060,0.0000000000000000
0.0135760693186074,0.0156242968946892,0.0000000000000000
0.0137834575717885,0.0158991681356896,0.0000000000000000
0.0133633554823683,0.0153690231280179,0.0000000000000000
0.0130312138823274,0.0154326521806023,0.0000000000000000
0.0104470388175106,0.0184311557241001,0.0000000000000000
0.0106606298039783,0.0186683041471667,0.0000000000000000
0.0154346478974838,0.0169379745504845,0.0000000000000000
0.0131313535890047,0.0151174921881544,0.0000000000000000
0.0127840849543910,0.0151858625482389,0.0000000000000000
0.0129246317782861,0.0148001329296068,0.0000000000000000
0.0125467114908562,0.0149119707516652,0.0000000000000000
0.0056483934015128,0.0189907097187495,0.0000000000000000
0.0152652874991061,0.0167315978425959,0.0000000000000000
0.0107500722900498,0.0183717020205343,0.0000000000000000
0.0096504948010866,0.0148475822551945,0.0000000000000000
0.0100679973295384,0.0147667649709686,0.0000000000000000
0.0103466983094723,0.0150860099586608,0.0000000000000000
0.0104825483520482,0.0146889023809487,0.0000000000000000
0.0107575094636558,0.0149990286841400,0.0000000000000000
0.0108907860778966,0.0146127577028998,0.0000000000000000
0.0106212321567240,0.0142951024262170,0.0000000000000000
0.0110269148598911,0.0142176804623451,0.0000000000000000
0.0107597849054499,0.0138980350979772,0.0000000000000000
0.0111644008671509,0.0138180288466961,0.0000000000000000
0.0111549970952648,0.0149250360290724,0.0000000000000000
0.0097860181772916,0.0144413344405617,0.0000000000000000
0.0126625254126891,0.0145453365124482,0.0000000000000000
0.0072047983364531,0.0196043055413648,0.0000000000000000
0.0123187077919161,0.0146292135652861,0.0000000000000000
0.0095119360929614,0.0195177104735129,0.0000000000000000
0.0092057736536949,0.0195925880721841,0.0000000000000000
0.0071137955498470,0.0199499860816711,0.0000000000000000
0.0074527596221311,0.0198619128730313,0.0000000000000000
0.0087324505870990,0.0165143197201956,0.0000000000000000
0.0084646366554767,0.0161975958006719,0.0000000000000000
0.0124365150798545,0.0172717517383520,0.0000000000000000
0.0126425417301517,0.0175048168456772,0.0000000000000000
0.0123432188871616,0.0175687534239948,0.0000000000000000
0.0125515625405072,0.0177926016451990,0.0000000000000000
0.0122583375438086,0.0178549569412615,0.0000000000000000
0.0128431593132970,0.0177326157967222,0.0000000000000000
0.0127544503102543,0.0180118383109227,0.0000000000000000
0.0130409819713183,0.0179534962076577,0.0000000000000000
0.0061976663522444,0.0181186894818232,0.0000000000000000
0.0109693475445311,0.0185996616616443,0.0000000000000000
0.0110528571339453,0.0182689090704036,0.0000000000000000
0.0108973105734242,0.0134930444815133,0.0000000000000000
0.0121617857200599,0.0150318715723739,0.0000000000000000
0.0141355053695232,0.0178750331153302,0.0000000000000000
0.0140506908590888,0.0181240675360774,0.0000000000000000
0.0138743266647793,0.0179250950174653,0.0000000000000000
0.0137913485581323,0.0181771143366870,0.0000000000000000
0.0091124498619748,0.0153318758179138,0.0000000000000000
0.0052604124783965,0.0190922529376688,0.0000000000000000
0.0051642549629131,0.0194925762777949,0.0000000000000000
0.0149991645701960,0.0167770001385736,0.0000000000000000
0.0150929908149883,0.0165193668018097,0.0000000000000000
0.0077186872573462,0.0177617886052580,0.0000000000000000
0.0078307312026161,0.0173762622679849,0.0000000000000000
0.0110270486213255,0.0153016498412156,0.0000000000000000
0.0148172358241945,0.0165661096905240,0.0000000000000000
0.0149117963800648,0.0163038784302902,0.0000000000000000
0.0146320294736529,0.0163494592588857,0.0000000000000000
0.0147287591595876,0.0160791109244034,0.0000000000000000
0.0089799584876028,0.0193609121635583,0.0000000000000000
0.0088926519731414,0.0196734036546800,0.0000000000000000
0.0144781809355124,0.0182639989114912,0.0000000000000000
0.0147272829188001,0.0182139886526069,0.0000000000000000
0.0124382240821234,0.0142785285007103,0.0000000000000000
0.0112794592676556,0.0185306992321610,0.0000000000000000
0.0113730197016689,0.0182446951346809,0.0000000000000000
0.0115808097044437,0.0184625601084022,0.0000000000000000
0.0060236910094545,0.0202743505294474,0.0000000000000000
0.0056703784602575,0.0203773497268407,0.0000000000000000
0.0074441930612476,0.0174752323562796,0.0000000000000000
0.0075521691330186,0.0170792830306250,0.0000000000000000
0.0071723165764609,0.0171797397975622,0.0000000000000000
0.0072754271050651,0.0167677690024106,0.0000000000000000
0.0129495191542531,0.0182259922807507,0.0000000000000000
0.0126703030250016,0.0182870084316312,0.0000000000000000
0.0138851135353453,0.0155649871109275,0.0000000000000000
0.0108746498438936,0.0188967820177277,0.0000000000000000
0.0113134218528471,0.0134156816382882,0.0000000000000000
0.0105449367119354,0.0181246731169703,0.0000000000000000
0.0094268087701600,0.0198180076684782,0.0000000000000000
0.0097249683854197,0.0197472913787879,0.0000000000000000
0.0168185218201927,0.0178160341103850,0.0000000000000000
0.0139683308486460,0.0183718793769083,0.0000000000000000
0.0110416829486858,0.0130855349618711,0.0000000000000000
0.0048627608774609,0.0192043547208477,0.0000000000000000
0.0063268154748646,0.0176924393437839,0.0000000000000000
0.0120565138889571,0.0143485175069352,0.0000000000000000
0.0121871637485128,0.0139907101333245,0.0000000000000000
0.0146391351833233,0.0185054739079805,0.0000000000000000
0.0148852121374224,0.0184133159279065,0.0000000000000000
0.0053684446055431,0.0187064803807293,0.0000000000000000
0.0155293346816193,0.0166891709689486,0.0000000000000000
0.0156964864188390,0.0168946012128643,0.0000000000000000
0.0064425970754871,0.0256859790846465,0.0000000000000000
0.0138579307850241,0.0220022745109807,0.0000000000000000
0.0073629742097105,0.0201966266866939,0.0000000000000000
0.0076939207916357,0.0201080502552564,0.0000000000000000
0.0070302458843212,0.0202859647625365,0.0000000000000000
0.0100351654441545,0.0216283291588456,0.0000000000000000
0.0104860732781415,0.0135776472691628,0.0000000000000000
0.0137097458259453,0.0184279373839731,0.0000000000000000
0.0155550768550688,0.0202698195524464,0.0000000000000000
0.0154398174383408,0.0201205505222168,0.0000000000000000
0.0112444138935526,0.0235711435572740,0.0000000000000000
0.0157019560530085,0.0199239018973274,0.0000000000000000
0.0158918205445695,0.0199029468004604,0.0000000000000000
0.0057721407294961,0.0258782829684213,0.0000000000000000
0.0173972130144946,0.0200062123580371,0.0000000000000000
0.0172343880530506,0.0200348411570815,0.0000000000000000
0.0030720686134603,0.0263307759226166,0.0000000000000000
0.0077865126477113,0.0197800222006399,0.0000000000000000
0.0080215853557174,0.0200231149181504,0.0000000000000000
0.0017035967866772,0.0160740957595114,0.0000000000000000
0.0134342811059263,0.0150657411367222,0.0000000000000000
0.0126890728095104,0.0155066389530913,0.0000000000000000
0.0132977583374510,0.0222391771794508,0.0000000000000000
0.0151891658605675,0.0218196311438232,0.0000000000000000
0.0152533809626348,0.0216701357009063,0.0000000000000000
0.0151560108832616,0.0215391369828796,0.0000000000000000
0.0153185721268817,0.0215203120439878,0.0000000000000000
0.0013276519950450,0.0247651670255494,0.0000000000000000
0.0011435186873461,0.0248131424893475,0.0000000000000000
0.0011058305753675,0.0249937575680152,0.0000000000000000
0.0131312468279897,0.0176765775685704,0.0000000000000000
0.0128135031716077,0.0142057466768238,0.0000000000000000
0.0032020208715238,0.0216832540748059,0.0000000000000000
0.0047681033233540,0.0196081438116259,0.0000000000000000
0.0044590380320376,0.0193219472393578,0.0000000000000000
0.0026397942962622,0.0210883950037092,0.0000000000000000
0.0157855748883013,0.0166524453996507,0.0000000000000000
0.0080985229657599,0.0197162143967614,0.0000000000000000
0.0114162000404148,0.0152267340870027,0.0000000000000000
0.0082153010047727,0.0172973173703752,0.0000000000000000
0.0101554339245283,0.0240421103555043,0.0000000000000000
0.0144532226046221,0.0161296539338310,0.0000000000000000
0.0145578301617734,0.0158494642356265,0.0000000000000000
0.0033131646309326,0.0246623487661446,0.0000000000000000
0.0037710275201331,0.0259861510372320,0.0000000000000000
0.0037265172295384,0.0261525262918317,0.0000000000000000
0.0038861614839670,0.0261146766098145,0.0000000000000000
0.0035651989908803,0.0261959477366087,0.0000000000000000
0.0036820757726506,0.0263126157903367,0.0000000000000000
0.0136960245935817,0.0204093598126421,0.0000000000000000
0.0034505402939331,0.0226638808171526,0.0000000000000000
0.0121981730889616,0.0235038017859298,0.0000000000000000
0.0014603996166293,0.0214620842442298,0.0000000000000000
0.0134394985551151,0.0197428264139596,0.0000000000000000
0.0101388262151152,0.0226498098228111,0.0000000000000000
0.0182828602158114,0.0189731772921617,0.0000000000000000
0.0183822764835724,0.0191063663675203,0.0000000000000000
0.0145522820195884,0.0197477763497895,0.0000000000000000
0.0146931596764474,0.0199120362949624,0.0000000000000000
0.0149021195293035,0.0198753045738492,0.0000000000000000
0.0148303080227997,0.0200722405753470,0.0000000000000000
0.0162353188289469,0.0206498565557172,0.0000000000000000
0.0009859883289106,0.0259004959049231,0.0000000000000000
0.0113089563954449,0.0207309886806292,0.0000000000000000
0.0164020564457339,0.0206324224540672,0.0000000000000000
0.0163363755457896,0.0207842434828903,0.0000000000000000
0.0164985911153467,0.0207673175840807,0.0000000000000000
0.0137890356036214,0.0226041179839938,0.0000000000000000
0.0139519967549505,0.0225767120946945,0.0000000000000000
0.0178137308696574,0.0185526988501781,0.0000000000000000
0.0009149191132736,0.0092198857923963,0.0000000000000000
0.0045431973399909,0.0257707828550097,0.0000000000000000
0.0045112431048356,0.0259343461629990,0.0000000000000000
0.0046361934540182,0.0260479429181516,0.0000000000000000
0.0044726147995014,0.0260965424880407,0.0000000000000000
0.0043508143564465,0.0259848647041743,0.0000000000000000
0.0043123973505825,0.0261453609410838,0.0000000000000000
0.0045939547190203,0.0262091028424583,0.0000000000000000
0.0188447001220163,0.0190158095341454,0.0000000000000000
0.0031282171669629,0.0236758657304282,0.0000000000000000
0.0029490349220008,0.0235065350768872,0.0000000000000000
0.0059124883914119,0.0178153588865977,0.0000000000000000
0.0165889460947664,0.0184137589873285,0.0000000000000000
0.0163844418392905,0.0184347370369629,0.0000000000000000
0.0011131583176703,0.0260166647718727,0.0000000000000000
0.0009499319360728,0.0260657637358012,0.0000000000000000
0.0010745227358321,0.0261801908409524,0.0000000000000000
0.0009145788443820,0.0262294046014582,0.0000000000000000
0.0010342783413414,0.0263412103793081,0.0000000000000000
0.0011936662611173,0.0262945239096082,0.0000000000000000
0.0011537088705209,0.0264516701617884,0.0000000000000000
0.0013081596880269,0.0264063668004627,0.0000000000000000
0.0010006348690951,0.0264993674504483,0.0000000000000000
0.0109431723883895,0.0240097851544132,0.0000000000000000
0.0110490880003623,0.0241250937569572,0.0000000000000000
0.0116723982023385,0.0181715391082954,0.0000000000000000
0.0118780674897866,0.0183954622832468,0.0000000000000000
0.0114720903971613,0.0179204081200701,0.0000000000000000
0.0028689825226047,0.0255183204752363,0.0000000000000000
0.0019686031813510,0.0228280126730250,0.0000000000000000
0.0168947867766986,0.0196459546859218,0.0000000000000000
0.0179191058802836,0.0187021634956655,0.0000000000000000
0.0054332279957602,0.0259702213570842,0.0000000000000000
0.0052697931839157,0.0260154729842044,0.0000000000000000
0.0143823575628476,0.0185239175251201,0.0000000000000000
0.0026867524034366,0.0255665548269446,0.0000000000000000
0.0093743961093392,0.0145257404477990,0.0000000000000000
0.0095047320956018,0.0140973863355574,0.0000000000000000
0.0148424411028200,0.0186160305676536,0.0000000000000000
0.0150484978924994,0.0185865449874624,0.0000000000000000
0.0151235737892329,0.0183644923133759,0.0000000000000000
0.0152752135526305,0.0185453799165676,0.0000000000000000
0.0012699276447483,0.0265609721933001,0.0000000000000000
0.0014229203560859,0.0265158166596312,0.0000000000000000
0.0144825675371739,0.0199497431419801,0.0000000000000000
0.0168349652137731,0.0198102464147641,0.0000000000000000
0.0028013363215231,0.0261606109468481,0.0000000000000000
0.0050661777846563,0.0226405075987775,0.0000000000000000
0.0006487471240637,0.0267439002588022,0.0000000000000000
0.0081402795542151,0.0245706883855367,0.0000000000000000
0.0050914961078128,0.0198728046334623,0.0000000000000000
0.0084486803808956,0.0189728529615272,0.0000000000000000
0.0180949478751872,0.0194360936573890,0.0000000000000000
0.0120037461574099,0.0176567492472403,0.0000000000000000
0.0047466022300299,0.0261616886441982,0.0000000000000000
0.0113544947173966,0.0216654605009618,0.0000000000000000
0.0112828186035064,0.0218687390909857,0.0000000000000000
0.0153544620430243,0.0183255780505887,0.0000000000000000
0.0155037031209983,0.0185032208024430,0.0000000000000000
0.0012774518687532,0.0209579631291170,0.0000000000000000
0.0151796641467043,0.0162528997801246,0.0000000000000000
0.0076626822670331,0.0166593849245731,0.0000000000000000
0.0073932025914530,0.0163473597532082,0.0000000000000000
0.0179939582352053,0.0185284826090974,0.0000000000000000
0.0039521919137688,0.0229523673639689,0.0000000000000000
0.0058401187771185,0.0238137663988042,0.0000000000000000
0.0060872794173004,0.0237527532242588,0.0000000000000000
0.0103423592865980,0.0244468963838408,0.0000000000000000
0.0101831239794810,0.0244903810012106,0.0000000000000000
0.0105061715481564,0.0244044858363443,0.0000000000000000
0.0150168735024359,0.0200439705607378,0.0000000000000000
0.0149519481141272,0.0202362562972764,0.0000000000000000
0.0147611517519660,0.0202662719114644,0.0000000000000000
0.0038256580530494,0.0251335838521590,0.0000000000000000
0.0144165607276151,0.0205192826168075,0.0000000000000000
0.0135529976078934,0.0182439887060874,0.0000000000000000
0.0034295532436309,0.0254315758248044,0.0000000000000000
0.0034737227157471,0.0252476546773432,0.0000000000000000
0.0049335939140512,0.0212368235278560,0.0000000000000000
0.0100994769768938,0.0158566451700254,0.0000000000000000
0.0119270839742567,0.0217650218793443,0.0000000000000000
0.0121706430625496,0.0225736603785292,0.0000000000000000
0.0083413642393901,0.0199470692018741,0.0000000000000000
0.0148936212233179,0.0204199237605090,0.0000000000000000
0.0105704455777708,0.0225175191517659,0.0000000000000000
0.0154147710712415,0.0216491655846423,0.0000000000000000
0.0154801754547788,0.0215022315103546,0.0000000000000000
0.0155756173180510,0.0216292234261356,0.0000000000000000
0.0156406129999201,0.0214843349113362,0.0000000000000000
0.0121432815972742,0.0236609767016016,0.0000000000000000
0.0119841378441573,0.0236942451759083,0.0000000000000000
0.0130063123245389,0.0212379580468770,0.0000000000000000
0.0119106686896722,0.0229510297967063,0.0000000000000000
0.0023039271310823,0.0249752085338171,0.0000000000000000
0.0155489814242939,0.0213555551862573,0.0000000000000000
0.0157068894940673,0.0213368033507694,0.0000000000000000
0.0152268686860394,0.0213859046963085,0.0000000000000000
0.0114299123865191,0.0239705581916223,0.0000000000000000
0.0115949991711002,0.0239311297194616,0.0000000000000000
0.0136927739707021,0.0220234638659425,0.0000000000000000
0.0137556739536494,0.0218596416678776,0.0000000000000000
0.0182541455814196,0.0194097721923252,0.0000000000000000
0.0138090851168290,0.0211103203722546,0.0000000000000000
0.0130805438707294,0.0224234292676877,0.0000000000000000
0.0127536343380321,0.0203176198504522,0.0000000000000000
0.0128423194902469,0.0200980478644582,0.0000000000000000
0.0126033687531753,0.0201387591542630,0.0000000000000000
0.0059347611179528,0.0206356780671382,0.0000000000000000
0.0063534326618411,0.0205349110403232,0.0000000000000000
0.0055910666407614,0.0207388182211075,0.0000000000000000
0.0053237318927810,0.0204852608127410,0.0000000000000000
0.0112870416145195,0.0155940129083347,0.0000000000000000
0.0116625060254961,0.0155186787958210,0.0000000000000000
0.0109072727781796,0.0156713174530251,0.0000000000000000
0.0035236136617398,0.0263559686103937,0.0000000000000000
0.0128359163590927,0.0160307792064974,0.0000000000000000
0.0149632770793068,0.0219884342068614,0.0000000000000000
0.0109307815773526,0.0235157698752432,0.0000000000000000
0.0157785240621469,0.0197487267797459,0.0000000000000000
0.0032946149577421,0.0252945659825869,0.0000000000000000
0.0024370055640144,0.0235572538984227,0.0000000000000000
0.0085782256027565,0.0158032069612936,0.0000000000000000
0.0081754304411507,0.0158815785487895,0.0000000000000000
0.0082874327374751,0.0154734831991605,0.0000000000000000
0.0035179842128906,0.0215809080063344,0.0000000000000000
0.0092514090981269,0.0232200418789676,0.0000000000000000
0.0175136379819506,0.0196958443538416,0.0000000000000000
0.0176188998755403,0.0198237515064459,0.0000000000000000
0.0052666009309094,0.0253905557867313,0.0000000000000000
0.0051417802609127,0.0252635754068558,0.0000000000000000
0.0082552775479841,0.0202549983508828,0.0000000000000000
0.0085658599047837,0.0201798246833286,0.0000000000000000
0.0014789770555578,0.0234585254258755,0.0000000000000000
0.0013170867644397,0.0233063575636408,0.0000000000000000
0.0011010639435128,0.0233671140810787,0.0000000000000000
0.0011508831773873,0.0231525539420493,0.0000000000000000
0.0013688809700934,0.0230852305532032,0.0000000000000000
0.0011987004707437,0.0229285988053213,0.0000000000000000
0.0014138760817425,0.0228573212979376,0.0000000000000000
0.0012456098340240,0.0226975731606617,0.0000000000000000
0.0009874172279354,0.0230025396984482,0.0000000000000000
0.0181819951070017,0.0188393379136309,0.0000000000000000
0.0167203304913515,0.0196772617578359,0.0000000000000000
0.0024054059203644,0.0208660819519846,0.0000000000000000
0.0041921460327081,0.0260328632945370,0.0000000000000000
0.0041578451524484,0.0261943758392419,0.0000000000000000
0.0033361435563528,0.0251126092965288,0.0000000000000000
0.0135527091578521,0.0188730744124939,0.0000000000000000
0.0029157774166153,0.0228096652425731,0.0000000000000000
0.0035832043840685,0.0190194131769213,0.0000000000000000
0.0052480660738349,0.0235312293366676,0.0000000000000000
0.0051848143750996,0.0237726837561574,0.0000000000000000
0.0014676371469255,0.0263622708614829,0.0000000000000000
0.0015777225755807,0.0264731466904478,0.0000000000000000
0.0150886019479721,0.0198348948749045,0.0000000000000000
0.0146603284486128,0.0215958702790127,0.0000000000000000
0.0144974937210866,0.0216102098727074,0.0000000000000000
0.0053091723683655,0.0232835588431804,0.0000000000000000
0.0112026150484448,0.0118042841644069,0.0000000000000000
0.0102094780094342,0.0224200349015692,0.0000000000000000
0.0097947609922855,0.0238008582817659,0.0000000000000000
0.0150613185814263,0.0179251862284145,0.0000000000000000
0.0126160873268441,0.0223224569345662,0.0000000000000000
0.0114134973573775,0.0214751937318529,0.0000000000000000
0.0008693941118660,0.0257854009845888,0.0000000000000000
0.0047002959861988,0.0199795620597472,0.0000000000000000
0.0115225247426891,0.0231937578872096,0.0000000000000000
0.0173359552550508,0.0201588878646788,0.0000000000000000
0.0171805359682236,0.0201888820616975,0.0000000000000000
0.0172794189952935,0.0203103429196626,0.0000000000000000
0.0170739182038118,0.0200655263019273,0.0000000000000000
0.0068257404671235,0.0168826594196339,0.0000000000000000
0.0128612255202298,0.0184913837524975,0.0000000000000000
0.0125865607112899,0.0185538496611116,0.0000000000000000
0.0115451070524106,0.0148496408998046,0.0000000000000000
0.0108383451405988,0.0243142611579375,0.0000000000000000
0.0159484604964477,0.0168631545818511,0.0000000000000000
0.0158618305774094,0.0170959499793117,0.0000000000000000
0.0161143495243132,0.0170596910070098,0.0000000000000000
0.0175877705348049,0.0182603363131164,0.0000000000000000
0.0153779250358471,0.0202956338899662,0.0000000000000000
0.0086498085583608,0.0194567594211573,0.0000000000000000
0.0112973275483716,0.0233968975678250,0.0000000000000000
0.0123959962532914,0.0183532155062124,0.0000000000000000
0.0143416021851088,0.0163956435154335,0.0000000000000000
0.0164296052933684,0.0209143582934341,0.0000000000000000
0.0162722291523801,0.0209342028438049,0.0000000000000000
0.0163644744427482,0.0210615930744141,0.0000000000000000
0.0162108336073339,0.0210833079801828,0.0000000000000000
0.0160161461620230,0.0172932777638748,0.0000000000000000
0.0162479415785574,0.0172803525044574,0.0000000000000000
0.0009005484457314,0.0256282136452199,0.0000000000000000
0.0009674442509740,0.0248657411757032,0.0000000000000000
0.0010034963038262,0.0246905112426201,0.0000000000000000
0.0134370930178502,0.0186934093019543,0.0000000000000000
0.0035105876078699,0.0231230646707601,0.0000000000000000
0.0101930145866372,0.0238686703343166,0.0000000000000000
0.0031873434067394,0.0264431374444525,0.0000000000000000
0.0050067136783208,0.0236025231550196,0.0000000000000000
0.0049452384889691,0.0238402388830271,0.0000000000000000
0.0051204589608335,0.0240092395838021,0.0000000000000000
0.0048819937274495,0.0240738353228702,0.0000000000000000
0.0047126601649649,0.0239099955913646,0.0000000000000000
0.0046497790515033,0.0241379250862599,0.0000000000000000
0.0044830834069100,0.0239780461986286,0.0000000000000000
0.0044351785575715,0.0241989398468812,0.0000000000000000
0.0119604876964179,0.0227804870248558,0.0000000000000000
0.0123013091846508,0.0186290103590352,0.0000000000000000
0.0015662049121585,0.0230042524000267,0.0000000000000000
0.0028966589059246,0.0237383724296239,0.0000000000000000
0.0170203342753152,0.0177811615158773,0.0000000000000000
0.0019459630144645,0.0204530206886504,0.0000000000000000
0.0016977906053054,0.0202299144753885,0.0000000000000000
0.0013846415797780,0.0203362337433373,0.0000000000000000
0.0014423474904013,0.0200101632662618,0.0000000000000000
0.0017594503995741,0.0199000199877597,0.0000000000000000
0.0014984843250500,0.0196751133011573,0.0000000000000000
0.0011395345953405,0.0201314207542536,0.0000000000000000
0.0072736431075678,0.0205222929467824,0.0000000000000000
0.0014328310127152,0.0244322631178875,0.0000000000000000
0.0093066887273771,0.0230213728698077,0.0000000000000000
0.0090808622147402,0.0230827653396212,0.0000000000000000
0.0095096945552874,0.0229709178705471,0.0000000000000000
0.0114745732785930,0.0187504144201508,0.0000000000000000
0.0027233274537365,0.0207596976899418,0.0000000000000000
0.0096415134410661,0.0200347463343295,0.0000000000000000
0.0099347951754750,0.0199635176349031,0.0000000000000000
0.0100184815908609,0.0196813919478634,0.0000000000000000
0.0093662342093914,0.0200953275322962,0.0000000000000000
0.0102190310590546,0.0198991484523775,0.0000000000000000
0.0103185650293378,0.0196076510953888,0.0000000000000000
0.0026945013755103,0.0264774997107810,0.0000000000000000
0.0134986040590161,0.0229416304070261,0.0000000000000000
0.0133437635888329,0.0229719599399460,0.0000000000000000
0.0138852618188044,0.0186174777987099,0.0000000000000000
0.0171260142122160,0.0203452923747518,0.0000000000000000
0.0148298478328610,0.0158040447184325,0.0000000000000000
0.0049674144183304,0.0253179414406752,0.0000000000000000
0.0017146804608729,0.0253293568180168,0.0000000000000000
0.0139578240652926,0.0176743247038746,0.0000000000000000
0.0136940315654988,0.0177299305398520,0.0000000000000000
0.0174810465424502,0.0201268323962153,0.0000000000000000
0.0042736591972999,0.0240435996118024,0.0000000000000000
0.0010208612481193,0.0237876945621795,0.0000000000000000
0.0009726915222160,0.0240022482257356,0.0000000000000000
0.0114582419293029,0.0130136636685729,0.0000000000000000
0.0111761080002634,0.0126765960104847,0.0000000000000000
0.0117210107676545,0.0133428816242362,0.0000000000000000
0.0146679640423754,0.0155539258459171,0.0000000000000000
0.0150583295014837,0.0214071779449468,0.0000000000000000
0.0151962249903965,0.0187670154325611,0.0000000000000000
0.0007890315290949,0.0169546956197678,0.0000000000000000
0.0111534442333617,0.0217194376989638,0.0000000000000000
0.0069491877336878,0.0205988843090540,0.0000000000000000
0.0107189535056589,0.0127912291412467,0.0000000000000000
0.0016334251092770,0.0236044321279834,0.0000000000000000
0.0118049077066683,0.0140514018291927,0.0000000000000000
0.0029190568563524,0.0217893526889632,0.0000000000000000
0.0035167444449083,0.0250613442693139,0.0000000000000000
0.0133596622117171,0.0220856964963533,0.0000000000000000
0.0037703821506110,0.0225957477380636,0.0000000000000000
0.0038543902434591,0.0223097110544255,0.0000000000000000
0.0123023447106915,0.0236228032812981,0.0000000000000000
0.0154900935257800,0.0204382529418213,0.0000000000000000
0.0102957094702972,0.0245996978656042,0.0000000000000000
0.0101363407514969,0.0246362891763066,0.0000000000000000
0.0100237612673241,0.0245308627835076,0.0000000000000000
0.0099793287629312,0.0246795819618698,0.0000000000000000
0.0098634968255235,0.0245746664051747,0.0000000000000000
0.0098180330667341,0.0247273611974414,0.0000000000000000
0.0014579084054652,0.0226259973377188,0.0000000000000000
0.0012912212071797,0.0224651737104521,0.0000000000000000
0.0172038877593985,0.0187910397860418,0.0000000000000000
0.0028435827647344,0.0264352631951407,0.0000000000000000
0.0083703883388543,0.0165618044546514,0.0000000000000000
0.0138820964149459,0.0227290224797099,0.0000000000000000
0.0183377677653911,0.0188292836931735,0.0000000000000000
0.0010746170832220,0.0225388361168628,0.0000000000000000
0.0011188665309793,0.0223065629965082,0.0000000000000000
0.0013489914807733,0.0222380188366299,0.0000000000000000
0.0011568061806751,0.0220674662834716,0.0000000000000000
0.0165789432212709,0.0208926742583740,0.0000000000000000
0.0166561060992001,0.0207511992614663,0.0000000000000000
0.0028118675314491,0.0256948473374918,0.0000000000000000
0.0099280292745156,0.0140278575504471,0.0000000000000000
0.0096415298756839,0.0136834782574445,0.0000000000000000
0.0147250434710134,0.0168303138044460,0.0000000000000000
0.0042737296775765,0.0262982865377696,0.0000000000000000
0.0041181414061993,0.0263418864362157,0.0000000000000000
0.0170871842145975,0.0186392509166736,0.0000000000000000
0.0168898325883193,0.0186856064951373,0.0000000000000000
0.0056804415254144,0.0226938793669915,0.0000000000000000
0.0059510227703962,0.0226398750529924,0.0000000000000000
0.0138355135425236,0.0200403410889343,0.0000000000000000
0.0140501887473833,0.0200082695982276,0.0000000000000000
0.0136456243662845,0.0200640000455930,0.0000000000000000
0.0100809662840725,0.0228461078815970,0.0000000000000000
0.0099316974760282,0.0227010771138980,0.0000000000000000
0.0114049576549182,0.0205060217052363,0.0000000000000000
0.0116412083528897,0.0204638786306657,0.0000000000000000
0.0145564317878747,0.0214579759015207,0.0000000000000000
0.0168880069378217,0.0176187522508972,0.0000000000000000
0.0166802702880562,0.0176444813649774,0.0000000000000000
0.0167551458283666,0.0174335585798283,0.0000000000000000
0.0028985541702337,0.0212987337828702,0.0000000000000000
0.0073443309783770,0.0178610157078634,0.0000000000000000
0.0112735876243125,0.0240041752278089,0.0000000000000000
0.0113804187526053,0.0241191456248163,0.0000000000000000
0.0111629149214242,0.0238810193635388,0.0000000000000000
0.0053261928769072,0.0252449181868887,0.0000000000000000
0.0133256249363959,0.0204278779961720,0.0000000000000000
0.0141551612327192,0.0161402811063731,0.0000000000000000
0.0009340975135182,0.0250510601772444,0.0000000000000000
0.0010639932086052,0.0251761380889418,0.0000000000000000
0.0008849709250969,0.0252312744879631,0.0000000000000000
0.0061100334569523,0.0185115130413416,0.0000000000000000
0.0042359332642872,0.0258658373286274,0.0000000000000000
0.0135789742080295,0.0218869994618954,0.0000000000000000
0.0115918081090159,0.0230218673351734,0.0000000000000000
0.0136485806559507,0.0229080979506202,0.0000000000000000
0.0012336765561034,0.0244697325718600,0.0000000000000000
0.0010801147604764,0.0243373434075942,0.0000000000000000
0.0045607740644942,0.0189065849303380,0.0000000000000000
0.0133151916061484,0.0178916120212588,0.0000000000000000
0.0156168388021866,0.0212069549582753,0.0000000000000000
0.0150604415662497,0.0203840262876675,0.0000000000000000
0.0014052416595130,0.0173782993972299,0.0000000000000000
0.0010093190506634,0.0253428646691079,0.0000000000000000
0.0113784160848507,0.0211352256518991,0.0000000000000000
0.0116578973975077,0.0214341411595838,0.0000000000000000
0.0015465086728593,0.0266152627729658,0.0000000000000000
0.0016971715344935,0.0265743200447857,0.0000000000000000
0.0017290762232652,0.0264281249699865,0.0000000000000000
0.0018428124325714,0.0265385076468731,0.0000000000000000
0.0018824792949772,0.0263855435764975,0.0000000000000000
0.0019964532782196,0.0264963372291297,0.0000000000000000
0.0165382187310412,0.0174699988881859,0.0000000000000000
0.0146398572164408,0.0189410937102196,0.0000000000000000
0.0030523205367941,0.0254681326444708,0.0000000000000000
0.0167429736641800,0.0208836500546525,0.0000000000000000
0.0163550833303695,0.0170436529922604,0.0000000000000000
0.0078073006865488,0.0156159246606726,0.0000000000000000
0.0086516068019668,0.0168822019246092,0.0000000000000000
0.0147074610975585,0.0204585307135539,0.0000000000000000
0.0060087767014800,0.0173925612021951,0.0000000000000000
0.0139409423370127,0.0218270536411106,0.0000000000000000
0.0157997029280363,0.0214580341019649,0.0000000000000000
0.0158661476340283,0.0213201348587445,0.0000000000000000
0.0159550150529370,0.0214387270370803,0.0000000000000000
0.0160244386204429,0.0213064051784688,0.0000000000000000
0.0159325188305785,0.0211767683897137,0.0000000000000000
0.0050052926972232,0.0251233363296317,0.0000000000000000
0.0155729500995750,0.0182934986783278,0.0000000000000000
0.0157277145245809,0.0184633279038199,0.0000000000000000
0.0156524277141447,0.0186752607968620,0.0000000000000000
0.0158723594896076,0.0186279705116406,0.0000000000000000
0.0159418335062057,0.0184297389654093,0.0000000000000000
0.0160923375523488,0.0185957014576260,0.0000000000000000
0.0143739620741389,0.0156561561411322,0.0000000000000000
0.0036275893190487,0.0264928451999798,0.0000000000000000
0.0037952618465018,0.0264272815917345,0.0000000000000000
0.0052724924344393,0.0208405645175728,0.0000000000000000
0.0049899945166116,0.0205933727973208,0.0000000000000000
0.0156257236151236,0.0164401891312458,0.0000000000000000
0.0158922624064439,0.0164289144256640,0.0000000000000000
0.0067284030023901,0.0176069717645511,0.0000000000000000
0.0165382187667646,0.0186396703767823,0.0000000000000000
0.0111863197348397,0.0159604562423193,0.0000000000000000
0.0107908532164871,0.0160380611767542,0.0000000000000000
0.0007564558822780,0.0257018283300612,0.0000000000000000
0.0148259834918681,0.0206059818918355,0.0000000000000000
0.0145422295461849,0.0203381732334799,0.0000000000000000
0.0037531179254472,0.0218037973632528,0.0000000000000000
0.0067013216898223,0.0203765375074404,0.0000000000000000
0.0111492859877594,0.0205391091745717,0.0000000000000000
0.0110748158299273,0.0208060447623680,0.0000000000000000
0.0099094964665309,0.0239496277189426,0.0000000000000000
0.0131277647400501,0.0184337246476102,0.0000000000000000
0.0157997831507435,0.0188428183159175,0.0000000000000000
0.0043104109195443,0.0238124649713776,0.0000000000000000
0.0118897575934283,0.0129238284095510,0.0000000000000000
0.0121615130711803,0.0132613895785040,0.0000000000000000
0.0078824386628694,0.0194533499800011,0.0000000000000000
0.0030067073605890,0.0264767471796867,0.0000000000000000
0.0115033541522961,0.0202409783550390,0.0000000000000000
0.0117403908637808,0.0202340907434536,0.0000000000000000
0.0140546163866937,0.0164460427037490,0.0000000000000000
0.0093429657521574,0.0228054726254664,0.0000000000000000
0.0130509754673536,0.0186995314441708,0.0000000000000000
0.0136711350166343,0.0217239394216487,0.0000000000000000
0.0007904907371011,0.0261101093477776,0.0000000000000000
0.0007483269330500,0.0262949144124041,0.0000000000000000
0.0159705437262352,0.0197198583922949,0.0000000000000000
0.0160823079181731,0.0198843450985552,0.0000000000000000
0.0161602249201491,0.0196959976008669,0.0000000000000000
0.0162575877283249,0.0198657688626191,0.0000000000000000
0.0163458875146293,0.0196908348755613,0.0000000000000000
0.0031655813276141,0.0251364042382822,0.0000000000000000
0.0063990516975887,0.0071326750217354,0.0000000000000000
0.0149548073576309,0.0155112120378781,0.0000000000000000
0.0161335477418367,0.0175110805591903,0.0000000000000000
0.0062034550622909,0.0208859059360819,0.0000000000000000
0.0065067150350080,0.0207985513134706,0.0000000000000000
0.0049797287964923,0.0076492306276894,0.0000000000000000
0.0048715503457340,0.0083058348140672,0.0000000000000000
0.0042959162175935,0.0085949431477844,0.0000000000000000
0.0048652929732628,0.0088881930921117,0.0000000000000000
0.0043365127067939,0.0092000472059928,0.0000000000000000
0.0048418480513000,0.0094834950378674,0.0000000000000000
0.0043529741924560,0.0097724256037805,0.0000000000000000
0.0053460173065696,0.0092000698192029,0.0000000000000000
0.0048343664206399,0.0100486000218854,0.0000000000000000
0.0043474699770818,0.0103277327668120,0.0000000000000000
0.0038785641293700,0.0100584024808212,0.0000000000000000
0.0038723535149099,0.0106032758083897,0.0000000000000000
0.0034217480679098,0.0103433186912936,0.0000000000000000
0.0034265874247326,0.0108689562473358,0.0000000000000000
0.0029757289749057,0.0106165709724562,0.0000000000000000
0.0029864839173333,0.0111298255157989,0.0000000000000000
0.0034269072985693,0.0113797820220365,0.0000000000000000
0.0029965021329943,0.0116313045498551,0.0000000000000000
0.0034292145948504,0.0118778300885018,0.0000000000000000
0.0030043261362565,0.0121226511013293,0.0000000000000000
0.0025746321277332,0.0118785278901567,0.0000000000000000
0.0025915497365606,0.0123680244799194,0.0000000000000000
0.0038606400478016,0.0116320417778154,0.0000000000000000
0.0025429798147193,0.0108819790973704,0.0000000000000000
0.0025316619723665,0.0103777871019869,0.0000000000000000
0.0048029304374559,0.0105974573363520,0.0000000000000000
0.0052978865939221,0.0103267878754926,0.0000000000000000
0.0030032026277284,0.0125985664319204,0.0000000000000000
0.0025935541408059,0.0128351448879753,0.0000000000000000
0.0038587093735174,0.0121276864791461,0.0000000000000000
0.0021910641187255,0.0126101527794215,0.0000000000000000
0.0021931865154939,0.0130704266521776,0.0000000000000000
0.0025930731200384,0.0132969933987693,0.0000000000000000
0.0021965486620885,0.0135290263134089,0.0000000000000000
0.0021065595290479,0.0106436319766916,0.0000000000000000
0.0020880897254393,0.0101430530984495,0.0000000000000000
0.0025147294224987,0.0098748784009831,0.0000000000000000
0.0042943934994035,0.0118845078086847,0.0000000000000000
0.0018000569399337,0.0128456729801023,0.0000000000000000
0.0017945187426187,0.0123926131140925,0.0000000000000000
0.0052780042631010,0.0108611770528827,0.0000000000000000
0.0057617363841985,0.0105959850940182,0.0000000000000000
0.0021188821875869,0.0111344620366966,0.0000000000000000
0.0025886481776826,0.0137494092577619,0.0000000000000000
0.0021912841990890,0.0139728857984465,0.0000000000000000
0.0029917386158080,0.0135269457490584,0.0000000000000000
0.0018035855549576,0.0137567970564277,0.0000000000000000
0.0018026195193491,0.0141983726657677,0.0000000000000000
0.0042818503244857,0.0123681657268733,0.0000000000000000
0.0038520290578668,0.0126127293031299,0.0000000000000000
0.0022153696510056,0.0144113531228242,0.0000000000000000
0.0018234444134469,0.0146475972394531,0.0000000000000000
0.0057688392701756,0.0100639589337234,0.0000000000000000
0.0062295870123074,0.0103333184304232,0.0000000000000000
0.0062349321720472,0.0098029546206112,0.0000000000000000
0.0034067718532548,0.0098051892869692,0.0000000000000000
0.0055983215258571,0.0078754037251713,0.0000000000000000
0.0042955586705022,0.0113843422720055,0.0000000000000000
0.0047599112741790,0.0116416598574740,0.0000000000000000
0.0016889176253170,0.0109261771741116,0.0000000000000000
0.0017206503134491,0.0114243369406188,0.0000000000000000
0.0014374687244249,0.0144115500468048,0.0000000000000000
0.0020733764597795,0.0096433340425852,0.0000000000000000
0.0025032038184859,0.0093247028672765,0.0000000000000000
0.0014484594228049,0.0148387323480604,0.0000000000000000
0.0042810721262122,0.0128731031175217,0.0000000000000000
0.0038253122440604,0.0089179076609594,0.0000000000000000
0.0016606290426967,0.0099109577081195,0.0000000000000000
0.0017893147489019,0.0150829494836427,0.0000000000000000
0.0014354214165442,0.0152513136776121,0.0000000000000000
0.0029795274131174,0.0139649727212756,0.0000000000000000
0.0034001037541584,0.0137603719625118,0.0000000000000000
0.0033995057819542,0.0132930101175313,0.0000000000000000
0.0016539313865515,0.0094410859963598,0.0000000000000000
0.0066777811865075,0.0100459213970105,0.0000000000000000
0.0066982995259395,0.0095361786875751,0.0000000000000000
0.0062402801485118,0.0092695467577857,0.0000000000000000
0.0067167352801645,0.0090188494608933,0.0000000000000000
0.0071484766262379,0.0093091310391942,0.0000000000000000
0.0062458577849601,0.0086776863900246,0.0000000000000000
0.0071992709459932,0.0087597938847919,0.0000000000000000
0.0067081946794672,0.0105876843707315,0.0000000000000000
0.0014368904250811,0.0126232825100111,0.0000000000000000
0.0013471427343042,0.0131135089207860,0.0000000000000000
0.0014308661173979,0.0121758072185849,0.0000000000000000
0.0017644210576310,0.0155246467737369,0.0000000000000000
0.0010768733767450,0.0204415098337711,0.0000000000000000
0.0055023136963837,0.0085441471585572,0.0000000000000000
0.0017758127076809,0.0119227811148437,0.0000000000000000
0.0101326322363217,0.0193654297703031,0.0000000000000000
0.0105120702122864,0.0157563807747034,0.0000000000000000
0.0166413128701322,0.0198643285470045,0.0000000000000000
0.0168167445203322,0.0207376412158087,0.0000000000000000
0.0020358999704850,0.0263402551788074,0.0000000000000000
0.0021488702922096,0.0264545091834814,0.0000000000000000
0.0019201339443257,0.0262271149069267,0.0000000000000000
0.0021111298122687,0.0266069012358253,0.0000000000000000
0.0022582027536815,0.0265690372164845,0.0000000000000000
0.0022277943672115,0.0267083503336998,0.0000000000000000
0.0036708560160039,0.0083211905263555,0.0000000000000000
0.0170991335283187,0.0175695154144734,0.0000000000000000
0.0056961257895091,0.0110330829583757,0.0000000000000000
0.0053200578338172,0.0113987117249888,0.0000000000000000
0.0064532565557017,0.0210804600636459,0.0000000000000000
0.0058641715444425,0.0210092063018733,0.0000000000000000
0.0119490874228275,0.0181224583554175,0.0000000000000000
0.0172280663430358,0.0204636915791011,0.0000000000000000
0.0170756876656117,0.0205049290630336,0.0000000000000000
0.0170270362913082,0.0206506819786515,0.0000000000000000
0.0169198467777929,0.0205327597511543,0.0000000000000000
0.0110791877996185,0.0219309337988473,0.0000000000000000
0.0112140460924893,0.0220788575680081,0.0000000000000000
0.0110049615051400,0.0221339705354713,0.0000000000000000
0.0111509684001884,0.0222800673810173,0.0000000000000000
0.0109347340452322,0.0223220046418872,0.0000000000000000
0.0107973377232641,0.0221968751759146,0.0000000000000000
0.0125404027031651,0.0188156101871348,0.0000000000000000
0.0176807432592528,0.0196671006352885,0.0000000000000000
0.0177772407660280,0.0197944331626700,0.0000000000000000
0.0177014153642286,0.0199432417059681,0.0000000000000000
0.0008778951578307,0.0223835318914581,0.0000000000000000
0.0008695620642908,0.0202358360851319,0.0000000000000000
0.0010272510282798,0.0207454279661119,0.0000000000000000
0.0117871898413260,0.0228159473609070,0.0000000000000000
0.0011956460722130,0.0253027268987867,0.0000000000000000
0.0091922554367741,0.0137642384521836,0.0000000000000000
0.0040843854524962,0.0190488418327108,0.0000000000000000
0.0040490347239802,0.0194662410718232,0.0000000000000000
0.0108652250395720,0.0122955593529829,0.0000000000000000
0.0110589017376830,0.0236576588094468,0.0000000000000000
0.0155773272035939,0.0197706674997050,0.0000000000000000
0.0033461408611671,0.0264016688713213,0.0000000000000000
0.0032940838789506,0.0265461384201446,0.0000000000000000
0.0175792909031289,0.0195335546094677,0.0000000000000000
0.0010401709381301,0.0128318064365126,0.0000000000000000
0.0084990963935685,0.0204852130124155,0.0000000000000000
0.0131757625463804,0.0221047954639490,0.0000000000000000
0.0083004058419918,0.0192856774109024,0.0000000000000000
0.0152699628395910,0.0201550850030581,0.0000000000000000
0.0153407941061850,0.0199664289130421,0.0000000000000000
0.0138500882233597,0.0162295168648551,0.0000000000000000
0.0018416452613533,0.0195502087520901,0.0000000000000000
0.0015591933878542,0.0193270957223810,0.0000000000000000
0.0012424326196566,0.0194559264658461,0.0000000000000000
0.0012942410177229,0.0191051034076810,0.0000000000000000
0.0016217865939713,0.0189734295751024,0.0000000000000000
0.0013445164399216,0.0187445838045537,0.0000000000000000
0.0016700417751121,0.0185856965205717,0.0000000000000000
0.0013796234775621,0.0183693876440368,0.0000000000000000
0.0019733812382749,0.0188362486950346,0.0000000000000000
0.0009737449742049,0.0192219582903079,0.0000000000000000
0.0053865391683892,0.0261265794722084,0.0000000000000000
0.0055496796227638,0.0260695468545784,0.0000000000000000
0.0052287883232607,0.0261581562531054,0.0000000000000000
0.0162710215577385,0.0195241120319316,0.0000000000000000
0.0164489699105132,0.0195268916552896,0.0000000000000000
0.0024273624297321,0.0087144985282055,0.0000000000000000
0.0032710585210253,0.0213571349257698,0.0000000000000000
0.0036150931528424,0.0212375881865481,0.0000000000000000
0.0087540335301336,0.0191238387108139,0.0000000000000000
0.0054313977917174,0.0227687981048898,0.0000000000000000
0.0111124642264167,0.0234602999292853,0.0000000000000000
0.0109969575279444,0.0233296847476573,0.0000000000000000
0.0021421649415871,0.0197974100238219,0.0000000000000000
0.0162886282860745,0.0212296985942243,0.0000000000000000
0.0107345678645777,0.0223837369500549,0.0000000000000000
0.0026799916256195,0.0235660923962066,0.0000000000000000
0.0027612367532574,0.0233253929128813,0.0000000000000000
0.0042356138422996,0.0264516794920646,0.0000000000000000
0.0113673316155010,0.0122843868252177,0.0000000000000000
0.0093345693527330,0.0132762601885004,0.0000000000000000
0.0164624337695911,0.0211915566148867,0.0000000000000000
0.0140489987424296,0.0227171210030064,0.0000000000000000
0.0016839337816783,0.0177641469642727,0.0000000000000000
0.0012625093219735,0.0178132367785063,0.0000000000000000
0.0134486066610190,0.0230953870980691,0.0000000000000000
0.0133054809473116,0.0231319700480200,0.0000000000000000
0.0033047894735386,0.0229324673116844,0.0000000000000000
0.0050288730422162,0.0242423253545577,0.0000000000000000
0.0052846751570467,0.0241798268399811,0.0000000000000000
0.0157707279736351,0.0173346863538931,0.0000000000000000
0.0087956847915270,0.0204182034756748,0.0000000000000000
0.0088828508151107,0.0200893946580508,0.0000000000000000
0.0090761458061321,0.0203574462017491,0.0000000000000000
0.0095832254481551,0.0203117601477944,0.0000000000000000
0.0166417599727599,0.0172437143397814,0.0000000000000000
0.0100084414280839,0.0237728296355038,0.0000000000000000
0.0079677189361968,0.0151194116254902,0.0000000000000000
0.0084082267499186,0.0150710257596878,0.0000000000000000
0.0033847797116504,0.0249397306136705,0.0000000000000000
0.0154345131934230,0.0181066502664783,0.0000000000000000
0.0026421537959967,0.0257469982775417,0.0000000000000000
0.0024911662936689,0.0256156418254630,0.0000000000000000
0.0027370202477915,0.0258681856709119,0.0000000000000000
0.0013031135861705,0.0088345249440500,0.0000000000000000
0.0036795076602877,0.0228733548144533,0.0000000000000000
0.0116753355963474,0.0144304093030850,0.0000000000000000
0.0033952823142895,0.0142806386627043,0.0000000000000000
0.0106729799165838,0.0243592321770334,0.0000000000000000
0.0132501979028814,0.0232748804406080,0.0000000000000000
0.0131029833986556,0.0232760472405306,0.0000000000000000
0.0130119419602062,0.0234016282293651,0.0000000000000000
0.0129536625625541,0.0232600230562966,0.0000000000000000
0.0130472937717555,0.0231327390339165,0.0000000000000000
0.0129083045550769,0.0231044358235187,0.0000000000000000
0.0128579759961385,0.0233884060507888,0.0000000000000000
0.0127425328830749,0.0235058718435239,0.0000000000000000
0.0127060261563988,0.0233610072458012,0.0000000000000000
0.0126014822008265,0.0234844067887128,0.0000000000000000
0.0019562979244677,0.0266532655891134,0.0000000000000000
0.0112117810784482,0.0241485949385824,0.0000000000000000
0.0064085168238377,0.0201575965292331,0.0000000000000000
0.0038730569296326,0.0214782653366835,0.0000000000000000
0.0007859223079392,0.0249217509722857,0.0000000000000000
0.0024156572127062,0.0183890548609086,0.0000000000000000
0.0039862656857029,0.0220314107266720,0.0000000000000000
0.0043674425601703,0.0220127930274214,0.0000000000000000
0.0178830612112355,0.0183806272635649,0.0000000000000000
0.0180985804966840,0.0183478799242579,0.0000000000000000
0.0144063369928570,0.0201481423096428,0.0000000000000000
0.0137189795516842,0.0227592247831283,0.0000000000000000
0.0008393665592611,0.0254027253096593,0.0000000000000000
0.0047127550528537,0.0263215803989747,0.0000000000000000
0.0045404342786152,0.0263768748062006,0.0000000000000000
0.0029558386479369,0.0262261523717644,0.0000000000000000
0.0138926329013209,0.0198551442309128,0.0000000000000000
0.0144970095303761,0.0187549302558424,0.0000000000000000
0.0142659707895695,0.0187875899806162,0.0000000000000000
0.0123576616147781,0.0234761927635170,0.0000000000000000
0.0124630158099315,0.0235984884041217,0.0000000000000000
0.0033960445232331,0.0262410456205507,0.0000000000000000
0.0167687547957456,0.0195130223204085,0.0000000000000000
0.0112088775421922,0.0213417916563114,0.0000000000000000
0.0077558314349325,0.0162725642611889,0.0000000000000000
0.0156364410741199,0.0195832444494623,0.0000000000000000
0.0181781961058100,0.0185383076001377,0.0000000000000000
0.0105020764877262,0.0198456497509774,0.0000000000000000
0.0106054994252579,0.0195874297987519,0.0000000000000000
0.0178458541695666,0.0196404632386143,0.0000000000000000
0.0179492822992842,0.0197979513374213,0.0000000000000000
0.0180077047673856,0.0196225572360407,0.0000000000000000
0.0180862363881537,0.0197314168142444,0.0000000000000000
0.0075167217816943,0.0159480649233904,0.0000000000000000
0.0070351966349467,0.0160667925281022,0.0000000000000000
0.0024679150957897,0.0205216070462506,0.0000000000000000
0.0173990174106047,0.0204409278779833,0.0000000000000000
0.0012004248265896,0.0096776697815783,0.0000000000000000
0.0141080747638270,0.0225479608807881,0.0000000000000000
0.0052192607463659,0.0223704062796025,0.0000000000000000
0.0051008709387095,0.0260621170226836,0.0000000000000000
0.0058363445344808,0.0221793148001537,0.0000000000000000
0.0101340690284609,0.0201809740925597,0.0000000000000000
0.0039328545899874,0.0259489583265406,0.0000000000000000
0.0061595097058388,0.0235117561062651,0.0000000000000000
0.0063315300578724,0.0236943972347927,0.0000000000000000
0.0065694163857236,0.0236426554997652,0.0000000000000000
0.0064743959602974,0.0238729662678842,0.0000000000000000
0.0066515138855554,0.0233967104403000,0.0000000000000000
0.0068233452426670,0.0236199671311850,0.0000000000000000
0.0070605260437699,0.0235333615570202,0.0000000000000000
0.0071839649759686,0.0232854151395014,0.0000000000000000
0.0072971041550711,0.0235141816680542,0.0000000000000000
0.0070216571961506,0.0237627220702792,0.0000000000000000
0.0076659893777680,0.0191619833246587,0.0000000000000000
0.0073082344940080,0.0192472190085347,0.0000000000000000
0.0012387530627885,0.0212587280681164,0.0000000000000000
0.0011538063843223,0.0215595435517539,0.0000000000000000
0.0009572265579091,0.0213145274468401,0.0000000000000000
0.0013979024901802,0.0217419425857949,0.0000000000000000
0.0133945306011233,0.0202328168073966,0.0000000000000000
0.0132835680958007,0.0200508228287657,0.0000000000000000
0.0040021429040812,0.0262352280544185,0.0000000000000000
0.0039541523969312,0.0264020280561622,0.0000000000000000
0.0062409150609042,0.0239285423635064,0.0000000000000000
0.0064345399555710,0.0220469009550315,0.0000000000000000
0.0063377737224799,0.0223139777777448,0.0000000000000000
0.0066369574379897,0.0222470350773467,0.0000000000000000
0.0069278355387031,0.0221833456164590,0.0000000000000000
0.0070256716129292,0.0219177966252478,0.0000000000000000
0.0072167878857884,0.0221193545179799,0.0000000000000000
0.0074594440258195,0.0220616379881566,0.0000000000000000
0.0074170027359647,0.0223014747231557,0.0000000000000000
0.0076337669606104,0.0218299400684930,0.0000000000000000
0.0078898791868366,0.0219556721641429,0.0000000000000000
0.0081295449186170,0.0218787085878791,0.0000000000000000
0.0030813475645699,0.0239157069592369,0.0000000000000000
0.0028702682143765,0.0239860928797984,0.0000000000000000
0.0061974602430789,0.0247160782100090,0.0000000000000000
0.0061381568882019,0.0249119625334820,0.0000000000000000
0.0059441643097725,0.0249625170110141,0.0000000000000000
0.0060872688083881,0.0251078626848105,0.0000000000000000
0.0059084378538656,0.0251638590862879,0.0000000000000000
0.0057573491414903,0.0250157392577017,0.0000000000000000
0.0057103604515712,0.0252242751317216,0.0000000000000000
0.0055693321512018,0.0250595063000572,0.0000000000000000
0.0062734046694718,0.0250577980850575,0.0000000000000000
0.0063433747552469,0.0248625778217654,0.0000000000000000
0.0065388536330835,0.0248219128285500,0.0000000000000000
0.0064654163901974,0.0250155644935319,0.0000000000000000
0.0066548536172711,0.0249774291608599,0.0000000000000000
0.0067230089607192,0.0247985084531539,0.0000000000000000
0.0066039684273481,0.0246325712998764,0.0000000000000000
0.0068198394276784,0.0246146763591481,0.0000000000000000
0.0070126137390369,0.0247163039134390,0.0000000000000000
0.0071996599689845,0.0246387569848331,0.0000000000000000
0.0071646859469049,0.0248288898387690,0.0000000000000000
0.0073333589870542,0.0247729976981498,0.0000000000000000
0.0099217593716314,0.0191304470456692,0.0000000000000000
0.0044293168796574,0.0262508833877108,0.0000000000000000
0.0062742546245012,0.0257328026047399,0.0000000000000000
0.0062277590919252,0.0258959570638822,0.0000000000000000
0.0060706728599614,0.0259464141259932,0.0000000000000000
0.0061801134060151,0.0260380571901098,0.0000000000000000
0.0063850085514436,0.0258476870665702,0.0000000000000000
0.0065597942404275,0.0257951118943267,0.0000000000000000
0.0059388492859339,0.0258298678215996,0.0000000000000000
0.0058935041164528,0.0259847781523898,0.0000000000000000
0.0057215152521901,0.0260262515950733,0.0000000000000000
0.0069500544803063,0.0255432440444349,0.0000000000000000
0.0070748455253933,0.0256578622195179,0.0000000000000000
0.0072310232338077,0.0256162478601053,0.0000000000000000
0.0071908132972343,0.0257633783361096,0.0000000000000000
0.0072806031711239,0.0254550687891980,0.0000000000000000
0.0073889014785495,0.0255725880543609,0.0000000000000000
0.0075613593523499,0.0255375431737349,0.0000000000000000
0.0076250812761656,0.0253588567080455,0.0000000000000000
0.0077505528003809,0.0254604761660701,0.0000000000000000
0.0079235721870648,0.0254102587039871,0.0000000000000000
0.0069135613075836,0.0257026244028195,0.0000000000000000
0.0067375847184377,0.0257454207302178,0.0000000000000000
0.0076360657935821,0.0243503973497849,0.0000000000000000
0.0075851445173840,0.0245408391804306,0.0000000000000000
0.0077968437199083,0.0245190226213707,0.0000000000000000
0.0077054402532893,0.0246656264413992,0.0000000000000000
0.0079786837657023,0.0244477239307311,0.0000000000000000
0.0080409757439083,0.0242488966786098,0.0000000000000000
0.0066111577192686,0.0256344915610373,0.0000000000000000
0.0174794758193358,0.0193911695642801,0.0000000000000000
0.0180124403551354,0.0188631826436244,0.0000000000000000
0.0154502078058786,0.0162000533953784,0.0000000000000000
0.0111800999558793,0.0188229415005932,0.0000000000000000
0.0110851799711361,0.0191030260291442,0.0000000000000000
0.0107857541029465,0.0191743906289216,0.0000000000000000
0.0109867944300554,0.0193591517751833,0.0000000000000000
0.0113560362394780,0.0190251826940681,0.0000000000000000
0.0015145906366564,0.0262020356933364,0.0000000000000000
0.0120953306679209,0.0238199888508090,0.0000000000000000
0.0119301027949909,0.0238395565839201,0.0000000000000000
0.0141269753548478,0.0185747073398003,0.0000000000000000
0.0033124967991460,0.0238502340140746,0.0000000000000000
0.0087625980602294,0.0214851631160066,0.0000000000000000
0.0086819161010620,0.0217408345866632,0.0000000000000000
0.0089545272185946,0.0216719142822245,0.0000000000000000
0.0092243347361010,0.0216108847787764,0.0000000000000000
0.0084066653122500,0.0218034272445061,0.0000000000000000
0.0086074866661758,0.0219769667645926,0.0000000000000000
0.0093068612835488,0.0213525743437306,0.0000000000000000
0.0094838372412455,0.0215445705376383,0.0000000000000000
0.0093813698762203,0.0217939471042622,0.0000000000000000
0.0097205762141025,0.0214948806630804,0.0000000000000000
0.0098589359925062,0.0212622887069379,0.0000000000000000
0.0101263919518967,0.0211605761586672,0.0000000000000000
0.0076513757050751,0.0231081333924343,0.0000000000000000
0.0078248646723873,0.0232766734836746,0.0000000000000000
0.0080549707935814,0.0232194890330023,0.0000000000000000
0.0079884540173239,0.0234271646874569,0.0000000000000000
0.0082105439368824,0.0233677260376731,0.0000000000000000
0.0082783455251903,0.0231634821170536,0.0000000000000000
0.0084303636276723,0.0233110850570968,0.0000000000000000
0.0085073849870886,0.0231024006757165,0.0000000000000000
0.0086517365496206,0.0232697722553354,0.0000000000000000
0.0081603353186485,0.0236014094168175,0.0000000000000000
0.0077625666678899,0.0234819437472130,0.0000000000000000
0.0087294373544692,0.0230604611674850,0.0000000000000000
0.0088783834488285,0.0232277214433661,0.0000000000000000
0.0088434260336377,0.0228667544725045,0.0000000000000000
0.0068414741100016,0.0224667334875544,0.0000000000000000
0.0134253342402002,0.0176216900078825,0.0000000000000000
0.0132269909171501,0.0174042974941933,0.0000000000000000
0.0135273089669744,0.0173260969291155,0.0000000000000000
0.0131653801343716,0.0230185097980081,0.0000000000000000
0.0081783290591586,0.0250427485174992,0.0000000000000000
0.0083021869539887,0.0251629160087047,0.0000000000000000
0.0084672012797109,0.0251195336985965,0.0000000000000000
0.0084196626574860,0.0252734263912966,0.0000000000000000
0.0082590670530684,0.0253177418868892,0.0000000000000000
0.0085787512116097,0.0252297608973228,0.0000000000000000
0.0086640919929821,0.0250806170291965,0.0000000000000000
0.0087403855868493,0.0252029128156472,0.0000000000000000
0.0130384134282916,0.0171502080341136,0.0000000000000000
0.0102520682750669,0.0235132197504695,0.0000000000000000
0.0164725259926037,0.0204776753300062,0.0000000000000000
0.0088637375701766,0.0248563327849764,0.0000000000000000
0.0089871848143274,0.0249736601987138,0.0000000000000000
0.0091500790574842,0.0249302665269562,0.0000000000000000
0.0091092078434204,0.0250855765245892,0.0000000000000000
0.0089488124565736,0.0251319937363755,0.0000000000000000
0.0092634291221208,0.0250498789869411,0.0000000000000000
0.0093173017631455,0.0248859766913053,0.0000000000000000
0.0092342177279101,0.0252165832199122,0.0000000000000000
0.0010264922610068,0.0185567749875499,0.0000000000000000
0.0075999346380040,0.0204235073594340,0.0000000000000000
0.0079333373275218,0.0203371491413590,0.0000000000000000
0.0078395271515049,0.0206627948562025,0.0000000000000000
0.0043553899442669,0.0251689952892789,0.0000000000000000
0.0013235275516143,0.0206498444469452,0.0000000000000000
0.0096814470089599,0.0179688894788751,0.0000000000000000
0.0100323988740021,0.0178951140561245,0.0000000000000000
0.0101544266049607,0.0175398286196786,0.0000000000000000
0.0105130126172086,0.0174555627158490,0.0000000000000000
0.0107592636456134,0.0176841478409327,0.0000000000000000
0.0110868470024592,0.0176083081436687,0.0000000000000000
0.0110081055335758,0.0179429531717233,0.0000000000000000
0.0085296143925370,0.0185801515024130,0.0000000000000000
0.0122784931626846,0.0197683880411389,0.0000000000000000
0.0121883904169686,0.0200121239863219,0.0000000000000000
0.0117453087456994,0.0186824610070338,0.0000000000000000
0.0050719609171471,0.0262378281484066,0.0000000000000000
0.0127911775300177,0.0196738131930707,0.0000000000000000
0.0129407998812148,0.0198664185100003,0.0000000000000000
0.0154246887699011,0.0187092881693528,0.0000000000000000
0.0014004761491923,0.0157231021464729,0.0000000000000000
0.0011993609214481,0.0161015707249571,0.0000000000000000
0.0161053334955125,0.0209557055376486,0.0000000000000000
0.0165436509310603,0.0197061696866790,0.0000000000000000
0.0104538057759411,0.0245505899990403,0.0000000000000000
0.0106179274954485,0.0245244924096006,0.0000000000000000
0.0105550272028814,0.0242415837167052,0.0000000000000000
0.0047988990853844,0.0260003770885719,0.0000000000000000
0.0049188608466330,0.0261382546263043,0.0000000000000000
0.0049276044445835,0.0262903543859815,0.0000000000000000
0.0041593748522605,0.0222821911144514,0.0000000000000000
0.0076003074076901,0.0233292507927053,0.0000000000000000
0.0075433536496024,0.0235588208911652,0.0000000000000000
0.0084109192448165,0.0089762227625592,0.0000000000000000
0.0079430859124864,0.0092015394374004,0.0000000000000000
0.0108600090962389,0.0216228719482183,0.0000000000000000
0.0143408174591479,0.0197834941090906,0.0000000000000000
0.0103937904241204,0.0236478442350013,0.0000000000000000
0.0017916577037030,0.0133042400151597,0.0000000000000000
0.0014213221978470,0.0135705442175601,0.0000000000000000
0.0014251148726779,0.0139870482256884,0.0000000000000000
0.0011071739508201,0.0142253881682008,0.0000000000000000
0.0042997576099921,0.0253573513660992,0.0000000000000000
0.0044914230284870,0.0253126991313315,0.0000000000000000
0.0044380216107938,0.0254843660975051,0.0000000000000000
0.0043734897515618,0.0256761299945880,0.0000000000000000
0.0045556811797750,0.0251199856208938,0.0000000000000000
0.0046816946909025,0.0252547340190276,0.0000000000000000
0.0084386294742490,0.0241427661001249,0.0000000000000000
0.0083784918204053,0.0243338151515032,0.0000000000000000
0.0086370098850117,0.0240913034061052,0.0000000000000000
0.0087532366840622,0.0242381918650722,0.0000000000000000
0.0089677584040904,0.0241891623270275,0.0000000000000000
0.0090281666397150,0.0239936036655127,0.0000000000000000
0.0092252185003195,0.0239411468090359,0.0000000000000000
0.0093697310935788,0.0240751578549064,0.0000000000000000
0.0055995445311367,0.0259179034026653,0.0000000000000000
0.0058400065823970,0.0261379251368653,0.0000000000000000
0.0160643786284455,0.0206715219308065,0.0000000000000000
0.0055114220418123,0.0252289068642431,0.0000000000000000
0.0149910161707846,0.0205476038191689,0.0000000000000000
0.0112566921849102,0.0231047156792829,0.0000000000000000
0.0155310156737616,0.0159110140947168,0.0000000000000000
0.0025355595390124,0.0265098134824618,0.0000000000000000
0.0026418740925122,0.0266367901999698,0.0000000000000000
0.0053570534099114,0.0239393970037763,0.0000000000000000
0.0055992623312149,0.0238724313750513,0.0000000000000000
0.0057813722642251,0.0240390031580146,0.0000000000000000
0.0029912389003598,0.0256464571772062,0.0000000000000000
0.0051737438427369,0.0249686258110508,0.0000000000000000
0.0163085056312093,0.0186386173896288,0.0000000000000000
0.0159261666504188,0.0209971466216291,0.0000000000000000
0.0151201332694802,0.0219598440833595,0.0000000000000000
0.0152906524370734,0.0219442242549831,0.0000000000000000
0.0141940693478922,0.0215565143282158,0.0000000000000000
0.0141001772426725,0.0217325306189373,0.0000000000000000
0.0142726433954369,0.0217025495213115,0.0000000000000000
0.0141006617860306,0.0219061977274153,0.0000000000000000
0.0055393881822566,0.0210968347454820,0.0000000000000000
0.0127003528872129,0.0229456629497708,0.0000000000000000
0.0128808000599419,0.0229284807384259,0.0000000000000000
0.0132123500710306,0.0181595840354107,0.0000000000000000
0.0143461251831877,0.0223663791452537,0.0000000000000000
0.0145061147220910,0.0223384288076940,0.0000000000000000
0.0142794140100667,0.0225430092869851,0.0000000000000000
0.0144476662006259,0.0224929176216123,0.0000000000000000
0.0142820375263916,0.0226815478516032,0.0000000000000000
0.0081375410200176,0.0252066650926874,0.0000000000000000
0.0080939949519027,0.0253629398899602,0.0000000000000000
0.0082027490398335,0.0254637751895958,0.0000000000000000
0.0136201999908854,0.0226323935163750,0.0000000000000000
0.0179230286434104,0.0194700708019647,0.0000000000000000
0.0181654640592394,0.0195843069859586,0.0000000000000000
0.0080515597931484,0.0221541309947763,0.0000000000000000
0.0167574317068169,0.0205979786558222,0.0000000000000000
0.0115621966941932,0.0158789059633683,0.0000000000000000
0.0119240462164497,0.0158084408881856,0.0000000000000000
0.0120299006035958,0.0154349321851843,0.0000000000000000
0.0123353242233354,0.0157065444815780,0.0000000000000000
0.0022974324419494,0.0262889120281968,0.0000000000000000
0.0035382565961864,0.0246521307011064,0.0000000000000000
0.0088313104894425,0.0250137776791077,0.0000000000000000
0.0118183718507317,0.0237287530739589,0.0000000000000000
0.0117639678783951,0.0238807963044777,0.0000000000000000
0.0117507070223170,0.0198628276382505,0.0000000000000000
0.0027526676993243,0.0150316610315997,0.0000000000000000
0.0022461292496577,0.0149206964710350,0.0000000000000000
0.0012013841192011,0.0198080762385987,0.0000000000000000
0.0020259693937005,0.0260762736763763,0.0000000000000000
0.0083593003861711,0.0229249835837761,0.0000000000000000
0.0049697000053745,0.0229179766495219,0.0000000000000000
0.0111005385774787,0.0224628145115981,0.0000000000000000
0.0152105186662699,0.0210857119910387,0.0000000000000000
0.0153007458500260,0.0212327059693812,0.0000000000000000
0.0148025096616319,0.0220126822125690,0.0000000000000000
0.0147362675578262,0.0221623604907068,0.0000000000000000
0.0145737736028601,0.0221874092888389,0.0000000000000000
0.0146735074531015,0.0223336872342389,0.0000000000000000
0.0149102572848124,0.0221628427070717,0.0000000000000000
0.0044240771496759,0.0180930109071036,0.0000000000000000
0.0048758592011671,0.0182198218536210,0.0000000000000000
0.0052021459350691,0.0178590023225371,0.0000000000000000
0.0051259212545829,0.0173966202115396,0.0000000000000000
0.0183182732505260,0.0192570127677358,0.0000000000000000
0.0184110247287821,0.0193914187161280,0.0000000000000000
0.0116454715970824,0.0237730158437149,0.0000000000000000
0.0016882123583751,0.0104140669791939,0.0000000000000000
0.0012642845726522,0.0106751478270911,0.0000000000000000
0.0037540086614359,0.0265789596501572,0.0000000000000000
0.0148116260434055,0.0179697988292680,0.0000000000000000
0.0025344348558344,0.0247087218544699,0.0000000000000000
0.0023418890573328,0.0247743153689385,0.0000000000000000
0.0021783993633530,0.0246299593665184,0.0000000000000000
0.0022213504938972,0.0244200364788018,0.0000000000000000
0.0020115105309338,0.0244802354672596,0.0000000000000000
0.0020586209396455,0.0242661222022263,0.0000000000000000
0.0018017183693088,0.0245306633420532,0.0000000000000000
0.0019687558755545,0.0247039440705989,0.0000000000000000
0.0016379329989025,0.0243808901268539,0.0000000000000000
0.0016003246752878,0.0245977454716818,0.0000000000000000
0.0126888599085047,0.0221389390191077,0.0000000000000000
0.0128056851442171,0.0222882004636310,0.0000000000000000
0.0061748408229550,0.0109565863414869,0.0000000000000000
0.0106879393733342,0.0207814091752805,0.0000000000000000
0.0009917131848116,0.0210389126839994,0.0000000000000000
0.0144736276158371,0.0153270882461560,0.0000000000000000
0.0153491977061188,0.0217889221989233,0.0000000000000000
0.0102205070447787,0.0154681385243401,0.0000000000000000
0.0098572134666264,0.0241246236166915,0.0000000000000000
0.0099640371112737,0.0242566500242155,0.0000000000000000
0.0151972899782602,0.0196328399491931,0.0000000000000000
0.0100527419955408,0.0222516327480227,0.0000000000000000
0.0102803995223041,0.0221906088914830,0.0000000000000000
0.0104257517697065,0.0223540818758755,0.0000000000000000
0.0058326228853867,0.0166901935276067,0.0000000000000000
0.0063329355724661,0.0167638320555718,0.0000000000000000
0.0011184603759327,0.0266029202187105,0.0000000000000000
0.0012224504162555,0.0267096298292267,0.0000000000000000
0.0009686920418073,0.0266425707587689,0.0000000000000000
0.0008535692161873,0.0265486971887369,0.0000000000000000
0.0008211825332574,0.0267139926023149,0.0000000000000000
0.0008861424341697,0.0263941417732323,0.0000000000000000
0.0013949907176723,0.0266875066518850,0.0000000000000000
0.0111614931441159,0.0163321513533876,0.0000000000000000
0.0175528550252750,0.0199751048175684,0.0000000000000000
0.0117273719293475,0.0240288103597377,0.0000000000000000
0.0008190996527821,0.0238600631528688,0.0000000000000000
0.0007837487838776,0.0240552689409076,0.0000000000000000
0.0009376522971060,0.0241928048464417,0.0000000000000000
0.0184646458655291,0.0192312421495620,0.0000000000000000
0.0185320208559117,0.0190862220942134,0.0000000000000000
0.0184337834531095,0.0189632258708621,0.0000000000000000
0.0130711533181382,0.0135399685269204,0.0000000000000000
0.0127026412477400,0.0136048944197193,0.0000000000000000
0.0012789898019182,0.0259667363402991,0.0000000000000000
0.0100198421565568,0.0124743968020403,0.0000000000000000
0.0102184320082293,0.0129119926001007,0.0000000000000000
0.0088885333543010,0.0184782572841411,0.0000000000000000
0.0038410519389451,0.0262740593990497,0.0000000000000000
0.0106905168680758,0.0232386178073626,0.0000000000000000
0.0018556501274824,0.0254585259442568,0.0000000000000000
0.0082971832127196,0.0142235468830392,0.0000000000000000
0.0087267253800050,0.0143357867203366,0.0000000000000000
0.0105596821589623,0.0189736989367273,0.0000000000000000
0.0104824561509407,0.0193078831510720,0.0000000000000000
0.0039472170645834,0.0239143802385766,0.0000000000000000
0.0118830571560324,0.0171208388361148,0.0000000000000000
0.0142189928011029,0.0183216665251223,0.0000000000000000
0.0120375869398678,0.0224289987107351,0.0000000000000000
0.0109845095215161,0.0242699208568212,0.0000000000000000
0.0025547090021840,0.0113809612170108,0.0000000000000000
0.0023539212408445,0.0254848239939053,0.0000000000000000
0.0104086140745598,0.0178094853867678,0.0000000000000000
0.0155751246589339,0.0210500445648413,0.0000000000000000
0.0146466659685565,0.0206475940410110,0.0000000000000000
0.0091313009343661,0.0198974283295997,0.0000000000000000
0.0122168539026348,0.0211952995019631,0.0000000000000000
0.0121418784790598,0.0214023192076907,0.0000000000000000
0.0123555938241188,0.0213568890506193,0.0000000000000000
0.0119064506807982,0.0214201440823149,0.0000000000000000
0.0122816413973727,0.0215701435790263,0.0000000000000000
0.0124356827298604,0.0211573655332762,0.0000000000000000
0.0125719675364895,0.0213167131641548,0.0000000000000000
0.0127876891452282,0.0212830052953292,0.0000000000000000
0.0126964762427211,0.0214964860766619,0.0000000000000000
0.0068140941344636,0.0075403639950458,0.0000000000000000
0.0066306865289697,0.0081435304132862,0.0000000000000000
0.0062278177917548,0.0077510403348513,0.0000000000000000
0.0149558229100358,0.0187785615544279,0.0000000000000000
0.0130031445741300,0.0222450157640363,0.0000000000000000
0.0011269846313538,0.0241422033224153,0.0000000000000000
0.0008685586384642,0.0243768402289944,0.0000000000000000
0.0006904732168404,0.0244998665175946,0.0000000000000000
0.0169589920579956,0.0199407257416824,0.0000000000000000
0.0031014578151845,0.0247255715202702,0.0000000000000000
0.0161568164068153,0.0183917349388192,0.0000000000000000
0.0015712603389638,0.0251984527343203,0.0000000000000000
0.0013801059043224,0.0252387861934824,0.0000000000000000
0.0015102587865828,0.0253837511624396,0.0000000000000000
0.0030818598180915,0.0206633219216883,0.0000000000000000
0.0064908791864767,0.0197971225124727,0.0000000000000000
0.0082094005584534,0.0216137581635924,0.0000000000000000
0.0114268090504548,0.0220264822491043,0.0000000000000000
0.0034112773944981,0.0194529020232391,0.0000000000000000
0.0112891880908275,0.0145391822876685,0.0000000000000000
0.0127295946895865,0.0224723457327931,0.0000000000000000
0.0132921944020755,0.0195751602331455,0.0000000000000000
0.0132081515239482,0.0198124532027278,0.0000000000000000
0.0043783596303733,0.0197323070779289,0.0000000000000000
0.0112034745972877,0.0172840431626530,0.0000000000000000
0.0114198223119981,0.0175704367402141,0.0000000000000000
0.0117613678949524,0.0174560790867757,0.0000000000000000
0.0013675503147890,0.0117232769521972,0.0000000000000000
0.0009699914066200,0.0120131106027025,0.0000000000000000
0.0060106085874476,0.0239844701419806,0.0000000000000000
0.0009075759594802,0.0115259822433041,0.0000000000000000
0.0022999255427384,0.0256644807544279,0.0000000000000000
0.0156015925221682,0.0171369902952630,0.0000000000000000
0.0090224193301032,0.0168006909442092,0.0000000000000000
0.0103751453431146,0.0161167440919872,0.0000000000000000
0.0099396876759668,0.0162479003345413,0.0000000000000000
0.0161045955671508,0.0214285580896461,0.0000000000000000
0.0115471170866159,0.0240903022638084,0.0000000000000000
0.0177832487832987,0.0190329593165154,0.0000000000000000
0.0047917630641618,0.0111287035942548,0.0000000000000000
0.0051923823904025,0.0119180625070339,0.0000000000000000
0.0055968984734701,0.0117930693218191,0.0000000000000000
0.0047375085781598,0.0121451492635266,0.0000000000000000
0.0103134391728973,0.0213357734885213,0.0000000000000000
0.0123035081685982,0.0227141424633994,0.0000000000000000
0.0095383052378389,0.0246716108863163,0.0000000000000000
0.0094888489418869,0.0248337432664172,0.0000000000000000
0.0094376117835897,0.0249968206854988,0.0000000000000000
0.0096550258197961,0.0247778719105281,0.0000000000000000
0.0091456711567827,0.0187238776448927,0.0000000000000000
0.0157862720075442,0.0182377740342527,0.0000000000000000
0.0075342728579988,0.0247368059580303,0.0000000000000000
0.0143883059503845,0.0148084175802370,0.0000000000000000
0.0140608787986742,0.0148973410592626,0.0000000000000000
0.0138113172593837,0.0146606651395761,0.0000000000000000
0.0097598020917689,0.0225381648818647,0.0000000000000000
0.0097143780625170,0.0227482481805981,0.0000000000000000
0.0168796891589703,0.0172138043039163,0.0000000000000000
0.0085231124489564,0.0249508946200134,0.0000000000000000
0.0054686400639566,0.0197547661433794,0.0000000000000000
0.0122519592378279,0.0233425837571779,0.0000000000000000
0.0006905709941247,0.0227857109309557,0.0000000000000000
0.0119284967499935,0.0200659194594894,0.0000000000000000
0.0121131621251262,0.0202416561085991,0.0000000000000000
0.0123456998639385,0.0202117783825905,0.0000000000000000
0.0161450613642576,0.0164368090984277,0.0000000000000000
0.0021552446869414,0.0116491300138570,0.0000000000000000
0.0164962302096797,0.0168498824462137,0.0000000000000000
0.0034254052375613,0.0123610446041631,0.0000000000000000
0.0152485430412408,0.0159721139418351,0.0000000000000000
0.0149689692848785,0.0181722886815933,0.0000000000000000
0.0175179832210144,0.0177775285454042,0.0000000000000000
0.0173202765960319,0.0178349912187336,0.0000000000000000
0.0174856918122188,0.0179669410041636,0.0000000000000000
0.0159971064767412,0.0200590044541292,0.0000000000000000
0.0133525170941150,0.0138085756599044,0.0000000000000000
0.0132052886954707,0.0141996418476648,0.0000000000000000
0.0065327818235820,0.0159732893034753,0.0000000000000000
0.0178198007175788,0.0180526505775653,0.0000000000000000
0.0092003269846151,0.0247631992180971,0.0000000000000000
0.0117895017825940,0.0151373522263589,0.0000000000000000
0.0123987670777311,0.0153040563220634,0.0000000000000000
0.0076002539297409,0.0083473012430180,0.0000000000000000
0.0012349493674493,0.0261327432162509,0.0000000000000000
0.0124903246704636,0.0129857658630155,0.0000000000000000
0.0170060104468575,0.0193100506041672,0.0000000000000000
0.0047675417554723,0.0236716893888733,0.0000000000000000
0.0184977977500234,0.0186773364801129,0.0000000000000000
0.0187301060306032,0.0189117758708773,0.0000000000000000
0.0149836471975759,0.0196698922404527,0.0000000000000000
0.0104179580487642,0.0201213054291472,0.0000000000000000
0.0143283465454514,0.0207079983364691,0.0000000000000000
0.0135361538602360,0.0144264647703165,0.0000000000000000
0.0132051301878149,0.0145749102858585,0.0000000000000000
0.0180887158224341,0.0186968504263123,0.0000000000000000
0.0099800662277674,0.0224832738780416,0.0000000000000000
0.0008227855629592,0.0259498915628355,0.0000000000000000
0.0140127387228409,0.0224202751278414,0.0000000000000000
0.0168049242838508,0.0183707414376954,0.0000000000000000
0.0124907330695151,0.0221751114462837,0.0000000000000000
0.0006880828372862,0.0252544384140227,0.0000000000000000
0.0012438989624638,0.0251195115687795,0.0000000000000000
0.0006842193175208,0.0234793181357159,0.0000000000000000
0.0008535354820683,0.0236375047739197,0.0000000000000000
0.0099100818557274,0.0182374562166264,0.0000000000000000
0.0018167794514614,0.0256393682626530,0.0000000000000000
0.0006070661254267,0.0266064868728662,0.0000000000000000
0.0071363294182722,0.0097909436284743,0.0000000000000000
0.0038743344228063,0.0249338116735141,0.0000000000000000
0.0025471393160528,0.0254328025608398,0.0000000000000000
0.0157556841770851,0.0216107236505069,0.0000000000000000
0.0156847228328358,0.0217511927570069,0.0000000000000000
0.0038625683496797,0.0095003247107543,0.0000000000000000
0.0033786514768667,0.0092529283419985,0.0000000000000000
0.0038094417053449,0.0130664082175886,0.0000000000000000
0.0081836698210564,0.0243865596170325,0.0000000000000000
0.0108245071717348,0.0238688140501198,0.0000000000000000
0.0069822445467326,0.0249013814587152,0.0000000000000000
0.0108726422104050,0.0209659260065945,0.0000000000000000
0.0006872710808452,0.0230115266571089,0.0000000000000000
0.0026425737404797,0.0145706087558258,0.0000000000000000
0.0056038826174665,0.0248671120168815,0.0000000000000000
0.0133295773106055,0.0218499380206513,0.0000000000000000
0.0016702467641972,0.0216580153919878,0.0000000000000000
0.0164299711865428,0.0187880292962820,0.0000000000000000
0.0162309071787196,0.0188210549047334,0.0000000000000000
0.0029746503893141,0.0260853612520406,0.0000000000000000
0.0048233214843107,0.0129431315016452,0.0000000000000000
0.0096660042282424,0.0236579066641182,0.0000000000000000
0.0034400227478582,0.0260772149646486,0.0000000000000000
0.0122144043797621,0.0170387826080350,0.0000000000000000
0.0051431647620618,0.0258978571965886,0.0000000000000000
0.0068575190131345,0.0258702405607652,0.0000000000000000
0.0020067323419909,0.0225766639344175,0.0000000000000000
0.0017917993744779,0.0226703331716393,0.0000000000000000
0.0136772370150336,0.0153178522227428,0.0000000000000000
0.0139717903466114,0.0152275135681437,0.0000000000000000
0.0041804232909250,0.0244635635161198,0.0000000000000000
0.0085403132428453,0.0253825204174429,0.0000000000000000
0.0155511017847214,0.0188684573954597,0.0000000000000000
0.0148286055221247,0.0215773757604587,0.0000000000000000
0.0062144903546624,0.0252372698812632,0.0000000000000000
0.0007166043112743,0.0218746140959663,0.0000000000000000
0.0009340848981623,0.0217480362700850,0.0000000000000000
0.0046752192436418,0.0209879715538189,0.0000000000000000
0.0167977707699116,0.0199827401135245,0.0000000000000000
0.0109919341404583,0.0238426807737926,0.0000000000000000
0.0091235530390094,0.0218549102131362,0.0000000000000000
0.0113679221795792,0.0222241916803836,0.0000000000000000
0.0163445724448568,0.0200327622550280,0.0000000000000000
0.0129375433276897,0.0214320162828556,0.0000000000000000
0.0042058089028123,0.0204145634265676,0.0000000000000000
0.0065760475037569,0.0251646889171041,0.0000000000000000
0.0122663580193648,0.0237654207311166,0.0000000000000000
0.0141854572293180,0.0201764738897793,0.0000000000000000
0.0088297164747405,0.0175188085682478,0.0000000000000000
0.0008618687958669,0.0131808602996735,0.0000000000000000
0.0053100441513437,0.0097871309270141,0.0000000000000000
0.0038191194030211,0.0258158467558932,0.0000000000000000
0.0009386553165120,0.0232222699976735,0.0000000000000000
0.0010383645230409,0.0227743784271173,0.0000000000000000
0.0118702892031828,0.0235711629905547,0.0000000000000000
0.0141053688986009,0.0158155470532003,0.0000000000000000
0.0026737528826579,0.0260408710498463,0.0000000000000000
0.0024358479610784,0.0257908747662920,0.0000000000000000
0.0010636825052781,0.0255670193005947,0.0000000000000000
0.0138218246551622,0.0217004163559910,0.0000000000000000
0.0038747357435816,0.0241361290438479,0.0000000000000000
0.0075696438011928,0.0100978709119478,0.0000000000000000
0.0132296194885562,0.0228491130869293,0.0000000000000000
0.0032353169188690,0.0254851655798218,0.0000000000000000
0.0032624923751433,0.0240846614593003,0.0000000000000000
0.0007155058445968,0.0213897715809533,0.0000000000000000
0.0173187450224644,0.0189389003622765,0.0000000000000000
0.0134986293406232,0.0209719525794594,0.0000000000000000
0.0135782059575696,0.0207826885520051,0.0000000000000000
0.0011634142806127,0.0268486781556901,0.0000000000000000
0.0008681372260044,0.0268576834664873,0.0000000000000000
0.0041390694583748,0.0265660050512867,0.0000000000000000
0.0016087461542040,0.0268287263642337,0.0000000000000000
0.0019041218009350,0.0267988967625764,0.0000000000000000
0.0008016447009096,0.0151731582278011,0.0000000000000000
0.0024926275767184,0.0249126156815299,0.0000000000000000
0.0098618286798388,0.0236138457019161,0.0000000000000000
0.0147763111421056,0.0191283606552810,0.0000000000000000
0.0137103448031827,0.0190737662555690,0.0000000000000000
0.0015903801886155,0.0221821542452462,0.0000000000000000
0.0128709508154152,0.0210745674444044,0.0000000000000000
0.0067746974221656,0.0200404207698125,0.0000000000000000
0.0134434845466976,0.0206079133205944,0.0000000000000000
0.0019319506559502,0.0230708084104150,0.0000000000000000
0.0174082708983468,0.0195616086084952,0.0000000000000000
0.0028357818049286,0.0242248285553811,0.0000000000000000
0.0007498871601417,0.0208538905148475,0.0000000000000000
0.0144049454899193,0.0195774191085184,0.0000000000000000
0.0038626938104052,0.0111262119082348,0.0000000000000000
0.0146192922545715,0.0201144345778128,0.0000000000000000
0.0030042695652116,0.0232610947269557,0.0000000000000000
0.0028294328458081,0.0230627037259315,0.0000000000000000
0.0079685664637488,0.0252518581534499,0.0000000000000000
0.0066536949946696,0.0164152960765182,0.0000000000000000
0.0064650572937525,0.0172267454373616,0.0000000000000000
0.0165707312921506,0.0206143023194589,0.0000000000000000
0.0054031783411243,0.0201275286204669,0.0000000000000000
0.0016491846425213,0.0256933359528438,0.0000000000000000
0.0124771187305339,0.0180664390902522,0.0000000000000000
0.0029373249857338,0.0267180667950656,0.0000000000000000
0.0150606028587340,0.0222499223729160,0.0000000000000000
0.0138940021733613,0.0143194894107874,0.0000000000000000
0.0154315834476936,0.0220088720055000,0.0000000000000000
0.0145684002041866,0.0225798702140659,0.0000000000000000
0.0148166596284057,0.0224177478988816,0.0000000000000000
0.0140682855044141,0.0228901354929717,0.0000000000000000
0.0138184830010557,0.0230548709775793,0.0000000000000000
0.0171241488426064,0.0199078875220976,0.0000000000000000
0.0184249629723630,0.0195654976852909,0.0000000000000000
0.0187400386182539,0.0192537086780152,0.0000000000000000
0.0160990223855078,0.0202110187960732,0.0000000000000000
0.0178763530029710,0.0200726305955886,0.0000000000000000
0.0042377873459899,0.0228684654872004,0.0000000000000000
0.0015221705976458,0.0232367337791362,0.0000000000000000
0.0176539760075861,0.0202652109822500,0.0000000000000000
0.0157740582545316,0.0211958447227098,0.0000000000000000
0.0126941486361597,0.0199078792365479,0.0000000000000000
0.0021835616658522,0.0121451193948186,0.0000000000000000
0.0135613332298436,0.0231972350701973,0.0000000000000000
0.0161681573745346,0.0208038427413297,0.0000000000000000
0.0117752527046554,0.0178881204931743,0.0000000000000000
0.0120255712539492,0.0215852386044106,0.0000000000000000
0.0007302844002229,0.0194448014398976,0.0000000000000000
0.0156040743491820,0.0205766359664465,0.0000000000000000
0.0152308389389887,0.0190773727117096,0.0000000000000000
0.0119096038717658,0.0147306620409033,0.0000000000000000
0.0086358585904771,0.0198449646347209,0.0000000000000000
0.0144386674610888,0.0208655724344186,0.0000000000000000
0.0125160561013638,0.0160448036572811,0.0000000000000000
0.0149938672497705,0.0215591207972017,0.0000000000000000
0.0119957370829021,0.0240523409646991,0.0000000000000000
0.0141827900414336,0.0190083115064450,0.0000000000000000
0.0125239679666736,0.0237548381637100,0.0000000000000000
0.0148156091682033,0.0207904292625979,0.0000000000000000
0.0111942177307877,0.0244393537762801,0.0000000000000000
0.0109204732845984,0.0245537522448873,0.0000000000000000
0.0121070515925288,0.0173521591567521,0.0000000000000000
0.0136171879251547,0.0211318576036213,0.0000000000000000
0.0106285177382830,0.0153804208726808,0.0000000000000000
0.0114592478455979,0.0243155534911627,0.0000000000000000
0.0052819488454489,0.0263508191868436,0.0000000000000000
0.0130281634810055,0.0189472513470219,0.0000000000000000
0.0129371843549659,0.0174461114314984,0.0000000000000000
0.0103740283529703,0.0247974528760797,0.0000000000000000
0.0100841606741027,0.0249054692805946,0.0000000000000000
0.0098338550048751,0.0250301806286201,0.0000000000000000
0.0136345664590527,0.0221839515972696,0.0000000000000000
0.0120323689643403,0.0191186467780891,0.0000000000000000
0.0121242088626974,0.0188634214240398,0.0000000000000000
0.0139970068742093,0.0210869101052277,0.0000000000000000
0.0106490769551932,0.0246715622410668,0.0000000000000000
0.0095538697518555,0.0251047913042842,0.0000000000000000
0.0102061081143583,0.0143664515143954,0.0000000000000000
0.0107137527385007,0.0117778987924557,0.0000000000000000
0.0033931853539041,0.0256119082430777,0.0000000000000000
0.0138214178233562,0.0205869823528180,0.0000000000000000
0.0132429182904546,0.0224009511110963,0.0000000000000000
0.0158457666924459,0.0195529006497495,0.0000000000000000
0.0088272852931002,0.0253569188664052,0.0000000000000000
0.0120443661889737,0.0219140785404384,0.0000000000000000
0.0177011974435729,0.0184070054123433,0.0000000000000000
0.0155048486866429,0.0173756949085963,0.0000000000000000
0.0148998588349022,0.0177204936062157,0.0000000000000000
0.0078539575305874,0.0256960074874003,0.0000000000000000
0.0075794751116992,0.0257848191856079,0.0000000000000000
0.0065949054027368,0.0260509701695034,0.0000000000000000
0.0145365706006674,0.0166079485068416,0.0000000000000000
0.0037230345105907,0.0197438966915187,0.0000000000000000
0.0034584841159291,0.0265049697710875,0.0000000000000000
0.0013131626013748,0.0268353875780641,0.0000000000000000
0.0055835781455793,0.0262944648028954,0.0000000000000000
0.0158961978735603,0.0175389311357566,0.0000000000000000
0.0132431959535883,0.0206351576058641,0.0000000000000000
0.0171656355655788,0.0179422275856419,0.0000000000000000
0.0112467416248344,0.0209580716341169,0.0000000000000000
0.0162614201453868,0.0177032101643565,0.0000000000000000
0.0106779825276727,0.0227135552672494,0.0000000000000000
0.0028509570210330,0.0265876479054675,0.0000000000000000
0.0136261771129322,0.0179854317679159,0.0000000000000000
0.0143815335309866,0.0214785011212277,0.0000000000000000
0.0100819527844856,0.0204479333001887,0.0000000000000000
0.0135311996077453,0.0164863948239167,0.0000000000000000
0.0085489067470672,0.0234542058194688,0.0000000000000000
0.0087733813608213,0.0234844691024096,0.0000000000000000
0.0098196652507096,0.0194413949534209,0.0000000000000000
0.0144046024420141,0.0217619485477604,0.0000000000000000
0.0090044768985672,0.0206567273970699,0.0000000000000000
0.0167519389905453,0.0185584747156074,0.0000000000000000
0.0013046411816918,0.0112209588914522,0.0000000000000000
0.0153572014272367,0.0164722129866838,0.0000000000000000
0.0131478686428152,0.0213825771472001,0.0000000000000000
0.0124408167566659,0.0199600111446197,0.0000000000000000
0.0045942776689516,0.0243578417331216,0.0000000000000000
0.0084500193475856,0.0207875953565940,0.0000000000000000
0.0130633607567224,0.0200724468281218,0.0000000000000000
0.0102345316590217,0.0229958269158654,0.0000000000000000
0.0118577794400830,0.0231183454280175,0.0000000000000000
0.0076232115283234,0.0181333012008363,0.0000000000000000
0.0015832446769652,0.0238166504531014,0.0000000000000000
0.0115718468181116,0.0221759959031340,0.0000000000000000
0.0092964022566424,0.0170705420349876,0.0000000000000000
0.0114674705828601,0.0233608691010291,0.0000000000000000
0.0096437400260132,0.0231298137335375,0.0000000000000000
0.0073429737637350,0.0210240729510272,0.0000000000000000
0.0021216102231806,0.0250348159482893,0.0000000000000000
0.0075501221901568,0.0195181321547051,0.0000000000000000
0.0064046536654723,0.0187907861044327,0.0000000000000000
0.0122757142759999,0.0204197950747072,0.0000000000000000
0.0037882052051254,0.0253262511816630,0.0000000000000000
0.0029976706535806,0.0130629108010343,0.0000000000000000
0.0136938675357250,0.0209484751838617,0.0000000000000000
0.0029673914282747,0.0101069298742053,0.0000000000000000
0.0045900500882724,0.0255918752812653,0.0000000000000000
0.0066736387112774,0.0111457228969939,0.0000000000000000
0.0126742264075501,0.0205286954778714,0.0000000000000000
0.0091992227066348,0.0234159152230837,0.0000000000000000
0.0118308959196925,0.0161745136387657,0.0000000000000000
0.0057933747485739,0.0182284226019978,0.0000000000000000
0.0155138786599636,0.0199444021760376,0.0000000000000000
0.0057852969055562,0.0095200160219357,0.0000000000000000
0.0023699569293755,0.0266686746129434,0.0000000000000000
0.0057884453657060,0.0213417090210843,0.0000000000000000
0.0083192110323662,0.0245210014465054,0.0000000000000000
0.0023663672377145,0.0237729965750632,0.0000000000000000
0.0049277448222390,0.0254914234215260,0.0000000000000000
0.0073977256873720,0.0238520123612316,0.0000000000000000
0.0166048190386536,0.0178458922920036,0.0000000000000000
0.0024573098245657,0.0216829871956026,0.0000000000000000
0.0007722884027662,0.0179516520152553,0.0000000000000000
0.0149108859015260,0.0170287609969523,0.0000000000000000
0.0055632425734266,0.0175825641985240,0.0000000000000000
0.0028534851005342,0.0220687846874311,0.0000000000000000
0.0055542302404540,0.0232104676307932,0.0000000000000000
0.0079232126162967,0.0169851168012496,0.0000000000000000
0.0107743408131554,0.0198159848323545,0.0000000000000000
0.0051570647858795,0.0214944549162916,0.0000000000000000
0.0075507797750868,0.0149413671284723,0.0000000000000000
0.0053904144796663,0.0255200584910510,0.0000000000000000
0.0179528851335409,0.0190185198008487,0.0000000000000000
0.0096995356064268,0.0246236636467800,0.0000000000000000
0.0075926425592839,0.0237773086345988,0.0000000000000000
0.0168249284110945,0.0188511356079407,0.0000000000000000
0.0057279590401442,0.0254196227613532,0.0000000000000000
0.0122516477872337,0.0228841992665425,0.0000000000000000
0.0127294986909227,0.0163411608328058,0.0000000000000000
0.0142167781711424,0.0176219422594322,0.0000000000000000
0.0027954934831053,0.0203909402351397,0.0000000000000000
0.0169482017423014,0.0194786216452728,0.0000000000000000
0.0038292913392384,0.0139650148825157,0.0000000000000000
0.0024939035111049,0.0233303641542414,0.0000000000000000
0.0059561067557494,0.0242015778288300,0.0000000000000000
0.0081225584614757,0.0229860507566583,0.0000000000000000
0.0118744166148302,0.0204294474671387,0.0000000000000000
0.0103623390489096,0.0238268887286958,0.0000000000000000
0.0137971942091177,0.0188483999079715,0.0000000000000000
0.0089866567725668,0.0157291221510436,0.0000000000000000
0.0056110151479940,0.0122029202789370,0.0000000000000000
0.0072538566174124,0.0249840817963625,0.0000000000000000
0.0023879476892070,0.0219627435335439,0.0000000000000000
0.0093321132863909,0.0242532800269796,0.0000000000000000
0.0008181394607495,0.0159096156464554,0.0000000000000000
0.0011369803304228,0.0165305188017431,0.0000000000000000
0.0058023138547772,0.0248200522558683,0.0000000000000000
0.0152094591612820,0.0181283363503563,0.0000000000000000
0.0117831769639382,0.0206578826162132,0.0000000000000000
0.0102552237237030,0.0215695289430716,0.0000000000000000
0.0057346024419499,0.0242532794427895,0.0000000000000000
0.0156700174612616,0.0204123167434691,0.0000000000000000
0.0129364503548729,0.0157381805732126,0.0000000000000000
0.0036330791677145,0.0221025119588876,0.0000000000000000
0.0049702731534136,0.0187012719417098,0.0000000000000000
0.0061218492835695,0.0228262686884437,0.0000000000000000
0.0053742835562029,0.0230323104071715,0.0000000000000000
0.0088023433656590,0.0221505129763788,0.0000000000000000
0.0105992020716714,0.0131946953938380,0.0000000000000000
0.0090646505654627,0.0190448887102033,0.0000000000000000
0.0007839518334481,0.0172810941297196,0.0000000000000000
0.0043270347839204,0.0246214689266193,0.0000000000000000
0.0138093112709593,0.0228979802684883,0.0000000000000000
0.0063970769492629,0.0227602980929894,0.0000000000000000
0.0047359231083302,0.0245143524248313,0.0000000000000000
0.0036761097290857,0.0233007026643447,0.0000000000000000
0.0092453055117404,0.0149409276675006,0.0000000000000000
0.0081897784802848,0.0205504291082278,0.0000000000000000
0.0161528535285379,0.0212199276662916,0.0000000000000000
0.0040369529350542,0.0226915528723320,0.0000000000000000
0.0153909389405494,0.0213715211598881,0.0000000000000000
0.0072436781526811,0.0244467232348163,0.0000000000000000
0.0081559069401679,0.0256107921467229,0.0000000000000000
0.0009367302360038,0.0219751895289758,0.0000000000000000
0.0023510113105450,0.0189992697278045,0.0000000000000000
0.0167473446484694,0.0210335227240162,0.0000000000000000
0.0045225420539436,0.0132850414276085,0.0000000000000000
0.0117151547679234,0.0241772104220068,0.0000000000000000
0.0084697895187020,0.0176021283643007,0.0000000000000000
0.0026536621753113,0.0228645927977685,0.0000000000000000
0.0155227935753669,0.0217850971763967,0.0000000000000000
0.0025874370568256,0.0221543803831722,0.0000000000000000
0.0021040452386004,0.0209731438166897,0.0000000000000000
0.0097482561063421,0.0244592735072040,0.0000000000000000
0.0140372437768993,0.0174172155779649,0.0000000000000000
0.0151300189117903,0.0212486637795570,0.0000000000000000
0.0128135734161055,0.0232344395710015,0.0000000000000000
0.0034145425106727,0.0128324449125613,0.0000000000000000
0.0006354764459842,0.0261543292554679,0.0000000000000000
0.0013536217744340,0.0262470846778057,0.0000000000000000
0.0060524429205013,0.0253013566914219,0.0000000000000000
0.0114198172206043,0.0141286631276742,0.0000000000000000
0.0018422344193955,0.0235299528602639,0.0000000000000000
0.0187000339187760,0.0190845399728937,0.0000000000000000
0.0149534344164311,0.0212721200641780,0.0000000000000000
0.0030664023520143,0.0230090013710040,0.0000000000000000
0.0119359674485344,0.0136811464562442,0.0000000000000000
0.0173850787598081,0.0187702342417264,0.0000000000000000
0.0016860174424255,0.0255151849343614,0.0000000000000000
0.0103508233960319,0.0139787473172296,0.0000000000000000
0.0085690934031048,0.0242798834231227,0.0000000000000000
0.0101971748024965,0.0236914502174002,0.0000000000000000
0.0010543978771261,0.0235746205557293,0.0000000000000000
0.0036521112727824,0.0251948957098525,0.0000000000000000
0.0098366277290912,0.0132697355087026,0.0000000000000000
0.0043287949124195,0.0108612872810081,0.0000000000000000
0.0084935402397509,0.0244837006434672,0.0000000000000000
0.0178448035531538,0.0188755672569109,0.0000000000000000
0.0020205605466528,0.0201204615378870,0.0000000000000000
0.0088656652872214,0.0219126675410795,0.0000000000000000
0.0098657895600351,0.0202363823974957,0.0000000000000000
0.0091612904324860,0.0241207236064446,0.0000000000000000
0.0112062245631048,0.0237323207813437,0.0000000000000000
0.0017895341666301,0.0237559133084532,0.0000000000000000
0.0029783551056181,0.0209810596207979,0.0000000000000000
0.0043087962003310,0.0235722719422508,0.0000000000000000
0.0135297692622093,0.0220537939147010,0.0000000000000000
0.0006290366129725,0.0257868522257608,0.0000000000000000
0.0153126742373311,0.0220943748344954,0.0000000000000000
0.0048248140303050,0.0234307683146183,0.0000000000000000
0.0170252795014872,0.0202300307836971,0.0000000000000000
0.0107943035215383,0.0244632100956198,0.0000000000000000
0.0102457724316697,0.0181652878742067,0.0000000000000000
0.0068673749926899,0.0156110499793981,0.0000000000000000
0.0029479938694074,0.0095583280231594,0.0000000000000000
0.0099096341858753,0.0244187898301388,0.0000000000000000
0.0018961050097799,0.0192024458672992,0.0000000000000000
0.0168272822201861,0.0193376779750883,0.0000000000000000
0.0177646711363632,0.0182307536346334,0.0000000000000000
0.0096074418224133,0.0249357096109098,0.0000000000000000
0.0117403836861420,0.0229885639684450,0.0000000000000000
0.0125209065699765,0.0203602982663923,0.0000000000000000
0.0029763002628581,0.0251566449906259,0.0000000000000000
0.0100268259704805,0.0230378621280869,0.0000000000000000
0.0063776067875797,0.0241095536200900,0.0000000000000000
0.0125731213321019,0.0232880479395684,0.0000000000000000
0.0154108693211059,0.0198090055500265,0.0000000000000000
0.0123207345579062,0.0136261106155581,0.0000000000000000
0.0117929936572921,0.0215980620513291,0.0000000000000000
0.0067521325419192,0.0251250699225296,0.0000000000000000
0.0072489505521312,0.0182267679665710,0.0000000000000000
0.0161756141308860,0.0200410905454401,0.0000000000000000
0.0164714292593691,0.0176762592676590,0.0000000000000000
0.0146520426880717,0.0170763026619286,0.0000000000000000
0.0120082307822717,0.0186351344031738,0.0000000000000000
0.0029267104199998,0.0089958896405327,0.0000000000000000
0.0168043290408360,0.0204305704473832,0.0000000000000000
0.0127984800815922,0.0187478655431697,0.0000000000000000
0.0072981813892445,0.0258658738763184,0.0000000000000000
0.0055292034918685,0.0240897112625255,0.0000000000000000
0.0079752493789919,0.0246242309825315,0.0000000000000000
0.0046818199314675,0.0264626824011792,0.0000000000000000
0.0142712049363728,0.0199825504527691,0.0000000000000000
0.0060237815211168,0.0188914879394238,0.0000000000000000
0.0083589395083570,0.0196180833949690,0.0000000000000000
0.0150744268577093,0.0220988029198188,0.0000000000000000
0.0088406902076006,0.0243938040070567,0.0000000000000000
0.0160355887029957,0.0215615583222416,0.0000000000000000
0.0119686982003010,0.0226006911859773,0.0000000000000000
0.0075718484909561,0.0095578090132723,0.0000000000000000
0.0065845212252518,0.0240602337039676,0.0000000000000000
0.0140347941860307,0.0188131767461634,0.0000000000000000
0.0086960320534770,0.0154060777606738,0.0000000000000000
0.0041771187426376,0.0257105782014334,0.0000000000000000
0.0185343552278474,0.0194661006777560,0.0000000000000000
0.0040427672172381,0.0260749507997139,0.0000000000000000
0.0129645183222676,0.0138899467529854,0.0000000000000000
0.0021498703278563,0.0248367761638685,0.0000000000000000
0.0077487207355731,0.0248311445551244,0.0000000000000000
0.0122131711404223,0.0126873898170460,0.0000000000000000
0.0075949463574467,0.0249150279829978,0.0000000000000000
0.0137854438948774,0.0174799482276373,0.0000000000000000
0.0048063125734348,0.0242983247330995,0.0000000000000000
0.0032351511017996,0.0266841407450128,0.0000000000000000
0.0018092859342948,0.0266806405001721,0.0000000000000000
0.0010816236532901,0.0181183782519611,0.0000000000000000
0.0115599209772432,0.0137396339203886,0.0000000000000000
0.0088051972300188,0.0188206444689985,0.0000000000000000
0.0050118009741269,0.0202332554497537,0.0000000000000000
0.0188483974302022,0.0191572853333913,0.0000000000000000
0.0090122182045510,0.0243749666231178,0.0000000000000000
0.0108347307454327,0.0164378180990442,0.0000000000000000
0.0016207757431181,0.0263212222211399,0.0000000000000000
0.0084020240797590,0.0094299923704147,0.0000000000000000
0.0080443707075676,0.0255082612553794,0.0000000000000000
0.0067201024235484,0.0211842832445207,0.0000000000000000
0.0160592084663653,0.0211156543239381,0.0000000000000000
0.0016806798849867,0.0233854312601862,0.0000000000000000
0.0108771348209231,0.0231942435594930,0.0000000000000000
0.0008617172830630,0.0247526432370441,0.0000000000000000
0.0148455666309469,0.0152394621640766,0.0000000000000000
0.0045255721002558,0.0237409708461740,0.0000000000000000
0.0117879542679870,0.0226431217732009,0.0000000000000000
0.0122567148302668,0.0239164734646730,0.0000000000000000
0.0089397697549469,0.0171691962322900,0.0000000000000000
0.0067906543346447,0.0208825654178225,0.0000000000000000
0.0097829265999812,0.0248927463937459,0.0000000000000000
0.0138794892133336,0.0209338373144918,0.0000000000000000
0.0100947250113035,0.0214066084733760,0.0000000000000000
0.0066854739913792,0.0238436502957295,0.0000000000000000
0.0053469129141563,0.0243934329532759,0.0000000000000000
0.0078791046989124,0.0255537087252937,0.0000000000000000
0.0073384571608773,0.0257217962160487,0.0000000000000000
0.0098713551280184,0.0228920450286075,0.0000000000000000
0.0060361451829373,0.0223829425647746,0.0000000000000000
0.0007301489593876,0.0268660589458224,0.0000000000000000
0.0051456256716111,0.0244230401341204,0.0000000000000000
0.0162072703449118,0.0168472778556328,0.0000000000000000
0.0050006063864225,0.0263956665393426,0.0000000000000000
0.0100731270764676,0.0243734909940141,0.0000000000000000
0.0050692725619741,0.0233595695449762,0.0000000000000000
0.0017818011822808,0.0262665454070450,0.0000000000000000
0.0136503357219603,0.0186564028469901,0.0000000000000000
0.0069977758842087,0.0239640346329730,0.0000000000000000
0.0148919611364356,0.0214265024441043,0.0000000000000000
0.0101460390250993,0.0165875114646063,0.0000000000000000
0.0121228269310055,0.0227452235787629,0.0000000000000000
0.0072059235746156,0.0236950957155305,0.0000000000000000
0.0013896182873788,0.0219874721385013,0.0000000000000000
0.0031547471227833,0.0227302143611299,0.0000000000000000
0.0043862802341502,0.0244126131517140,0.0000000000000000
0.0108139326274165,0.0233786772979584,0.0000000000000000
0.0090685525153054,0.0232776120676279,0.0000000000000000
0.0071542499556990,0.0259052303478512,0.0000000000000000
0.0088115534448203,0.0150075041742714,0.0000000000000000
0.0009320124840488,0.0199283817322706,0.0000000000000000
0.0129113648575567,0.0224387584436975,0.0000000000000000
0.0079047645919490,0.0209633606892251,0.0000000000000000
0.0154258856888163,0.0205998881400237,0.0000000000000000
0.0172715184713137,0.0186232645529759,0.0000000000000000
0.0166130045515378,0.0195562397435745,0.0000000000000000
0.0016988529550675,0.0182273757118694,0.0000000000000000
0.0117648294677763,0.0212533004829974,0.0000000000000000
0.0070950384073720,0.0250271330506668,0.0000000000000000
0.0010943720469420,0.0171329529364642,0.0000000000000000
0.0144538777316778,0.0168626040043117,0.0000000000000000
0.0073926418240921,0.0245864056190860,0.0000000000000000
0.0008095645712067,0.0106313929968773,0.0000000000000000
0.0127724844324040,0.0236480585270548,0.0000000000000000
0.0147258165601955,0.0214438924428456,0.0000000000000000
0.0046322036548735,0.0203853601809579,0.0000000000000000
0.0141105573592560,0.0198121924032310,0.0000000000000000
0.0100554026002913,0.0136191759289010,0.0000000000000000
0.0095359734543275,0.0205674210596409,0.0000000000000000
0.0018515641790384,0.0260929482476042,0.0000000000000000
0.0033812392076629,0.0266709776818637,0.0000000000000000
0.0076246023934732,0.0224588265488731,0.0000000000000000
0.0007159345623453,0.0185639215410762,0.0000000000000000
0.0164404631162393,0.0198550967231556,0.0000000000000000
0.0118742465713389,0.0189166523909801,0.0000000000000000
0.0113065079065456,0.0224158916306091,0.0000000000000000
0.0058204432301943,0.0090291908991514,0.0000000000000000
0.0060409994655851,0.0081983616043781,0.0000000000000000
0.0026666504220995,0.0240569352382874,0.0000000000000000
0.0013853179763970,0.0254883734600022,0.0000000000000000
0.0020128506300345,0.0184711515053370,0.0000000000000000
0.0044029355634244,0.0258463922090797,0.0000000000000000
0.0045731552908588,0.0184893573494232,0.0000000000000000
0.0077011168413641,0.0255995439196518,0.0000000000000000
0.0174208743079778,0.0202771736456429,0.0000000000000000
0.0173187448707677,0.0205674630733702,0.0000000000000000
0.0070488941565240,0.0258017805137812,0.0000000000000000
0.0092747770479559,0.0220452507225257,0.0000000000000000
0.0046270167942048,0.0254278349638671,0.0000000000000000
0.0121288587261252,0.0183565704222305,0.0000000000000000
0.0036966090011107,0.0250025126829184,0.0000000000000000
0.0176339286768432,0.0201112189574252,0.0000000000000000
0.0063353498255444,0.0259961753995157,0.0000000000000000
0.0115132277843097,0.0228634227944656,0.0000000000000000
0.0125182945754495,0.0190517031917306,0.0000000000000000
0.0021704924300716,0.0206538203372789,0.0000000000000000
0.0053398110113896,0.0183166026182187,0.0000000000000000
0.0069815269630009,0.0179368163202961,0.0000000000000000
0.0134793015513551,0.0147557473552469,0.0000000000000000
0.0079973929091563,0.0237403166608906,0.0000000000000000
0.0032299196679196,0.0249893718786927,0.0000000000000000
0.0158160533657964,0.0217435143233312,0.0000000000000000
0.0077096889237516,0.0221646457917664,0.0000000000000000
0.0026895927192534,0.0238154352157485,0.0000000000000000
0.0149963009034785,0.0160417538902471,0.0000000000000000
0.0085649730636650,0.0172388693769701,0.0000000000000000
0.0008019639535607,0.0166351291111037,0.0000000000000000
0.0062930386191659,0.0261349812154220,0.0000000000000000
0.0075026914464245,0.0207025916328498,0.0000000000000000
0.0025839541846159,0.0141690835652539,0.0000000000000000
0.0148139635675120,0.0222809613496239,0.0000000000000000
0.0137391343461641,0.0149874767469490,0.0000000000000000
0.0066736882313224,0.0258899850840418,0.0000000000000000
0.0163885221724824,0.0213239988493419,0.0000000000000000
0.0021121590238866,0.0157666425917466,0.0000000000000000
0.0171489380828244,0.0184760326079494,0.0000000000000000
0.0109466081352627,0.0244118241999308,0.0000000000000000
0.0146171707839658,0.0213108195192073,0.0000000000000000
0.0006605635262662,0.0223564080056729,0.0000000000000000
0.0042311071506125,0.0242567504643802,0.0000000000000000
0.0083254151038100,0.0220372669166973,0.0000000000000000
0.0085476370953823,0.0222124295199388,0.0000000000000000
0.0084433085699743,0.0146400232940567,0.0000000000000000
0.0040854531402363,0.0259236026737310,0.0000000000000000
0.0153202750782364,0.0204696085496841,0.0000000000000000
0.0028501527550352,0.0259813472743243,0.0000000000000000
0.0045558088121474,0.0265130610715790,0.0000000000000000
0.0169203713818712,0.0201064963659249,0.0000000000000000
0.0165053395192996,0.0210357172159199,0.0000000000000000
0.0111804705789051,0.0232804897688222,0.0000000000000000
0.0008748737997597,0.0234094405582974,0.0000000000000000
0.0057323165945394,0.0186187549605630,0.0000000000000000
0.0095277183262390,0.0219674626743832,0.0000000000000000
0.0185860852882354,0.0189502162464610,0.0000000000000000
0.0096187216669986,0.0217350143946343,0.0000000000000000
0.0099324726678268,0.0248188688756502,0.0000000000000000
0.0020380070814971,0.0091535884430325,0.0000000000000000
0.0068231752851998,0.0249417784713745,0.0000000000000000
0.0047988529480141,0.0253746576659881,0.0000000000000000
0.0180944014314659,0.0198720587393212,0.0000000000000000
0.0010837052721286,0.0188995549928730,0.0000000000000000
0.0134802209697664,0.0184857042833778,0.0000000000000000
0.0142831739673787,0.0150929188436678,0.0000000000000000
0.0043390403801728,0.0200780569508609,0.0000000000000000
0.0074803757956637,0.0256880091535525,0.0000000000000000
0.0092876850584390,0.0226101251838977,0.0000000000000000
0.0051382153453586,0.0231047411978888,0.0000000000000000
0.0057543559308126,0.0224459753058286,0.0000000000000000
0.0160106021897880,0.0187649044902485,0.0000000000000000
0.0006041111385495,0.0262985438553147,0.0000000000000000
0.0008011152834811,0.0144156799783961,0.0000000000000000
0.0010713764629036,0.0267384992483289,0.0000000000000000
0.0052260445901854,0.0211737347182206,0.0000000000000000
0.0009775717912967,0.0196057119069432,0.0000000000000000
0.0186032411266202,0.0192206621828765,0.0000000000000000
0.0178442990966026,0.0199315953548200,0.0000000000000000
0.0113554801030733,0.0232398411372592,0.0000000000000000
0.0038013954880678,0.0135004412825599,0.0000000000000000
0.0137588174070112,0.0207715745831626,0.0000000000000000
0.0142534261420231,0.0166496534332441,0.0000000000000000
0.0068820612794665,0.0260080142395489,0.0000000000000000
0.0118823233160327,0.0239748483439522,0.0000000000000000
0.0011629412499951,0.0218300169201774,0.0000000000000000
0.0015125211322120,0.0224097329093473,0.0000000000000000
0.0169680606233872,0.0203928408817047,0.0000000000000000
0.0139370313953167,0.0196427039927758,0.0000000000000000
0.0176399677251798,0.0180908850848364,0.0000000000000000
0.0011182324721602,0.0146141129576830,0.0000000000000000
0.0013436441558464,0.0101695303020132,0.0000000000000000
0.0064977310427933,0.0259462031030127,0.0000000000000000
0.0017630936816246,0.0229213896746796,0.0000000000000000
0.0070876535918762,0.0175686730112334,0.0000000000000000
0.0062301705461223,0.0225661123977222,0.0000000000000000
0.0110485804998651,0.0226418455616356,0.0000000000000000
0.0071593404676752,0.0207983628878687,0.0000000000000000
0.0169555067322821,0.0185097019185747,0.0000000000000000
0.0101246963247355,0.0242133781050698,0.0000000000000000
0.0006472131070478,0.0239120341911570,0.0000000000000000
0.0076258059799904,0.0088179319202776,0.0000000000000000
0.0144343169791821,0.0213336628601958,0.0000000000000000
0.0026525170506476,0.0218765015245161,0.0000000000000000
0.0090873332146310,0.0252133872443261,0.0000000000000000
0.0090931602359051,0.0141697076881350,0.0000000000000000
0.0054932977627844,0.0225243432215862,0.0000000000000000
0.0168633495468836,0.0209449235876812,0.0000000000000000
0.0116210880760395,0.0189662703568931,0.0000000000000000
0.0125743469931343,0.0139507969178247,0.0000000000000000
0.0026472383977950,0.0267721109453846,0.0000000000000000
0.0112078033168735,0.0243009165078485,0.0000000000000000
0.0008731684936855,0.0245746544001167,0.0000000000000000
0.0115469274617512,0.0126574912499648,0.0000000000000000
0.0010378502505237,0.0245150501690508,0.0000000000000000
0.0031351329960860,0.0265768626549095,0.0000000000000000
0.0170949012242836,0.0207612963018179,0.0000000000000000
0.0108984501080764,0.0225084945310741,0.0000000000000000
0.0035553490844244,0.0248804433746838,0.0000000000000000
0.0091598756596247,0.0229082702956928,0.0000000000000000
0.0154706919051012,0.0212136982347125,0.0000000000000000
0.0006219265145797,0.0248948796855169,0.0000000000000000
0.0182516125024033,0.0186944594926350,0.0000000000000000
0.0016577902261499,0.0267093387241551,0.0000000000000000
0.0070374183070283,0.0109051258501103,0.0000000000000000
0.0017250434353752,0.0231545416147804,0.0000000000000000
0.0070318230891269,0.0164874888263826,0.0000000000000000
0.0017796810969001,0.0247012821121129,0.0000000000000000
0.0108886826762383,0.0195756102382380,0.0000000000000000
0.0182950973474862,0.0195358338552286,0.0000000000000000
0.0122277077572188,0.0206162584877054,0.0000000000000000
0.0011913525428648,0.0246417560604725,0.0000000000000000
0.0061381630769725,0.0261691911774291,0.0000000000000000
0.0011170345952809,0.0150067814330787,0.0000000000000000
0.0006967122084429,0.0191730917428935,0.0000000000000000
0.0023958755353638,0.0265398458116817,0.0000000000000000
0.0160492074345693,0.0166427933916356,0.0000000000000000
0.0139946448654970,0.0166924439449712,0.0000000000000000
0.0158471755436504,0.0190323617776918,0.0000000000000000
0.0089067093811873,0.0230287265071187,0.0000000000000000
0.0172428694575828,0.0174435176746648,0.0000000000000000
0.0100874790940939,0.0247683649350437,0.0000000000000000
0.0065275985036801,0.0224919674618449,0.0000000000000000
0.0081089407338032,0.0223826833438730,0.0000000000000000
0.0123938434610285,0.0237177760034309,0.0000000000000000
0.0128776927643233,0.0216144898213142,0.0000000000000000
0.0135874857334215,0.0230507119872942,0.0000000000000000
0.0022173237826449,0.0203580763862960,0.0000000000000000
0.0007848279721905,0.0140286043500599,0.0000000000000000
0.0031188372476585,0.0253200494012338,0.0000000000000000
0.0044173624732055,0.0223083315743246,0.0000000000000000
0.0150904261872235,0.0157526156136349,0.0000000000000000
0.0089131614124345,0.0134709145683017,0.0000000000000000
0.0013795441916188,0.0246052669069989,0.0000000000000000
0.0142237811484302,0.0219659052745823,0.0000000000000000
0.0100132888899027,0.0240917371685553,0.0000000000000000
0.0046615166851929,0.0125565780102307,0.0000000000000000
0.0131600255238291,0.0222826737572441,0.0000000000000000
0.0130026878360982,0.0230086113944104,0.0000000000000000
0.0011062432955234,0.0154035227617024,0.0000000000000000
0.0115191008242052,0.0192219302469195,0.0000000000000000
0.0089615168187035,0.0146351979916063,0.0000000000000000
0.0043774582083844,0.0263768586106868,0.0000000000000000
0.0088876521478303,0.0252462155253552,0.0000000000000000
0.0104227965531266,0.0125320590948609,0.0000000000000000
0.0182194636056915,0.0197647120032766,0.0000000000000000
0.0023467506511280,0.0267950763700980,0.0000000000000000
0.0059753471893107,0.0067140226412473,0.0000000000000000
0.0083019067331544,0.0255793693466809,0.0000000000000000
0.0136343679550862,0.0205892205291296,0.0000000000000000
0.0114239730506585,0.0230667642971404,0.0000000000000000
0.0008843062557958,0.0226350058277994,0.0000000000000000
0.0040816584977596,0.0240964163575202,0.0000000000000000
0.0096861838638480,0.0229426254753379,0.0000000000000000
0.0022797448649275,0.0264306413194811,0.0000000000000000
0.0014719082016525,0.0164570799471953,0.0000000000000000
0.0112589914271753,0.0192854325419047,0.0000000000000000
0.0139496095401382,0.0228424305462709,0.0000000000000000
0.0145735202885367,0.0224526617710354,0.0000000000000000
0.0048462751520597,0.0252282046961041,0.0000000000000000
0.0093275996375605,0.0203435830098579,0.0000000000000000
0.0127088861289645,0.0216715774121704,0.0000000000000000
0.0060122451899979,0.0260712516298584,0.0000000000000000
0.0156636652888445,0.0190302552236629,0.0000000000000000
0.0137206185156455,0.0199191879508429,0.0000000000000000
0.0037476597919625,0.0230944015673139,0.0000000000000000
0.0071283688400963,0.0223567842935077,0.0000000000000000
0.0115064313089803,0.0212879767288244,0.0000000000000000
0.0073932389117753,0.0236700033451135,0.0000000000000000
0.0112346603293816,0.0215513871301953,0.0000000000000000
0.0033814365817278,0.0087845375444914,0.0000000000000000
0.0083662790852554,0.0254088526706118,0.0000000000000000
0.0130587061208454,0.0235190243888611,0.0000000000000000
0.0148327900153016,0.0189407568794465,0.0000000000000000
0.0130268182111762,0.0220558555031700,0.0000000000000000
0.0008618576803039,0.0088143300104959,0.0000000000000000
0.0073686302577668,0.0225463103790182,0.0000000000000000
0.0124813246541457,0.0234282722219640,0.0000000000000000
0.0010773643321888,0.0157262924233134,0.0000000000000000
0.0124831382273694,0.0214791849607899,0.0000000000000000
0.0137994699598476,0.0164815434044381,0.0000000000000000
0.0007749244172954,0.0264600557855172,0.0000000000000000
0.0111054130255658,0.0240018915358488,0.0000000000000000
0.0008040027837563,0.0096930702039624,0.0000000000000000
0.0007831847390441,0.0255486870019831,0.0000000000000000
0.0011014541793827,0.0138276734768751,0.0000000000000000
0.0037756774741354,0.0186789631832499,0.0000000000000000
0.0111625342956551,0.0195301261145111,0.0000000000000000
0.0082867031815057,0.0169166998899661,0.0000000000000000
0.0113315204064522,0.0242414218100134,0.0000000000000000
0.0068929047221443,0.0226997986627466,0.0000000000000000
0.0054452663933045,0.0253678699973964,0.0000000000000000
0.0067826796619501,0.0085855008610721,0.0000000000000000
0.0006954675044531,0.0200484100444520,0.0000000000000000
0.0136112866059267,0.0161767333714679,0.0000000000000000
0.0153268182548362,0.0189000998710343,0.0000000000000000
0.0122038347943213,0.0181042967757764,0.0000000000000000
0.0131719356913426,0.0231658646779753,0.0000000000000000
0.0036552477177115,0.0266401369649279,0.0000000000000000
0.0174601589578955,0.0181249593243784,0.0000000000000000
0.0142334449591600,0.0218312139465319,0.0000000000000000
0.0010512637799458,0.0174984556945470,0.0000000000000000
0.0049584790263211,0.0249674844706923,0.0000000000000000
0.0108036190971581,0.0181252993623081,0.0000000000000000
0.0009578004448583,0.0221816924025626,0.0000000000000000
0.0162865439068528,0.0182563364183862,0.0000000000000000
0.0151034767344296,0.0189254333124464,0.0000000000000000
0.0053641992955800,0.0250889724879242,0.0000000000000000
0.0151178898378103,0.0201946366791830,0.0000000000000000
0.0145001082170668,0.0206917410893252,0.0000000000000000
0.0016048495686446,0.0227703565033671,0.0000000000000000
0.0102446543329976,0.0247188602643179,0.0000000000000000
0.0116051349014394,0.0119968585449770,0.0000000000000000
0.0184729640113814,0.0188194746293138,0.0000000000000000
0.0027452433172789,0.0215957441553062,0.0000000000000000
0.0123168740733800,0.0217415675854385,0.0000000000000000
0.0059940184255687,0.0170229890516162,0.0000000000000000
0.0126625639696350,0.0158053893743321,0.0000000000000000
0.0056556938470639,0.0261562262883498,0.0000000000000000
0.0135138606190429,0.0204171538326871,0.0000000000000000
0.0109584189976900,0.0114557921676343,0.0000000000000000
0.0164075087032762,0.0193703651962838,0.0000000000000000
0.0110835892741796,0.0243583993454797,0.0000000000000000
0.0120697181972734,0.0204354769809902,0.0000000000000000
0.0014896235234547,0.0247280784947482,0.0000000000000000
0.0121390017751028,0.0217415419777170,0.0000000000000000
0.0040619328741058,0.0197954362171237,0.0000000000000000
0.0052118661091341,0.0228418857932073,0.0000000000000000
0.0098365878345471,0.0216828376626411,0.0000000000000000
0.0024889449153387,0.0266214542541664,0.0000000000000000
0.0163535612262067,0.0175008439369620,0.0000000000000000
0.0006363624083005,0.0256204843418108,0.0000000000000000
0.0165375053375942,0.0170878287141516,0.0000000000000000
0.0100578390863190,0.0239389837919432,0.0000000000000000
0.0029126870773723,0.0258127486778817,0.0000000000000000
0.0080223225498067,0.0166071993556472,0.0000000000000000
0.0102391475374849,0.0133146493401410,0.0000000000000000
0.0085837007735688,0.0255055811884553,0.0000000000000000
0.0116592125496932,0.0200509522343259,0.0000000000000000
0.0049718184579104,0.0209217384303347,0.0000000000000000
0.0029440481228983,0.0263504891834716,0.0000000000000000
0.0006339806298069,0.0241122191105892,0.0000000000000000
0.0167214028604106,0.0187260356685984,0.0000000000000000
0.0007904869571493,0.0251072813735681,0.0000000000000000
0.0112342860777834,0.0178276127580641,0.0000000000000000
0.0021636708693580,0.0263172073781187,0.0000000000000000
0.0120260803114144,0.0178992709634115,0.0000000000000000
0.0095403968088028,0.0228024970163485,0.0000000000000000
0.0166637004803729,0.0200331257771434,0.0000000000000000
0.0055622125319742,0.0179603901255751,0.0000000000000000
0.0124829312877784,0.0133468151100179,0.0000000000000000
0.0059748674342175,0.0118859286166883,0.0000000000000000
0.0164456783627548,0.0172710652292998,0.0000000000000000
0.0151901959648935,0.0155065377909493,0.0000000000000000
0.0143291089943709,0.0159182204940326,0.0000000000000000
0.0169028385151887,0.0206572479614404,0.0000000000000000
0.0126154635849902,0.0236162927661616,0.0000000000000000
0.0107483437453700,0.0225615993540777,0.0000000000000000
0.0072992126606236,0.0156496988100777,0.0000000000000000
0.0006101742280736,0.0268824004387614,0.0000000000000000
0.0008630580911672,0.0228730775182464,0.0000000000000000
0.0030033922517548,0.0266121062222073,0.0000000000000000
0.0113174427878424,0.0201516838969303,0.0000000000000000
0.0011021666739405,0.0134424396979586,0.0000000000000000
0.0053328213888624,0.0262405626046638,0.0000000000000000
0.0154319047575925,0.0218864575473565,0.0000000000000000
0.0020656397377373,0.0153216384117369,0.0000000000000000
0.0038760894306289,0.0265332968350526,0.0000000000000000
0.0159795607169213,0.0182603234254657,0.0000000000000000
0.0030032663662716,0.0215417530478657,0.0000000000000000
0.0104062952895180,0.0246714630452817,0.0000000000000000
0.0141687728529492,0.0154566660374738,0.0000000000000000
0.0132024104382861,0.0148462484504644,0.0000000000000000
0.0189392899179370,0.0190913490702456,0.0000000000000000
0.0127700298626323,0.0230789125224284,0.0000000000000000
0.0160072186874077,0.0162325322594871,0.0000000000000000
0.0054891231345422,0.0262007751915825,0.0000000000000000
0.0074037456689219,0.0233608799860450,0.0000000000000000
0.0108666427504237,0.0220165218354460,0.0000000000000000
0.0052008834700180,0.0251285403326550,0.0000000000000000
0.0040158104965302,0.0224690199468381,0.0000000000000000
0.0075695271488928,0.0153219219832694,0.0000000000000000
0.0029353162555123,0.0143464658954499,0.0000000000000000
0.0171874354234307,0.0177357895780084,0.0000000000000000
0.0042664911715779,0.0265717680132271,0.0000000000000000
0.0109109656493198,0.0206873268043293,0.0000000000000000
0.0109625202288619,0.0204565474435034,0.0000000000000000
0.0139987952288206,0.0219946461867979,0.0000000000000000
0.0110514731694812,0.0215620789488167,0.0000000000000000
0.0111085142439195,0.0242355881031646,0.0000000000000000
0.0009413557664381,0.0267650046469795,0.0000000000000000
0.0152159491468109,0.0203348752400356,0.0000000000000000
0.0141699126028153,0.0226599696103623,0.0000000000000000
0.0147061713353160,0.0187584037349420,0.0000000000000000
0.0087122665995116,0.0092008195763765,0.0000000000000000
0.0120118515875801,0.0239327269791184,0.0000000000000000
0.0068762043219518,0.0247972128014383,0.0000000000000000
0.0133181351181149,0.0233809942753106,0.0000000000000000
0.0116473712992101,0.0228802361433831,0.0000000000000000
0.0134481077299638,0.0219327992821899,0.0000000000000000
0.0070902451288364,0.0083489681156430,0.0000000000000000
0.0151795921113112,0.0199957211312573,0.0000000000000000
0.0175453086865150,0.0202274869968477,0.0000000000000000
0.0114781343682318,0.0241956717111470,0.0000000000000000
0.0020545036407070,0.0262214300929778,0.0000000000000000
0.0058701388045070,0.0262649309533723,0.0000000000000000
0.0008964920386130,0.0215347469114960,0.0000000000000000
0.0041357727694475,0.0239091223571950,0.0000000000000000
0.0030709901210869,0.0257616847001521,0.0000000000000000
0.0032454977732359,0.0248291777344752,0.0000000000000000
0.0116371119132301,0.0176750643661946,0.0000000000000000
0.0169389707515770,0.0174382065222673,0.0000000000000000
0.0182651495439032,0.0184170543261905,0.0000000000000000
0.0015319215424251,0.0267371155446765,0.0000000000000000
0.0009520116983491,0.0254889965432513,0.0000000000000000
0.0135824012582391,0.0215934426353791,0.0000000000000000
0.0132630290287999,0.0219797677124730,0.0000000000000000
0.0106741735894943,0.0220611350128513,0.0000000000000000
0.0111936076912431,0.0211444230404727,0.0000000000000000
0.0109579691247614,0.0217818181011344,0.0000000000000000
0.0025325537886186,0.0237155493353679,0.0000000000000000
0.0076065964206107,0.0256703898685985,0.0000000000000000
0.0158360914812032,0.0210919947761913,0.0000000000000000
0.0013257497728057,0.0092335540244422,0.0000000000000000
0.0007403106957831,0.0266003625278256,0.0000000000000000
0.0105916429377494,0.0222765849000813,0.0000000000000000
0.0086776192295602,0.0253178102259388,0.0000000000000000
0.0135081368059691,0.0217682205585633,0.0000000000000000
0.0143418803396558,0.0227765852458994,0.0000000000000000
0.0034181088139318,0.0247877327008340,0.0000000000000000
0.0068523998432447,0.0172956220912612,0.0000000000000000
0.0037568104840744,0.0193289835178152,0.0000000000000000
0.0139735189816171,0.0160211282900296,0.0000000000000000
0.0135476260075619,0.0199044189040711,0.0000000000000000
0.0112971592960205,0.0203376240431886,0.0000000000000000
0.0022037713970695,0.0268260500848551,0.0000000000000000
0.0152534844500847,0.0197908950938572,0.0000000000000000
0.0137709376961146,0.0215636136451104,0.0000000000000000
0.0156529438072050,0.0218686809607638,0.0000000000000000
0.0152015409170122,0.0220557465788262,0.0000000000000000
0.0007273901661468,0.0128118436317519,0.0000000000000000
0.0107498373570878,0.0194008931184334,0.0000000000000000
0.0164120690164323,0.0189342047459951,0.0000000000000000
0.0158892203257634,0.0215414117341996,0.0000000000000000
0.0009891538652002,0.0177917580309623,0.0000000000000000
0.0018491616008792,0.0248216514803367,0.0000000000000000
0.0081041262647928,0.0162409463879480,0.0000000000000000
0.0110559288097062,0.0209952056455574,0.0000000000000000
0.0048140210206090,0.0262635924985565,0.0000000000000000
0.0151492005231310,0.0205102610306549,0.0000000000000000
0.0038597586649304,0.0227782556972045,0.0000000000000000
0.0112280717688269,0.0180409156509884,0.0000000000000000
0.0042488959292443,0.0187094654056266,0.0000000000000000
0.0133138482686002,0.0183471745544329,0.0000000000000000
0.0135804123929345,0.0202358077601784,0.0000000000000000
0.0070631477390010,0.0101898363091619,0.0000000000000000
0.0091383066170703,0.0253090438040605,0.0000000000000000
0.0143553788140511,0.0216146068010992,0.0000000000000000
0.0006514525979222,0.0203073253482702,0.0000000000000000
0.0159206755333142,0.0181141586618062,0.0000000000000000
0.0129469208162871,0.0144582554724099,0.0000000000000000
0.0014213086379143,0.0180585050701293,0.0000000000000000
0.0052864063625211,0.0226171289428645,0.0000000000000000
0.0119258605622031,0.0202550474485275,0.0000000000000000
0.0056035725089536,0.0253438525607787,0.0000000000000000
0.0011029416848591,0.0254416323602571,0.0000000000000000
0.0079086193784915,0.0235914631300219,0.0000000000000000
0.0135040885680706,0.0178188584463240,0.0000000000000000
0.0145650325350894,0.0205135612743715,0.0000000000000000
0.0177581308447975,0.0200551138276644,0.0000000000000000
0.0028501243598511,0.0262943293443445,0.0000000000000000
0.0059568384148746,0.0073583651974431,0.0000000000000000
0.0185305903907439,0.0193349678134876,0.0000000000000000
0.0099136207800748,0.0214882560290404,0.0000000000000000
0.0133715365627624,0.0198984063622989,0.0000000000000000
0.0007785209403748,0.0242095482792863,0.0000000000000000
0.0091335913738536,0.0201271408647598,0.0000000000000000
0.0106262393575899,0.0162675053297112,0.0000000000000000
0.0031180938079022,0.0255898737033067,0.0000000000000000
0.0156271351897275,0.0180999256581833,0.0000000000000000
0.0166279244162631,0.0210046906408369,0.0000000000000000
0.0173318367577560,0.0179858123466411,0.0000000000000000
0.0134142562280174,0.0180745774646781,0.0000000000000000
0.0040888184906523,0.0264637506097397,0.0000000000000000
0.0081883003712050,0.0148559768579864,0.0000000000000000
0.0078491707462649,0.0159493090297924,0.0000000000000000
0.0011652545971032,0.0124108061349723,0.0000000000000000
0.0090116594077556,0.0229224654291778,0.0000000000000000
0.0016325366653015,0.0225599740573316,0.0000000000000000
0.0161678692338112,0.0213288610005009,0.0000000000000000
0.0075174216502238,0.0091453235627954,0.0000000000000000
0.0088233897362312,0.0226979838577823,0.0000000000000000
0.0078387479651048,0.0246857131921439,0.0000000000000000
0.0007523532917428,0.0258442180400620,0.0000000000000000
0.0008436696017511,0.0230852055569867,0.0000000000000000
0.0041464831124545,0.0132720666266026,0.0000000000000000
0.0031479279610808,0.0211360966072400,0.0000000000000000
0.0047335660485330,0.0206979634672188,0.0000000000000000
0.0022804250149157,0.0186997579363023,0.0000000000000000
0.0134651529661305,0.0200634556643877,0.0000000000000000
0.0132516875983841,0.0185985758276823,0.0000000000000000
0.0162476845331286,0.0189821229268738,0.0000000000000000
0.0106926838136301,0.0179318682489315,0.0000000000000000
0.0183713255131527,0.0187023713617542,0.0000000000000000
0.0013271083851004,0.0253713825697828,0.0000000000000000
0.0085382320778454,0.0192097821261002,0.0000000000000000
0.0066738069269727,0.0206344522630664,0.0000000000000000
0.0137112680736315,0.0230088304502747,0.0000000000000000
0.0086177447534116,0.0236114799029058,0.0000000000000000
0.0016329392347742,0.0090767416512295,0.0000000000000000
0.0068726316039709,0.0238653507509024,0.0000000000000000
0.0150868993533601,0.0206610624295187,0.0000000000000000
0.0051929677311213,0.0262805617216153,0.0000000000000000
0.0076961258564643,0.0236406663771845,0.0000000000000000
0.0126859986791406,0.0232270160072802,0.0000000000000000
0.0149443597156806,0.0206810195171049,0.0000000000000000
0.0083510786900844,0.0234620072815134,0.0000000000000000
0.0088338171078871,0.0251357658856626,0.0000000000000000
0.0052379785911168,0.0080936540813713,0.0000000000000000
0.0105490086693393,0.0246250637724730,0.0000000000000000
0.0058620261753218,0.0114391464332933,0.0000000000000000
0.0010591789300109,0.0168311178444519,0.0000000000000000
0.0123364085287124,0.0188853720342163,0.0000000000000000
0.0168537703384390,0.0208409380990803,0.0000000000000000
0.0121886916188736,0.0129645934170291,0.0000000000000000
0.0081348432310111,0.0194416690090736,0.0000000000000000
0.0162201635375093,0.0193805802073125,0.0000000000000000
0.0111049938406676,0.0237784199320305,0.0000000000000000
0.0161779835571754,0.0215169021473111,0.0000000000000000
0.0156855081318567,0.0211133054957756,0.0000000000000000
0.0064337343802757,0.0213325691828914,0.0000000000000000
